article_id,journal,final_publication_year,source_folder_year,title,doi,source_integrity_status,md_available,word_count,heading_count,has_abstract_heading,has_introduction_heading,has_literature_heading,has_data_sample_heading,has_institution_background_heading,has_method_identification_heading,has_model_framework_heading,has_result_heading,has_robustness_extension_heading,has_mechanism_channel_heading,has_conclusion_heading,has_appendix_support_heading,has_references_heading
767c2af042d365ee,JF,2020,2020,A Macrofinance View of U.S. Sovereign CDS Premiums,10.1111/jofi.12948,original_package_used,True,14181,37,True,False,False,True,False,False,True,True,False,True,True,True,True
684db38accf227b1,JF,2020,2020,A Tale of Two Premiums: The Role of Hedgers and Speculators in Commodity Futures Markets,10.1111/jofi.12845,original_package_used,True,13193,37,True,False,False,True,False,False,False,True,True,False,True,True,True
855ebfd4c5013f2a,JF,2020,2020,Access to Collateral and the Democratization of Credit: France’s Reform of the Napoleonic Security Code,10.1111/jofi.12846,original_package_used,True,16109,44,True,False,False,True,True,True,False,True,True,False,True,True,True
95117a45bc2f73c2,JF,2020,2020,"Bad Credit, No Problem? Credit and Labor Market Consequences of Bad Credit Reports",10.1111/jofi.12954,original_package_used,True,16536,26,True,False,True,True,True,True,False,True,False,False,True,True,True
af844e510a6e6cd4,JF,2020,2020,"Bank Quality, Judicial Efficiency, and Loan Repayment Delays in Italy",10.1111/jofi.12896,original_package_used,True,13339,32,True,False,True,True,False,False,False,True,True,False,True,True,True
610b8d50627d9b62,JF,2020,2020,Beyond Random Assignment: Credible Inference and Extrapolation in Dynamic Economies,10.1111/jofi.12862,original_package_used,True,14061,29,True,False,False,True,False,False,True,True,True,False,True,True,True
627db231a2ac4683,JF,2020,2020,Can Unemployment Insurance Spur Entrepreneurial Activity? Evidence from France,10.1111/jofi.12880,original_package_used,True,14383,40,True,False,True,True,True,True,True,True,True,False,True,True,False
dd18a7a749a0acb7,JF,2020,2020,Cash Flow News and Stock Price Dynamics,10.1111/jofi.12901,original_package_used,True,16093,35,True,False,False,True,False,True,True,True,True,True,True,True,True
fb200eb56080e6d1,JF,2020,2020,Consumption Fluctuations and Expected Returns,10.1111/jofi.12870,original_package_used,True,13089,35,True,False,False,True,False,True,True,True,True,False,True,True,True
7a71b978e4d88e61,JF,2020,2020,Corporate Control around the World,10.1111/jofi.12889,original_package_used,True,14824,47,True,False,False,True,True,True,False,True,True,True,True,True,True
9768a0976e5d4c01,JF,2020,2020,Credit Rating Inflation and Firms’ Investments,10.1111/jofi.12961,original_package_used,True,16448,23,True,False,False,False,False,False,True,True,False,False,True,True,True
f67240e23bbfe2af,JF,2020,2020,Debt Contracting on Management,10.1111/jofi.12893,original_package_used,True,13026,40,True,False,False,True,False,True,False,True,True,False,True,True,True
79dd1f99524c660d,JF,2020,2020,Declining Labor and Capital Shares,10.1111/jofi.12909,original_package_used,True,16755,46,True,False,True,True,False,False,True,True,True,False,True,True,True
e1f42815c3e8091c,JF,2020,2020,Do CEOs Matter? Evidence from Hospitalization Events,10.1111/jofi.12897,original_package_used,True,11683,29,True,False,False,True,False,False,False,True,True,True,True,False,True
c174737dd611bcc6,JF,2020,2020,Does Borrowing from Banks Cost More than Borrowing from the Market?,10.1111/jofi.12849,original_package_used,True,15028,33,True,False,False,True,False,False,True,True,True,False,True,True,True
2632d1bc7705962e,JF,2020,2020,Drilling and Debt,10.1111/jofi.12884,original_package_used,True,12887,28,True,False,False,True,True,False,False,True,True,True,True,True,True
06440896d9c4e130,JF,2020,2020,"Every Cloud Has a Silver Lining: Fast Trading, Microwave Connectivity, and Trading Costs",10.1111/jofi.12969,original_package_used,True,10242,25,True,False,False,True,True,False,False,True,True,False,True,True,True
4b71ad1799bc58f9,JF,2020,2020,False (and Missed) Discoveries in Financial Economics,10.1111/jofi.12951,original_package_used,True,18842,30,True,False,False,True,False,True,False,True,False,False,True,True,True
a1a73d5662b66489,JF,2020,2020,Glued to the TV: Distracted Noise Traders and Stock Market Liquidity,10.1111/jofi.12863,original_package_used,True,16209,39,True,False,True,True,True,True,False,True,True,True,True,True,True
0f474f612672bb16,JF,2020,2020,High-Frequency Trading and Market Performance,10.1111/jofi.12882,original_package_used,True,12666,25,True,False,True,False,False,False,True,True,True,True,True,True,True
7549b9488b5d9056,JF,2020,2020,Houses as ATMs: Mortgage Refinancing and Macroeconomic Uncertainty,10.1111/jofi.12842,original_package_used,True,19305,43,True,False,False,True,True,True,True,True,False,False,True,True,True
3142296e01fc3e76,JF,2020,2020,How Does Credit Supply Expansion Affect the Real Economy? The Productive Capacity and Household Demand Channels,10.1111/jofi.12869,original_package_used,True,14079,33,True,False,True,True,True,False,True,True,True,True,True,True,True
fe833c95a72f6f63,JF,2020,2020,How Skilled Are Security Analysts?,10.1111/jofi.12890,original_package_used,True,15513,32,True,False,False,True,False,False,True,False,False,True,True,True,True
da6a8a09dc28c240,JF,2020,2020,Informational Frictions and the Credit Crunch,10.1111/jofi.12900,original_package_used,True,13366,32,True,False,False,True,False,True,True,True,True,False,True,True,True
aadbb6e0a5666665,JF,2020,2020,Informed Trading and Intertemporal Substitution,10.1111/jofi.12857,original_package_used,True,6217,16,True,False,False,False,False,False,True,False,False,False,True,True,True
9fea3222f8a64efa,JF,2020,2020,Insider Investment Horizon,10.1111/jofi.12878,original_package_used,True,16506,45,True,False,False,True,False,True,False,True,True,False,True,True,True
62c02d60f92440d6,JF,2020,2020,Is Bitcoin Really Untethered?,10.1111/jofi.12903,original_package_used,True,15448,33,True,False,False,True,False,False,False,True,False,False,True,True,True
373c1293c280b9e4,JF,2020,2020,Lazy Prices,10.1111/jofi.12885,original_package_used,True,12977,26,True,False,True,True,True,False,False,True,True,True,True,True,True
6c425b9b90de354d,JF,2020,2020,Learning from Coworkers: Peer Effects on Individual Investment Decisions,10.1111/jofi.12830,original_package_used,True,14667,22,True,False,False,True,True,False,False,True,False,True,True,True,True
9d315a17e2f4952b,JF,2020,2020,Local Crowding-Out in China,10.1111/jofi.12966,original_package_used,True,15256,26,True,False,False,True,False,False,True,False,True,False,True,True,True
b4099f4146cf6a5f,JF,2020,2020,Low-Risk Anomalies?,10.1111/jofi.12910,original_package_used,True,15419,25,True,False,False,True,False,False,True,True,True,False,True,True,True
2ed5c65d91eb2b8b,JF,2020,2020,Market Structure and Transaction Costs of Index CDSs,10.1111/jofi.12953,original_package_used,True,13640,34,True,False,False,True,True,True,True,True,False,False,True,True,True
1037534aefeb150b,JF,2020,2020,Measuring Innovation and Product Differentiation: Evidence from Mutual Funds,10.1111/jofi.12853,original_package_used,True,14834,34,True,False,False,True,True,False,True,True,True,False,True,True,True
f0006a4723c6c051,JF,2020,2020,Measuring Mutual Fund Flow Pressure as Shock to Stock Returns,10.1111/jofi.12962,original_package_used,True,8627,18,True,False,False,False,False,False,True,True,True,False,True,True,True
e3b5481ac5b7dee3,JF,2020,2020,Monetary Policy and Global Banking,10.1111/jofi.12959,original_package_used,True,13488,19,True,False,False,True,True,False,True,True,False,False,True,True,True
113cb161324b1cee,JF,2020,2020,Necessary and Sufficient Conditions for Existence and Uniqueness of Recursive Utilities,10.1111/jofi.12877,original_package_used,True,12150,32,True,False,False,False,False,True,True,True,True,False,True,True,True
5a90297b82d325ee,JF,2020,2020,"No Job, No Money, No Refi: Frictions to Refinancing in a Recession",10.1111/jofi.12952,original_package_used,True,18479,41,True,False,True,True,True,True,False,True,False,True,True,True,True
772f7b85e3e5c05f,JF,2020,2020,On Comparing Asset Pricing Models,10.1111/jofi.12854,original_package_used,True,6677,22,True,False,False,False,False,True,True,False,False,False,True,True,True
21c127a52fbe0da8,JF,2020,2020,Option Profit and Loss Attribution and Pricing: A New Framework,10.1111/jofi.12894,original_package_used,True,17311,38,True,False,False,True,False,False,True,True,False,False,True,True,True
d903c29bb799e2e6,JF,2020,2020,"Pledgeability, Industry Liquidity, and Financing Cycles",10.1111/jofi.12831,original_package_used,True,17201,49,True,False,True,False,True,False,True,True,True,False,True,True,True
0deaed8efabc91e6,JF,2020,2020,Political Connections and the Informativeness of Insider Trades,10.1111/jofi.12899,original_package_used,True,12874,29,True,False,True,True,False,False,False,True,False,False,True,True,True
f4ebf40604ae04a5,JF,2020,2020,Price and Probability: Decomposing the Takeover Effects of Anti-Takeover Provisions,10.1111/jofi.12908,original_package_used,True,12599,25,True,False,False,True,True,True,True,True,False,False,True,True,True
95e0734400db18a5,JF,2020,2020,Relationship Trading in Over-the-Counter Markets,10.1111/jofi.12864,original_package_used,True,18524,29,True,False,False,True,False,True,True,True,True,False,True,True,True
63e5fafacd85c956,JF,2020,2020,Robust Inference for Consumption-Based Asset Pricing,10.1111/jofi.12855,original_package_used,True,15706,32,True,False,False,False,False,True,True,True,True,False,True,True,True
5e5cb867454ce2bc,JF,2020,2020,Safety Transformation and the Structure of the Financial System,10.1111/jofi.12967,original_package_used,True,13837,41,True,False,False,False,False,False,True,True,True,False,True,True,True
c5990dcbb0c2d2a7,JF,2020,2020,"Securitization, Ratings, and Credit Supply",10.1111/jofi.12866,original_package_used,True,15684,43,True,False,True,False,False,False,True,True,False,False,True,True,True
9a0dc52041cfd8db,JF,2020,2020,Shorting in Speculative Markets,10.1111/jofi.12871,original_package_used,True,14700,28,True,False,False,False,False,False,True,True,False,True,True,True,True
ce8955b04a686b38,JF,2020,2020,"Sovereign Debt Portfolios, Bond Risks, and the Credibility of Monetary Policy",10.1111/jofi.12965,original_package_used,True,14286,41,True,False,False,False,False,False,True,True,False,False,True,True,True
142862690bf659e4,JF,2020,2020,Star Ratings and the Incentives of Mutual Funds,10.1111/jofi.12888,original_package_used,True,15212,34,True,False,False,False,False,False,True,True,False,False,True,True,True
20e00273cc5c6b09,JF,2020,2020,Stimulating Housing Markets,10.1111/jofi.12847,original_package_used,True,14804,32,True,False,False,True,True,True,False,True,True,False,True,True,True
e5a201a4c527cfbf,JF,2020,2020,Stock Market Returns and Consumption,10.1111/jofi.12968,original_package_used,True,13613,32,True,False,False,True,False,True,False,True,True,True,True,True,True
8d20a122bceaaa52,JF,2020,2020,Taming the Factor Zoo: A Test of New Factors,10.1111/jofi.12883,original_package_used,True,15111,26,True,False,False,True,True,True,True,True,True,False,True,True,True
2a6f4581e510235a,JF,2020,2020,Tax-Efficient Asset Management: Evidence from Equity Mutual Funds,10.1111/jofi.12843,original_package_used,True,12187,33,True,False,False,True,False,True,True,True,False,False,True,True,True
292831de0565d901,JF,2020,2020,The Banking View of Bond Risk Premia,10.1111/jofi.12949,original_package_used,True,14047,33,True,False,False,True,False,True,True,True,True,False,True,True,True
203a158fe3753f34,JF,2020,2020,The Causal Effect of Limits to Arbitrage on Asset Pricing Anomalies,10.1111/jofi.12947,original_package_used,True,15092,36,True,False,False,True,True,False,False,True,True,False,True,True,True
5d0e72daaf9e00b7,JF,2020,2020,The Employment Effects of Faster Payment: Evidence from the Federal Quickpay Reform,10.1111/jofi.12955,original_package_used,True,12620,29,True,False,False,True,False,True,True,True,False,False,True,True,True
39d404d89a81a021,JF,2020,2020,The Forced Safety Effect: How Higher Capital Requirements Can Increase Bank Lending,10.1111/jofi.12958,original_package_used,True,13786,27,True,False,True,False,True,False,True,True,True,True,True,True,True
180471119f3f7777,JF,2020,2020,The Impact of Salience on Investor Behavior: Evidence from a Natural Experiment,10.1111/jofi.12851,original_package_used,True,11447,23,True,False,False,True,False,True,False,True,True,True,True,True,True
d41e85d50dd4ba29,JF,2020,2020,The Impact of Supervision on Bank Performance,10.1111/jofi.12964,original_package_used,True,15695,29,True,False,False,False,False,True,False,True,True,True,True,True,True
60e36b2890004116,JF,2020,2020,The Insurance Is the Lemon: Failing to Index Contracts,10.1111/jofi.12856,original_package_used,True,17194,23,True,False,False,False,False,False,True,True,True,False,True,True,True
9d5c4c37cc3c389e,JF,2020,2020,The Market for Conflicted Advice,10.1111/jofi.12848,original_package_used,True,14268,27,True,False,True,False,True,False,True,False,True,True,True,True,True
706f65ef54380113,JF,2020,2020,The Mismatch Between Mutual Fund Scale and Skill,10.1111/jofi.12950,original_package_used,True,10808,41,True,False,False,True,False,True,True,True,True,False,True,True,True
64e5d9a5c97f1ccd,JF,2020,2020,The Value of Central Clearing,10.1111/jofi.12902,original_package_used,True,11719,30,True,False,False,True,True,True,True,True,False,True,True,True,True
7deba7eb9a56cfea,JF,2020,2020,Trading Against the Random Expiration of Private Information: A Natural Experiment,10.1111/jofi.12844,original_package_used,True,11981,22,True,False,False,True,True,False,True,True,False,False,True,True,True
ccff3814bd67854c,JF,2020,2020,Understanding Systematic Risk: A High-Frequency Approach,10.1111/jofi.12898,original_package_used,True,12775,25,True,False,False,True,False,True,True,True,False,False,True,True,True
a6b878b5db418d6f,JF,2020,2020,Venturing beyond the IPO: Financing of Newly Public Firms by Venture Capitalists,10.1111/jofi.12879,original_package_used,True,13855,21,True,False,False,True,False,False,False,False,False,False,True,True,True
f44d602516fe4780,JF,2020,2020,What Drives Anomaly Returns?,10.1111/jofi.12876,original_package_used,True,13877,32,True,False,False,True,False,True,True,True,True,False,True,True,True
e611630201fc26f2,JF,2020,2020,What Is a Patent Worth? Evidence from the U.S. Patent “Lottery”,10.1111/jofi.12867,original_package_used,True,13158,36,True,False,False,True,True,True,False,True,False,False,True,True,True
cdefe98dc5da93d1,JF,2020,2020,What Matters to Individual Investors? Evidence from the Horse’s Mouth,10.1111/jofi.12895,original_package_used,True,14832,23,True,False,False,True,True,False,False,True,False,False,True,True,True
09a8c687fb88f0ef,JF,2020,2020,Why Don’t We Agree? Evidence from a Social Network of Investors,10.1111/jofi.12852,original_package_used,True,17390,45,True,False,False,True,False,True,True,True,True,False,True,True,True
744272198e442410,JF,2020,2020,Words Speak Louder without Actions,10.1111/jofi.12834,original_package_used,True,13647,22,True,False,False,False,False,False,True,True,True,False,True,True,True
bc696a6281488af2,JF,2021,2021,A Dynamic Model of Optimal Creditor Dispersion,10.1111/jofi.12974,original_package_used,True,16073,27,True,False,False,False,False,False,True,False,False,False,True,True,True
67ccc82de5042997,JF,2021,2021,A Theory of Zombie Lending,10.1111/jofi.13022,original_package_used,True,17206,33,True,False,True,False,False,False,True,False,True,False,True,True,True
7d02bfd9f58d45ea,JF,2021,2021,A Unified Model of Firm Dynamics with Limited Commitment and Assortative Matching,10.1111/jofi.12980,original_package_used,True,13778,35,True,False,False,True,False,False,True,True,False,False,True,True,True
2fe2ba74f8ff4bff,JF,2021,2021,Anonymous Trading in Equities,10.1111/jofi.12988,original_package_used,True,16361,34,True,False,False,True,True,True,True,True,True,True,True,True,True
4e3ccfc0569110b4,JF,2021,2021,Are CEOs Different?,10.1111/jofi.13019,original_package_used,True,10310,28,True,False,False,True,False,False,False,True,False,False,True,True,True
ff36c27609d6aff7,JF,2021,2021,Asset Managers: Institutional Performance and Factor Exposures,10.1111/jofi.13026,original_package_used,True,13265,30,True,False,False,True,True,False,False,True,False,False,True,True,True
2377cee39ab222a4,JF,2021,2021,Asset Pricing and Sports Betting,10.1111/jofi.13082,original_package_used,True,20879,46,True,False,False,True,False,False,True,True,True,False,True,True,True
73a16d2e5651b9d7,JF,2021,2021,Banking on Deposits: Maturity Transformation without Interest Rate Risk,10.1111/jofi.13013,original_package_used,True,18568,41,True,False,True,True,False,True,True,True,True,False,True,True,True
d56b44c4a1351c16,JF,2021,2021,Can the Market Multiply and Divide? Non-Proportional Thinking in Financial Markets,10.1111/jofi.13059,original_package_used,True,15421,43,True,False,False,True,True,False,True,True,True,True,True,True,True
d46496e08c3a37cf,JF,2021,2021,Currency Mispricing and Dealer Balance Sheets,10.1111/jofi.13079,original_package_used,True,15603,35,True,False,False,True,True,True,True,True,True,False,True,True,True
f6733782f94452a0,JF,2021,2021,Do Household Wealth Shocks Affect Productivity? Evidence from Innovative Workers During the Great Recession,10.1111/jofi.12976,original_package_used,True,19779,40,True,False,False,True,False,True,False,True,True,True,True,True,True
236dd28250f0e9a8,JF,2021,2021,Do Intermediaries Matter for Aggregate Asset Prices?,10.1111/jofi.13086,original_package_used,True,15694,41,True,False,True,True,False,True,True,True,True,False,True,True,True
f2003f88b41c9402,JF,2021,2021,Do Physiological and Spiritual Factors Affect Economic Decisions?,10.1111/jofi.13032,original_package_used,True,14278,26,True,False,False,True,True,False,False,True,True,True,True,True,True
2703e71f08dcdcb7,JF,2021,2021,Don’t Take Their Word for It: The Misclassification of Bond Mutual Funds,10.1111/jofi.13023,original_package_used,True,10572,26,True,False,False,True,False,False,False,True,False,False,True,True,True
43b34cba8a86e000,JF,2021,2021,Economic Stimulus at the Expense of Routine-Task Jobs,10.1111/jofi.13080,original_package_used,True,16936,46,True,False,False,True,True,True,True,True,True,False,True,True,True
4a2fb3e00bb89945,JF,2021,2021,Equilibrium Asset Pricing with Leverage and Default,10.1111/jofi.12987,original_package_used,True,13311,46,True,False,False,True,False,False,True,True,False,False,True,True,True
a4577008a477036d,JF,2021,2021,Financial Fragility with SAM?,10.1111/jofi.12992,original_package_used,True,17822,69,True,False,False,False,False,False,True,True,True,False,True,True,True
54cc7761301f96dc,JF,2021,2021,Fire-Sale Spillovers and Systemic Risk,10.1111/jofi.13010,original_package_used,True,15525,31,True,False,False,True,False,True,True,True,True,False,True,True,True
50db52d7babbd603,JF,2021,2021,Fire-Sale Spillovers in Debt Markets,10.1111/jofi.13078,original_package_used,True,14965,25,True,False,False,True,False,True,False,True,True,True,True,True,True
362deeb0af689333,JF,2021,2021,"For Richer, for Poorer: Bankers’ Liability and Bank Risk in New England, 1867 to 1880",10.1111/jofi.13011,original_package_used,True,21809,46,True,False,False,True,True,False,True,True,True,False,True,True,True
654cb1c9f1539200,JF,2021,2021,Foreign Safe Asset Demand and the Dollar Exchange Rate,10.1111/jofi.13003,original_package_used,True,14384,33,True,False,True,True,False,True,True,False,False,False,True,True,True
7d5bdc25b36eec17,JF,2021,2021,How Debit Cards Enable the Poor to Save More,10.1111/jofi.13021,original_package_used,True,16384,39,True,False,False,True,True,True,False,True,False,True,True,True,True
c311f1bf89df827e,JF,2021,2021,"Inalienable Customer Capital, Corporate Liquidity, and Stock Returns",10.1111/jofi.12960,original_package_used,True,20118,66,True,False,True,True,False,False,True,True,True,True,True,True,True
e124dcc2c91af556,JF,2021,2021,"Inequality Aversion, Populism, and the Backlash against Globalization",10.1111/jofi.13081,original_package_used,True,17160,37,True,False,False,True,False,False,True,True,True,False,True,True,True
2a221a4b992160b3,JF,2021,2021,"Information Asymmetry, Mispricing, and Security Issuance",10.1111/jofi.13066,original_package_used,True,12288,34,True,False,False,True,False,False,False,True,True,True,True,True,True
248aa7f0de8f96b6,JF,2021,2021,Information Consumption and Asset Pricing,10.1111/jofi.12975,original_package_used,True,9660,24,True,False,False,True,True,False,False,True,True,True,True,True,True
91cad5b2f876dfd3,JF,2021,2021,Information Inertia,10.1111/jofi.12979,original_package_used,True,13210,30,True,False,False,False,False,False,True,True,True,False,True,True,True
dab89c12a6696a1d,JF,2021,2021,Intermediation Variety,10.1111/jofi.13084,original_package_used,True,17178,42,True,False,False,False,False,False,True,True,True,False,True,True,True
607345eb9773bde2,JF,2021,2021,"Inventory Management, Dealers’ Connections, and Prices in Over-the-Counter Markets",10.1111/jofi.13034,original_package_used,True,16454,52,True,False,True,True,False,False,True,True,False,True,True,True,True
107dc78504a6342f,JF,2021,2021,Learning From Disagreement in the U.S. Treasury Bond Market,10.1111/jofi.12971,original_package_used,True,13136,28,True,False,False,True,False,False,True,False,True,True,True,True,True
56333e0163e7a0f7,JF,2021,2021,Leverage Dynamics without Commitment,10.1111/jofi.13001,original_package_used,True,18117,40,True,False,False,False,False,False,True,False,False,False,True,True,True
e3bcbe8823f8d73f,JF,2021,2021,Leverage Regulation and Market Structure: A Structural Model of the U.K. Mortgage Market,10.1111/jofi.13072,original_package_used,True,20905,39,True,False,False,True,True,True,True,True,True,False,True,True,True
c7a5cee7ad890c7d,JF,2021,2021,Leveraged Funds and the Shadow Cost of Leverage Constraints,10.1111/jofi.13012,original_package_used,True,15260,34,True,False,False,True,True,False,True,True,False,False,True,True,True
c22eba2ca8e4b4f7,JF,2021,2021,Limited Risk Sharing and International Equity Returns,10.1111/jofi.12994,original_package_used,True,11877,40,True,False,False,True,False,True,True,True,False,True,True,True,True
a3f900bd585489b6,JF,2021,2021,Liquidity Supply in the Corporate Bond Market,10.1111/jofi.12991,original_package_used,True,13899,36,True,False,False,True,True,True,True,True,True,False,True,True,True
421ecf8c3b76c992,JF,2021,2021,Model-Free International Stochastic Discount Factors,10.1111/jofi.12970,original_package_used,True,13460,34,True,False,False,True,True,False,True,True,True,False,True,True,True
38af377a6066e6e3,JF,2021,2021,Monetary Policy and Reaching for Income,10.1111/jofi.13004,original_package_used,True,16979,33,True,False,False,True,False,True,True,True,True,False,True,True,True
dc7e4e73eb87e184,JF,2021,2021,Mortgage Design in an Equilibrium Model of the Housing Market,10.1111/jofi.12963,original_package_used,True,20993,40,True,False,True,True,False,True,True,True,True,False,True,True,True
a2fdb5e1080fffcf,JF,2021,2021,"Mutual Fund Holdings of Credit Default Swaps: Liquidity, Yield, and Risk",10.1111/jofi.12996,original_package_used,True,14456,20,True,False,False,True,True,False,False,True,False,False,True,True,True
d3e72d7505f51b57,JF,2021,2021,Negative Home Equity and Household Labor Supply,10.1111/jofi.13070,original_package_used,True,12011,15,True,False,False,True,False,True,False,True,False,True,True,True,True
19e6e933020acfa4,JF,2021,2021,Out-of-Town Home Buyers and City Welfare,10.1111/jofi.13057,original_package_used,True,20637,68,True,False,False,True,False,False,True,True,True,True,True,True,True
4479626deb9225cd,JF,2021,2021,Partisan Professionals: Evidence from Credit Rating Analysts,10.1111/jofi.13083,original_package_used,True,18637,44,True,False,True,True,True,True,False,True,True,True,True,True,True
e0a660b3e717b0e8,JF,2021,2021,Property Rights to Client Relationships and Financial Advisor Incentives,10.1111/jofi.13058,original_package_used,True,12833,30,True,False,False,True,False,True,False,False,True,False,True,True,True
4d713a10ac97584c,JF,2021,2021,Prospect Theory and Stock Market Anomalies,10.1111/jofi.13061,original_package_used,True,18355,28,True,False,False,False,False,False,True,True,True,False,True,True,True
884af609fb3798b0,JF,2021,2021,"Public Thrift, Private Perks: Signaling Board Independence with Executive Pay",10.1111/jofi.12989,original_package_used,True,20386,30,True,False,False,False,False,False,True,True,False,False,True,True,True
1558598adfbeb282,JF,2021,2021,Real Estate Shocks and Financial Advisor Misconduct,10.1111/jofi.13067,original_package_used,True,13872,36,True,False,False,True,False,True,False,True,True,True,True,True,True
34b30fefe3e26c57,JF,2021,2021,Reinvestment Risk and the Equity Term Structure,10.1111/jofi.13035,original_package_used,True,14209,32,True,False,False,True,True,True,True,True,False,True,True,True,True
9150a80ba2d09b77,JF,2021,2021,Rent Extraction with Securities Plus Cash,10.1111/jofi.13018,original_package_used,True,16352,14,True,False,True,False,False,False,True,True,False,True,True,True,True
702fa18573bea1fb,JF,2021,2021,Sentiment Trading and Hedge Fund Returns,10.1111/jofi.13025,original_package_used,True,11770,33,True,False,False,True,False,False,False,True,True,True,True,True,True
88fc62d2538bf30d,JF,2021,2021,Structuring Mortgages for Macroeconomic Stability,10.1111/jofi.13056,original_package_used,True,19876,54,True,False,False,True,False,False,True,False,True,False,True,True,True
f091efd006e6ccaf,JF,2021,2021,Subjective Cash Flow and Discount Rate Expectations,10.1111/jofi.13016,original_package_used,True,18395,37,True,False,False,True,False,True,True,True,False,False,True,True,True
6445646db6d9d538,JF,2021,2021,Talent in Distressed Firms: Investigating the Labor Costs of Financial Distress,10.1111/jofi.13077,original_package_used,True,14157,27,True,False,False,True,False,False,False,True,True,False,True,True,True
ae8091c16a9a4295,JF,2021,2021,The Capitalization of Consumer Financing into Durable Goods Prices,10.1111/jofi.12977,original_package_used,True,15575,24,True,False,True,True,False,True,False,True,False,True,True,True,True
2663f1d23beebaa3,JF,2021,2021,The Cross Section of MBS Returns,10.1111/jofi.13055,original_package_used,True,16919,35,True,False,False,True,False,True,True,True,True,False,True,True,True
445e0948d15d8a2c,JF,2021,2021,The Economics of Hedge Fund Startups: Theory and Empirical Evidence,10.1111/jofi.13009,original_package_used,True,15121,29,True,False,False,True,False,False,True,True,True,True,True,True,True
e690b8aa2e12455f,JF,2021,2021,The Impact of Repossession Risk on Mortgage Default,10.1111/jofi.12990,original_package_used,True,9558,24,True,False,False,True,False,True,True,True,True,True,True,True,True
1b2838a65677ece4,JF,2021,2021,The Limits of Limited Liability: Evidence from Industrial Pollution,10.1111/jofi.12978,original_package_used,True,15426,36,True,False,False,True,True,True,False,True,True,True,True,True,True
a65a2189729fa36d,JF,2021,2021,The Limits of p-Hacking: Some Thought Experiments,10.1111/jofi.13036,original_package_used,True,11086,27,True,False,False,True,False,False,True,True,True,False,True,True,True
a0807933acdcf8cd,JF,2021,2021,The Misallocation of Finance,10.1111/jofi.13031,original_package_used,True,15547,32,True,False,False,True,False,True,True,True,True,False,True,True,True
4d7c6480d8986e98,JF,2021,2021,The Misguided Beliefs of Financial Advisors,10.1111/jofi.12995,original_package_used,True,11747,32,True,False,False,True,False,False,False,True,True,False,True,True,True
534b0f95c7a756d1,JF,2021,2021,"The Perception of Dependence, Investment Decisions, and Stock Prices",10.1111/jofi.12993,original_package_used,True,15454,25,True,False,False,False,False,False,True,True,True,False,True,True,True
f5879e668ce54aae,JF,2021,2021,The Private Production of Safe Assets,10.1111/jofi.12997,original_package_used,True,13195,39,True,False,False,True,False,True,True,False,True,True,True,True,True
8df91ff3c7da8b5a,JF,2021,2021,Time Variation of the Equity Term Structure,10.1111/jofi.13020,original_package_used,True,13004,41,True,False,False,True,False,True,True,True,True,False,True,True,True
6cba107f4b883ffe,JF,2021,2021,Tracking Retail Investor Activity,10.1111/jofi.13033,original_package_used,True,17345,33,True,False,False,True,True,True,False,True,True,False,True,True,True
73e5aa8e9fe06fdd,JF,2021,2021,Trading Costs and Informational Efficiency,10.1111/jofi.13008,original_package_used,True,18354,45,True,False,False,False,True,False,True,True,False,True,True,True,True
4281641a1457d165,JF,2021,2021,Valuing Private Equity Investments Strip by Strip,10.1111/jofi.13073,original_package_used,True,16982,41,True,False,False,True,False,True,True,False,False,False,True,True,True
37ffd1a914d9fc3d,JF,2021,2021,"Volatility, Valuation Ratios, and Bubbles: An Empirical Measure of Market Sentiment",10.1111/jofi.13068,original_package_used,True,12118,26,True,False,False,False,False,True,True,True,True,False,True,True,True
31d8a15ce416972a,JF,2021,2021,Weathering Cash Flow Shocks,10.1111/jofi.13024,original_package_used,True,15131,34,True,False,False,True,False,True,False,True,False,True,True,True,True
f089d31e00a5c23f,JF,2021,2021,What Explains Differences in Finance Research Productivity during the Pandemic?,10.1111/jofi.13028,original_package_used,True,16481,21,True,False,False,True,True,False,False,True,True,True,True,True,True
ce9ce7aa8988319a,JF,2021,2021,Who Wears the Pants? Gender Identity Norms and Intrahousehold Financial Decision-Making,10.1111/jofi.13002,original_package_used,True,13862,37,True,False,False,True,False,True,False,True,False,False,True,True,True
18485ee990839a44,JF,2022,2022,A New Test of Risk Factor Relevance,10.1111/jofi.13135,original_package_used,True,19958,40,True,False,True,True,False,False,True,True,True,True,True,True,True
303611e1c5961381,JF,2022,2022,A Theory of Equivalent Expectation Measures for Contingent Claim Returns,10.1111/jofi.13172,original_package_used,True,16514,22,True,False,False,False,False,False,True,False,True,False,True,True,True
5fd05d63f80580d9,JF,2022,2022,Anomalies and the Expected Market Return,10.1111/jofi.13099,original_package_used,True,14913,30,True,False,False,True,False,True,False,True,True,False,True,True,True
47e7d322d07b255e,JF,2022,2022,Are Analyst Short-Term Trade Ideas Valuable?,10.1111/jofi.13130,original_package_used,True,13010,18,True,False,False,True,True,False,False,False,False,False,True,True,True
c6f2130b1cc1a568,JF,2022,2022,Asset Pricing with Cohort-Based Trading in MBS Markets,10.1111/jofi.13180,original_package_used,True,14004,28,True,False,False,True,True,False,True,True,False,True,True,True,True
fed08bcefecee391,JF,2022,2022,Attention-Induced Trading and Returns: Evidence from Robinhood Users,10.1111/jofi.13183,original_package_used,True,16005,32,True,False,False,True,False,True,False,True,False,False,True,True,True
69c1eafa645b8c2b,JF,2022,2022,Bank Market Power and Monetary Policy Transmission: Evidence from a Structural Estimation,10.1111/jofi.13159,original_package_used,True,18088,39,True,False,False,True,False,True,True,True,True,True,True,True,True
29e54724cf135bc0,JF,2022,2022,"Barbarians at the Store? Private Equity, Products, and Consumers",10.1111/jofi.13134,original_package_used,True,15420,36,True,False,False,True,False,True,False,True,False,True,True,True,True
502484d2d1413815,JF,2022,2022,Belief Disagreement and Portfolio Choice,10.1111/jofi.13179,original_package_used,True,18019,26,True,False,False,True,False,False,False,True,True,True,True,True,True
4b4d7d1dc37ba0cd,JF,2022,2022,Borrowing to Save? The Impact of Automatic Enrollment on Debt,10.1111/jofi.13069,original_package_used,True,13182,19,True,False,False,True,True,True,False,True,True,False,True,True,True
989ef7c8acc07dc6,JF,2022,2022,CEO Political Leanings and Store-Level Economic Activity during the COVID-19 Crisis: Effects on Shareholder Value and Public Health,10.1111/jofi.13173,original_package_used,True,11406,32,True,False,False,True,False,True,False,True,True,False,True,True,True
0859c100061cf08b,JF,2022,2022,Clients’ Connections: Measuring the Role of Private Information in Decentralized Markets,10.1111/jofi.13087,original_package_used,True,13966,40,True,False,False,True,False,False,False,True,True,True,True,True,True
5393a45c0c6cb56f,JF,2022,2022,Commodity Financialization and Information Transmission,10.1111/jofi.13165,original_package_used,True,15963,31,True,False,False,False,True,True,True,True,False,False,True,True,True
ba1ec63b011b0545,JF,2022,2022,Common Ownership Does Not Have Anticompetitive Effects in the Airline Industry,10.1111/jofi.13176,original_package_used,True,9978,31,True,False,False,True,False,True,True,True,True,False,True,True,True
c1b032934d52243c,JF,2022,2022,Common Risk Factors in Cryptocurrency,10.1111/jofi.13119,original_package_used,True,15792,48,True,False,False,True,False,False,True,True,True,True,True,True,True
0f21e909a2e5f4f9,JF,2022,2022,Cultural Biases in Equity Analysis,10.1111/jofi.13095,original_package_used,True,15357,39,True,False,False,True,False,True,False,True,True,False,True,True,True
8003c018a70649bd,JF,2022,2022,Debt Refinancing and Equity Returns,10.1111/jofi.13162,original_package_used,True,15239,39,True,False,False,True,False,False,True,True,False,False,True,True,True
c9d9eb48e3117a88,JF,2022,2022,Dissecting Conglomerate Valuations,10.1111/jofi.13117,original_package_used,True,11308,27,True,False,False,True,False,True,False,True,True,False,True,True,True
9a874f0ab1dfa148,JF,2022,2022,Do Equity Markets Care about Income Inequality? Evidence from Pay Ratio Disclosure,10.1111/jofi.13113,original_package_used,True,14379,29,True,False,False,True,True,False,False,True,True,False,True,True,False
d1c6784fd653b399,JF,2022,2022,Do Firms Respond to Gender Pay Gap Transparency?,10.1111/jofi.13136,original_package_used,True,11690,33,True,False,False,True,False,False,False,True,True,True,True,True,True
5f231b0b15f747fe,JF,2022,2022,Do Market Prices Improve the Accuracy of Court Valuations in Chapter 11?,10.1111/jofi.13111,original_package_used,True,13076,31,True,False,False,True,True,False,False,True,True,True,True,True,True
42be1c6c7d831f8f,JF,2022,2022,Factor Momentum and the Momentum Factor,10.1111/jofi.13131,original_package_used,True,14682,35,True,False,False,True,False,False,False,True,True,False,True,True,True
421cece578c71cd3,JF,2022,2022,Female Representation in the Academic Finance Profession,10.1111/jofi.13094,original_package_used,True,13801,34,True,False,False,True,True,False,False,True,False,False,True,True,True
5d383cf7ee946901,JF,2022,2022,Financial Crises and Political Radicalization: How Failing Banks Paved Hitler’s Path to Power,10.1111/jofi.13166,original_package_used,True,11859,21,True,False,False,True,True,False,False,True,True,True,True,True,True
6859f4ccccf1c438,JF,2022,2022,"Financial Crisis, Creditor-Debtor Conflict, and Populism",10.1111/jofi.13138,original_package_used,True,19423,31,True,False,False,True,False,True,False,True,True,True,True,True,True
29237cb48870a8dd,JF,2022,2022,Forced Entrepreneurs,10.1111/jofi.13097,original_package_used,True,9994,39,True,False,False,True,True,True,True,True,True,False,True,True,True
4e5a7a0681121c15,JF,2022,2022,Fully Closed: Individual Responses to Realized Gains and Losses,10.1111/jofi.13122,original_package_used,True,17559,38,True,False,False,True,True,True,True,True,True,True,True,True,True
b7ee171b018542f6,JF,2022,2022,Going the Extra Mile: Distant Lending and Credit Cycles,10.1111/jofi.13114,original_package_used,True,20438,30,True,False,True,True,False,False,False,True,False,True,True,True,True
5287d9f8d49a704c,JF,2022,2022,How Do Financial Constraints Affect Product Pricing? Evidence from Weather and Life Insurance Premiums,10.1111/jofi.13093,original_package_used,True,15419,34,True,False,False,True,True,False,False,True,True,True,True,True,True
7b0e747a1b20b853,JF,2022,2022,Import Competition and Household Debt,10.1111/jofi.13185,original_package_used,True,14011,45,True,False,True,True,False,True,False,True,True,True,True,True,True
802fc7fba8eb1fcb,JF,2022,2022,Increasing Enrollment in Income-Driven Student Loan Repayment Plans: Evidence from the Navient Field Experiment,10.1111/jofi.13088,original_package_used,True,12153,37,True,False,False,False,False,False,True,True,True,True,True,True,True
74d775bc48e2cb45,JF,2022,2022,Institutional Investors and Corporate Governance: The Incentive to Be Engaged,10.1111/jofi.13085,original_package_used,True,15071,26,True,False,False,True,True,False,True,False,True,False,True,True,True
c59e45144ed4d7a7,JF,2022,2022,Is There a Risk Premium in the Stock Lending Market? Evidence from Equity Options,10.1111/jofi.13129,original_package_used,True,14011,19,True,False,False,True,False,False,False,True,True,False,True,True,True
e5164fa8321ef47d,JF,2022,2022,Late to Recessions: Stocks and the Business Cycle,10.1111/jofi.13100,original_package_used,True,15054,40,True,False,False,True,False,True,True,True,True,True,True,True,True
096fbff00c5b9b1c,JF,2022,2022,Learning by Owning in a Lemons Market,10.1111/jofi.13125,original_package_used,True,17961,31,True,False,True,False,False,False,True,True,True,False,True,True,True
91fd0e65dc35a2a9,JF,2022,2022,Liquidity Fluctuations in Over-the-Counter Markets,10.1111/jofi.13106,original_package_used,True,15842,37,True,False,False,False,False,False,True,True,False,False,True,True,True
d5269a3676f06df3,JF,2022,2022,Loan Terms and Collateral: Evidence from the Bilateral Repo Market,10.1111/jofi.13184,original_package_used,True,15240,35,True,False,False,True,False,False,True,True,True,False,True,True,True
7158d8ccb28399ff,JF,2022,2022,Long-Run Risk: Is It There?,10.1111/jofi.13126,original_package_used,True,15966,47,True,False,False,True,False,True,True,True,True,False,True,True,True
99a83dfa3eb8d55e,JF,2022,2022,Luck versus Skill in the Cross Section of Mutual Fund Returns: Reexamining the Evidence,10.1111/jofi.13123,original_package_used,True,10923,25,True,False,False,True,False,True,False,True,True,False,True,True,True
b546fc004c8a5834,JF,2022,2022,Monetary Policy Spillovers through Invoicing Currencies,10.1111/jofi.13071,original_package_used,True,12215,33,True,False,False,True,False,True,True,True,True,False,True,True,True
096a45a4462de3ee,JF,2022,2022,Monetary Policy and Asset Valuation,10.1111/jofi.13107,original_package_used,True,19956,22,True,False,False,False,False,True,True,True,False,False,True,True,True
7f8a61052a80ea3a,JF,2022,2022,"Non-Deal Roadshows, Informed Trading, and Analyst Conflicts of Interest",10.1111/jofi.13089,original_package_used,True,16678,37,True,False,False,True,True,False,False,False,False,True,True,True,True
a9bd5ce7b18238ab,JF,2022,2022,Payment System Externalities,10.1111/jofi.13110,original_package_used,True,14554,22,True,False,False,False,False,False,True,False,False,False,True,True,True
9f09e79810835e67,JF,2022,2022,Predictable Financial Crises,10.1111/jofi.13105,original_package_used,True,16763,23,True,False,False,True,False,False,False,False,True,False,True,True,True
514a1126c9cd98a0,JF,2022,2022,Predictably Unequal? The Effects of Machine Learning on Credit Markets,10.1111/jofi.13090,original_package_used,True,15385,25,True,False,False,True,False,True,True,True,True,False,True,True,True
5f0317c5f4996036,JF,2022,2022,Quantifying Reduced-Form Evidence on Collateral Constraints,10.1111/jofi.13158,original_package_used,True,13991,33,True,False,False,True,False,True,True,True,True,False,True,True,True
06f41cf86ff1233c,JF,2022,2022,"Rare Disasters, Financial Development, and Sovereign Debt",10.1111/jofi.13175,original_package_used,True,14166,31,True,False,False,False,False,False,True,True,False,True,True,True,True
40671282f11edca0,JF,2022,2022,Regulation of Charlatans in High-Skill Professions,10.1111/jofi.13112,original_package_used,True,12617,30,True,False,False,False,True,False,True,False,False,True,True,True,True
6ac53c16a04d996d,JF,2022,2022,Resource Allocation in Bank Supervision: Trade-Offs and Outcomes,10.1111/jofi.13127,original_package_used,True,16275,35,True,False,False,True,False,True,True,True,True,False,True,True,True
f48749f02a6728c5,JF,2022,2022,"Rising Intangible Capital, Shrinking Debt Capacity, and the U.S. Corporate Savings Glut",10.1111/jofi.13174,original_package_used,True,19760,32,True,False,False,True,False,False,True,True,True,True,True,True,True
21fe0016b2b40af6,JF,2022,2022,Risk-Sharing and the Term Structure of Interest Rates,10.1111/jofi.13139,original_package_used,True,14109,20,True,False,False,False,False,False,True,True,False,False,True,True,True
9adf073fe7b055d3,JF,2022,2022,"Skill, Scale, and Value Creation in the Mutual Fund Industry",10.1111/jofi.13096,original_package_used,True,12898,38,True,False,False,True,False,True,True,True,True,False,True,True,True
2ab8b503bcb0aaf7,JF,2022,2022,Stock Market Spillovers via the Global Production Network: Transmission of U.S. Monetary Policy,10.1111/jofi.13181,original_package_used,True,16958,46,True,False,False,True,True,True,True,True,True,True,True,True,True
545f5bf6974d0d83,JF,2022,2022,Stock Market and No-Dividend Stocks,10.1111/jofi.13098,original_package_used,True,18358,18,True,False,False,False,False,False,False,True,False,False,True,True,True
de0b826b33cbeb85,JF,2022,2022,Stock Market’s Assessment of Monetary Policy Transmission: The Cash Flow Effect,10.1111/jofi.13163,original_package_used,True,12586,23,True,False,False,True,False,False,False,True,True,True,True,True,True
c9dbf0bb82448e55,JF,2022,2022,Testing Disagreement Models,10.1111/jofi.13137,original_package_used,True,14559,34,True,False,False,True,True,True,True,True,True,True,True,True,True
38807a13fda4b157,JF,2022,2022,The Anatomy of the Transmission of Macroprudential Policies,10.1111/jofi.13170,original_package_used,True,13762,37,True,False,False,True,True,False,True,True,True,True,True,True,True
87bbeda1f5642f67,JF,2022,2022,The Cost of Capital for Banks: Evidence from Analyst Earnings Forecasts,10.1111/jofi.13168,original_package_used,True,12897,29,True,False,False,True,False,False,False,True,False,False,True,True,True
bb5ed25b23c8b445,JF,2022,2022,The Economics of Deferral and Clawback Requirements,10.1111/jofi.13160,original_package_used,True,18211,19,True,False,False,False,False,False,True,True,True,False,True,True,True
ce4febeec7a7a34a,JF,2022,2022,The Fragility of Market Risk Insurance,10.1111/jofi.13118,original_package_used,True,16425,38,True,False,False,True,True,True,True,True,False,False,True,True,True
cea8468c24bc3397,JF,2022,2022,The Golden Mean: The Risk-Mitigating Effect of Combining Tournament Rewards with High-Powered Incentives,10.1111/jofi.13169,original_package_used,True,15184,33,True,False,True,False,False,False,True,True,True,False,True,True,True
3d0afa9dea0d1a5c,JF,2022,2022,The Limits of Model-Based Regulation,10.1111/jofi.13124,original_package_used,True,19580,48,True,False,False,True,True,True,True,True,True,True,True,True,True
a30ed7b435218591,JF,2022,2022,The Loan Covenant Channel: How Bank Health Transmits to the Real Economy,10.1111/jofi.13074,original_package_used,True,15257,33,True,False,False,True,True,True,False,True,True,True,True,True,True
abe51ed2fbc4f9c4,JF,2022,2022,The Price of Higher Order Catastrophe Insurance: The Case of VIX Options,10.1111/jofi.13182,original_package_used,True,14984,34,True,False,False,True,False,False,True,True,False,False,True,True,True
a9c5acac7ff14bb7,JF,2022,2022,The Two-Pillar Policy for the RMB,10.1111/jofi.13178,original_package_used,True,13383,36,True,False,False,True,False,True,True,True,True,False,True,True,True
626c7356df562976,JF,2022,2022,The Wisdom of the Robinhood Crowd,10.1111/jofi.13128,original_package_used,True,12236,37,True,False,False,True,True,False,False,True,True,False,True,True,True
0fed57c72a07a705,JF,2022,2022,Volatility Expectations and Returns,10.1111/jofi.13120,original_package_used,True,15569,37,True,False,False,True,False,False,True,True,True,True,True,True,True
e872d5f68cd4e9b6,JF,2022,2022,When Should Bankruptcy Law Be Creditor- or Debtor-Friendly? Theory and Evidence,10.1111/jofi.13171,original_package_used,True,16377,44,True,False,False,True,True,True,True,True,True,True,True,True,True
56e0eef98518c497,JF,2023,2023,(Re-)Imag(in)ing Price Trends,10.1111/jofi.13268,original_package_used,True,15946,27,True,False,False,True,False,False,True,True,True,False,True,True,True
542f88c90e386d29,JF,2023,2023,(Why) Do Central Banks Care about Their Profits?,10.1111/jofi.13257,original_package_used,True,17803,24,True,False,False,True,True,True,False,True,True,False,True,True,True
672f6d66aeeac3e1,JF,2023,2023,A Model of Systemic Bank Runs,10.1111/jofi.13213,original_package_used,True,21373,49,True,False,False,False,True,False,True,True,True,True,True,True,True
83f9567b7366a0de,JF,2023,2023,Attention Spillover in Asset Pricing,10.1111/jofi.13281,original_package_used,True,12669,37,True,False,False,True,True,True,False,True,True,True,True,True,True
9d706518919318b5,JF,2023,2023,Barter Credit: Warehouses as a Contracting Technology,10.1111/jofi.13252,original_package_used,True,14913,40,True,False,False,True,True,True,False,True,True,True,True,True,True
6f2e1fb8893ce325,JF,2023,2023,Bayesian Solutions for the Factor Zoo: We Just Ran Two Quadrillion Models,10.1111/jofi.13197,original_package_used,True,20121,29,True,False,True,False,False,True,True,True,True,False,True,True,True
3074ed16ba63c0fd,JF,2023,2023,Beliefs Aggregation and Return Predictability,10.1111/jofi.13195,original_package_used,True,15161,39,True,False,False,True,False,False,True,True,False,False,True,True,True
6ba2fafcd7ad73a5,JF,2023,2023,Beyond Basis Basics: Liquidity Demand and Deviations from the Law of One Price,10.1111/jofi.13198,original_package_used,True,15533,36,True,False,False,True,False,True,True,True,False,False,True,True,True
b911a1ca093af70f,JF,2023,2023,Biased Auctioneers,10.1111/jofi.13203,original_package_used,True,12974,31,True,False,False,True,False,True,True,True,False,False,True,True,True
bab023c42bb0f495,JF,2023,2023,"Booms, Busts, and Common Risk Exposures",10.1111/jofi.13283,original_package_used,True,15590,38,True,False,False,True,False,False,True,True,False,False,True,True,True
68f1f12cfc03f29c,JF,2023,2023,CLO Performance,10.1111/jofi.13224,original_package_used,True,15255,36,True,False,False,True,True,False,True,True,False,True,True,True,True
54ec63f4d771aae4,JF,2023,2023,Can Security Design Foster Household Risk-Taking?,10.1111/jofi.13232,original_package_used,True,15817,43,True,False,False,True,True,True,True,True,True,True,True,True,True
3c3ad92d24e5dd8f,JF,2023,2023,Competition and Misconduct,10.1111/jofi.13227,original_package_used,True,16451,31,True,False,True,False,False,False,True,True,True,False,True,True,True
e1df6e508c5b07fc,JF,2023,2023,Complex Asset Markets,10.1111/jofi.13264,original_package_used,True,15714,19,True,False,True,False,False,False,True,True,True,True,True,True,True
4303aa84b0913639,JF,2023,2023,Contracting in Peer Networks,10.1111/jofi.13260,original_package_used,True,14995,23,True,False,True,False,False,False,True,True,True,False,True,True,True
3c8d2e51ff6dac7b,JF,2023,2023,Decentralization through Tokenization,10.1111/jofi.13192,original_package_used,True,18795,20,True,False,True,False,True,False,True,False,False,False,True,True,True
3734116063bcd30e,JF,2023,2023,Did FinTech Lenders Facilitate PPP Fraud?,10.1111/jofi.13209,original_package_used,True,17763,38,True,False,False,True,True,False,False,False,False,False,True,True,True
1836794a167870c0,JF,2023,2023,"Discount Rates, Debt Maturity, and the Fiscal Theory",10.1111/jofi.13282,original_package_used,True,18467,63,True,False,False,True,False,False,True,True,True,False,True,True,True
40c076e5fc210d41,JF,2023,2023,Discount-Rate Risk in Private Equity: Evidence from Secondary Market Transactions,10.1111/jofi.13202,original_package_used,True,18429,37,True,False,False,True,False,False,True,True,True,False,True,True,True
b2e8b411ca5186bb,JF,2023,2023,Disruption and Credit Markets,10.1111/jofi.13187,original_package_used,True,12653,24,True,False,False,True,False,False,False,True,True,True,True,True,True
098d0b909885cbbc,JF,2023,2023,Do Credit Markets Respond to Macroeconomic Shocks? The Case for Reverse Causality,10.1111/jofi.13261,original_package_used,True,15540,23,True,False,False,True,False,False,False,False,False,True,True,True,True
6e17878130cefe4c,JF,2023,2023,Do Municipal Bond Dealers Give Their Customers “Fair and Reasonable” Pricing?,10.1111/jofi.13214,original_package_used,True,16477,40,True,False,False,True,True,False,True,True,False,True,True,True,True
8d1cb0e56e235559,JF,2023,2023,Duration-Driven Returns,10.1111/jofi.13216,original_package_used,True,16549,50,True,False,False,True,False,True,False,True,True,True,True,True,True
f53e69c3c36db3f9,JF,2023,2023,"Dynamic Contracting with Intermediation: Operational, Governance, and Financial Engineering",10.1111/jofi.13265,original_package_used,True,20536,52,True,False,False,False,False,False,True,True,True,False,True,True,True
e246d16af88febb1,JF,2023,2023,Employee Costs of Corporate Bankruptcy,10.1111/jofi.13251,original_package_used,True,16576,35,True,False,False,True,False,False,True,True,True,True,True,True,True
1dd3e4f5ecc7e116,JF,2023,2023,Entrepreneurial Wealth and Employment: Tracing Out the Effects of a Stock Market Crash,10.1111/jofi.13280,original_package_used,True,16000,36,True,False,False,True,False,True,False,True,False,True,True,True,True
1c9a49089ab0db55,JF,2023,2023,Equilibrium Bitcoin Pricing,10.1111/jofi.13206,original_package_used,True,13629,25,True,False,False,True,False,False,True,True,False,False,True,True,True
dcd404d1e5483339,JF,2023,2023,Firm-Level Climate Change Exposure,10.1111/jofi.13219,original_package_used,True,15204,47,True,False,False,True,False,False,False,True,False,False,True,True,True
1bf448ab9866f629,JF,2023,2023,Global Pricing of Carbon-Transition Risk,10.1111/jofi.13272,original_package_used,True,19044,26,True,False,True,True,False,False,True,True,False,False,True,True,True
1e0a553ebd4eb5ae,JF,2023,2023,Household Liquidity Constraints and Labor Market Outcomes: Evidence from a Danish Mortgage Reform,10.1111/jofi.13277,original_package_used,True,16375,32,True,False,False,True,True,True,True,True,True,True,True,True,True
231525a7ca2bb4eb,JF,2023,2023,How Risky Are U.S. Corporate Assets?,10.1111/jofi.13196,original_package_used,True,19228,41,True,False,True,True,False,False,True,True,True,False,True,True,True
8beb4d021c56ce2a,JF,2023,2023,Information Aggregation via Contracting,10.1111/jofi.13205,original_package_used,True,10723,23,True,False,False,True,False,False,True,False,False,False,True,True,True
c0fef24810c24c73,JF,2023,2023,Informational Black Holes in Financial Markets,10.1111/jofi.13270,original_package_used,True,16842,27,True,False,False,False,False,False,True,True,True,False,True,True,True
60be9c13c9fc615f,JF,2023,2023,Integrating Factor Models,10.1111/jofi.13226,original_package_used,True,17037,34,True,False,False,True,True,True,True,True,True,False,True,True,True
a11c1528926b43fa,JF,2023,2023,International Yield Curves and Currency Puzzles,10.1111/jofi.13191,original_package_used,True,12583,38,True,False,False,True,True,False,True,True,True,False,True,True,True
30c5c0b591641742,JF,2023,2023,Investor Tax Credits and Entrepreneurship: Evidence from U.S. States,10.1111/jofi.13267,original_package_used,True,17176,34,True,False,False,True,False,True,True,True,True,True,True,True,True
f721d6d9db6c3db0,JF,2023,2023,Is COVID Revealing a Virus in CMBS 2.0?,10.1111/jofi.13228,original_package_used,True,14171,38,True,False,False,True,True,False,False,True,True,True,True,True,True
ded75b461ab0bbaa,JF,2023,2023,Is There a Replication Crisis in Finance?,10.1111/jofi.13249,original_package_used,True,17484,40,True,False,False,True,False,True,True,True,True,False,True,True,True
f98842e16cb029c5,JF,2023,2023,"Less Mainstream Credit, More Payday Borrowing? Evidence from Debt Collection Restrictions",10.1111/jofi.13189,original_package_used,True,13124,23,True,False,False,True,True,True,True,True,True,True,True,True,True
917d66307bcc81b9,JF,2023,2023,"Liquidity, Volume, and Order Imbalance Volatility",10.1111/jofi.13248,original_package_used,True,13908,34,True,False,False,True,False,False,True,True,True,False,True,True,True
302427356a1cbefd,JF,2023,2023,"Local Experiences, Search, and Spillovers in the Housing Market",10.1111/jofi.13208,original_package_used,True,14186,28,True,False,False,True,False,False,True,True,True,True,True,True,True
66858c8ebc67775a,JF,2023,2023,Macroeconomic News in Asset Pricing and Reality,10.1111/jofi.13218,original_package_used,True,14631,44,True,False,False,True,False,True,True,True,True,False,True,True,True
6057b5869f19442c,JF,2023,2023,Model Comparison with Transaction Costs,10.1111/jofi.13225,original_package_used,True,12167,26,True,False,True,True,False,True,True,True,False,False,True,True,True
142f8d7556b4c7b0,JF,2023,2023,Model Secrecy and Stress Tests,10.1111/jofi.13207,original_package_used,True,16440,28,True,False,True,False,False,False,True,True,False,True,True,True,True
07134fad1952aaf6,JF,2023,2023,Modeling Corporate Bond Returns,10.1111/jofi.13233,original_package_used,True,13498,35,True,False,False,True,False,True,True,True,True,False,True,True,True
f2f538ac68ece0e0,JF,2023,2023,Monetary Policy and Inequality,10.1111/jofi.13262,original_package_used,True,16350,26,True,False,False,True,False,False,True,True,True,True,True,True,True
bbcbc341ee75cd48,JF,2023,2023,Monetary Stimulus amidst the Infrastructure Investment Spree: Evidence from China’s Loan-Level Data,10.1111/jofi.13204,original_package_used,True,20409,42,True,False,False,True,True,True,True,True,True,True,True,True,True
65c11fd068461560,JF,2023,2023,Moral Hazard versus Liquidity in Household Bankruptcy,10.1111/jofi.13263,original_package_used,True,16696,26,True,False,False,True,True,True,True,True,True,True,True,True,True
d650bf6653049ed3,JF,2023,2023,Naïve Buying Diversification and Narrow Framing by Individual Investors,10.1111/jofi.13222,original_package_used,True,11957,29,True,False,False,True,False,False,False,True,False,False,True,True,True
272b18abb5dc364a,JF,2023,2023,Operating Hedge and Gross Profitability Premium,10.1111/jofi.13275,original_package_used,True,11000,35,True,False,True,True,False,True,True,True,True,True,True,True,True
dd691d04b08a522b,JF,2023,2023,Optimal Financial Transaction Taxes,10.1111/jofi.13188,original_package_used,True,18773,39,True,False,False,False,True,True,True,True,True,False,True,True,True
1819b540b4a2d91f,JF,2023,2023,Optimal Forbearance of Bank Resolution,10.1111/jofi.13273,original_package_used,True,19516,20,True,False,False,False,False,False,True,False,False,False,True,True,True
2d2db318a955dac9,JF,2023,2023,Optimal Sequential Selling Mechanism and Deal Protections in Mergers and Acquisitions,10.1111/jofi.13235,original_package_used,True,18240,24,True,False,False,False,False,False,True,True,True,True,True,True,True
56be2fb216869854,JF,2023,2023,Option Momentum,10.1111/jofi.13279,original_package_used,True,14914,24,True,False,False,True,False,False,False,True,True,False,False,True,True
d08099d076d23d13,JF,2023,2023,Pledgeability and Asset Prices: Evidence from the Chinese Corporate Bond Markets,10.1111/jofi.13266,original_package_used,True,19363,46,True,False,False,True,True,True,True,True,True,False,True,True,True
9c61c2b552098b4f,JF,2023,2023,Pockets of Predictability,10.1111/jofi.13229,original_package_used,True,19289,41,True,False,False,True,False,True,True,True,False,True,True,True,True
67f568fb1e8ea37d,JF,2023,2023,Pricing Currency Risks,10.1111/jofi.13190,original_package_used,True,13381,23,True,False,False,True,False,False,True,True,False,False,True,True,True
510c9b9f1cc4edd3,JF,2023,2023,Principal Portfolios,10.1111/jofi.13199,original_package_used,True,14860,25,True,False,False,False,False,False,False,True,True,False,True,True,True
09b7991ec42c7a4e,JF,2023,2023,Rents and Intangible Capital: A Q+ Framework,10.1111/jofi.13231,original_package_used,True,15535,31,True,False,False,True,False,True,True,True,True,True,True,True,True
c850f4ed4af9526e,JF,2023,2023,Retail Derivatives and Sentiment: A Sentiment Measure Constructed from Issuances of Retail Structured Equity Products,10.1111/jofi.13253,original_package_used,True,14123,32,True,False,False,True,False,False,False,True,True,False,True,True,True
c7f6e1dcd5518667,JF,2023,2023,Retail Financial Innovation and Stock Market Dynamics: The Case of Target Date Funds,10.1111/jofi.13258,original_package_used,True,18052,46,True,False,True,True,True,True,True,True,True,False,True,True,True
b331b22e91d95352,JF,2023,2023,Retail Trading in Options and the Rise of the Big Three Wholesalers,10.1111/jofi.13285,original_package_used,True,17150,24,True,False,False,True,True,True,False,False,True,False,True,True,True
eed71d01f55c01f4,JF,2023,2023,Reusing Natural Experiments,10.1111/jofi.13250,original_package_used,True,9804,34,True,False,False,False,True,False,True,True,False,True,True,True,True
5c96e92442b62a63,JF,2023,2023,Selling Fast and Buying Slow: Heuristics and Trading Performance of Institutional Investors,10.1111/jofi.13271,original_package_used,True,16012,29,True,False,False,True,True,False,False,False,True,True,True,True,True
1eb70a706341448e,JF,2023,2023,Small Business Equity Returns: Empirical Evidence from the Business Credit Card Securitization Market,10.1111/jofi.13200,original_package_used,True,12834,41,True,False,False,True,False,True,True,True,True,False,True,True,True
ab177e2b5f050204,JF,2023,2023,Specialization in Bank Lending: Evidence from Exporting Firms,10.1111/jofi.13254,original_package_used,True,13602,32,True,False,False,True,False,True,True,True,False,False,True,True,True
9537e5107db7f10d,JF,2023,2023,Stealth Acquisitions and Product Market Competition,10.1111/jofi.13256,original_package_used,True,19477,55,True,False,True,True,True,True,False,True,True,True,True,True,True
da728229f7acdd1b,JF,2023,2023,The Gender Gap in Housing Returns,10.1111/jofi.13212,original_package_used,True,16426,31,True,False,False,True,False,True,False,True,False,True,True,True,True
21812ca493c61efb,JF,2023,2023,The Legal Origins of Financial Development: Evidence from the Shanghai Concessions,10.1111/jofi.13284,original_package_used,True,15671,34,True,False,False,True,False,True,False,True,True,False,True,True,True
7f666736191e910a,JF,2023,2023,The Pollution Premium,10.1111/jofi.13217,original_package_used,True,16290,45,True,False,False,True,False,False,True,True,True,True,True,True,True
ac90f1e4dbc79883,JF,2023,2023,Visibility Bias in the Transmission of Consumption Beliefs and Undersaving,10.1111/jofi.13223,original_package_used,True,22848,21,True,False,False,False,True,False,True,True,True,False,True,True,True
b90454194acd5978,JF,2023,2023,Who Owns What? A Factor Model for Direct Stockholding,10.1111/jofi.13220,original_package_used,True,16285,38,True,False,False,True,False,False,True,True,True,False,True,True,True
e9bd4ee9b0c7e7d1,JF,2024,2024,A (Sub)penny for Your Thoughts: Tracking Retail Investor Activity in TAQ,10.1111/jofi.13334,original_package_used,True,6695,17,True,False,False,False,False,True,False,True,True,False,True,True,True
94238f981b4e5b22,JF,2024,2024,A Horizon-Based Decomposition of Mutual Fund Value Added Using Transactions,10.1111/jofi.13331,original_package_used,True,17064,42,True,False,False,True,False,True,False,True,False,False,True,True,True
fa9e1e693bcd81c8,JF,2024,2024,A Multifactor Perspective on Volatility-Managed Portfolios,10.1111/jofi.13395,original_package_used,True,10646,27,True,False,False,True,False,True,True,False,False,True,True,True,True
f1319175a433dc83,JF,2024,2024,A Portfolio Approach to Global Imbalances,10.1111/jofi.13333,original_package_used,True,17871,46,True,False,False,True,False,True,True,True,True,True,True,True,True
79d3b2219171e7d3,JF,2024,2024,A q Theory of Internal Capital Markets,10.1111/jofi.13318,original_package_used,True,18189,43,True,False,False,False,False,False,True,True,True,False,True,True,True
eb05796bc508133f,JF,2024,2024,Anomaly Time,10.1111/jofi.13372,original_package_used,True,12224,35,True,False,False,True,True,False,True,True,True,False,True,True,True
907926be84ccc36a,JF,2024,2024,"Artificial Intelligence, Education, and Entrepreneurship",10.1111/jofi.13302,original_package_used,True,12822,27,True,False,False,True,False,False,False,False,True,True,True,True,True
8db2cd086a3fa3c0,JF,2024,2024,Auctions with Endogenous Initiation,10.1111/jofi.13288,original_package_used,True,18073,28,True,False,False,False,False,False,True,False,True,False,True,True,True
17e29719a2837d80,JF,2024,2024,Aversion to Student Debt? Evidence from Low-Wage Workers,10.1111/jofi.13297,original_package_used,True,15560,54,True,False,False,True,True,False,True,True,True,True,True,True,True
831e7fe953c53b97,JF,2024,2024,Bailout Stigma,10.1111/jofi.13386,original_package_used,True,16743,24,True,False,True,False,False,False,True,True,False,False,True,True,True
482065d0362447d7,JF,2024,2024,Bonds versus Equities: Information for Investment,10.1111/jofi.13396,original_package_used,True,15852,27,True,False,False,True,False,False,True,True,False,False,True,True,True
13a7aae176bc27c4,JF,2024,2024,Broadband Internet and the Stock Market Investments of Individual Investors,10.1111/jofi.13335,original_package_used,True,11502,25,True,False,False,True,False,True,True,True,False,True,True,True,True
9d484f8732120a44,JF,2024,2024,Business News and Business Cycles,10.1111/jofi.13377,original_package_used,True,15240,35,True,False,False,True,False,True,True,True,False,False,True,True,True
58a44e6e0925fdf9,JF,2024,2024,Capital Commitment,10.1111/jofi.13382,original_package_used,True,17989,51,True,False,False,False,True,False,True,True,True,False,True,True,True
119110439d42a362,JF,2024,2024,Choosing to Disagree: Endogenous Dismissiveness and Overconfidence in Financial Markets,10.1111/jofi.13311,original_package_used,True,17067,42,True,False,True,False,True,False,True,True,True,True,True,True,True
779c7982de547eb7,JF,2024,2024,Countercyclical Income Risk and Portfolio Choices: Evidence from Sweden,10.1111/jofi.13341,original_package_used,True,11714,38,True,False,False,True,False,False,True,True,False,False,True,True,True
7e0660eec193d483,JF,2024,2024,Currency Management by International Fixed-Income Mutual Funds,10.1111/jofi.13381,original_package_used,True,12782,27,True,False,False,True,False,False,False,False,False,False,True,True,True
7ff7c13c514d2208,JF,2024,2024,Did Banks Pay Fair Returns to Taxpayers on TARP?,10.1111/jofi.13367,original_package_used,True,11839,39,True,False,True,True,False,True,True,True,True,False,True,True,True
2b348c61b51c0858,JF,2024,2024,Disclosing a Random Walk,10.1111/jofi.13290,original_package_used,True,9649,18,True,False,True,False,False,False,True,True,True,False,True,True,True
d8678ea6fc70dc8b,JF,2024,2024,Disclosing to Informed Traders,10.1111/jofi.13296,original_package_used,True,18611,33,True,False,True,False,False,False,True,False,True,False,True,True,True
f32fd0ac61c27b0a,JF,2024,2024,Dissecting the Long-Term Performance of the Chinese Stock Market,10.1111/jofi.13312,original_package_used,True,21018,47,True,False,False,True,True,False,True,True,True,True,True,True,True
7748cadcf91231a0,JF,2024,2024,Do Women Receive Worse Financial Advice?,10.1111/jofi.13366,original_package_used,True,14544,33,True,False,False,False,True,False,True,True,True,True,True,True,True
e7bf118a85d0dc1c,JF,2024,2024,Does Alternative Data Improve Financial Forecasting? The Horizon Effect,10.1111/jofi.13323,original_package_used,True,15028,43,True,False,True,True,False,True,True,True,True,True,True,True,True
82cafaeec70e04cb,JF,2024,2024,Due Diligence,10.1111/jofi.13322,original_package_used,True,16958,30,True,False,True,False,False,True,True,True,True,True,True,True,True
a45e1c789790affa,JF,2024,2024,Equity Term Structures without Dividend Strips Data,10.1111/jofi.13394,original_package_used,True,19944,39,True,False,False,True,False,True,True,True,True,False,True,True,True
182f3bbe2b581cbb,JF,2024,2024,Fee Variation in Private Equity,10.1111/jofi.13319,original_package_used,True,19926,45,True,False,False,True,True,True,False,True,True,False,True,True,True
50f2e071964310d1,JF,2024,2024,FinTech Credit and Entrepreneurial Growth,10.1111/jofi.13384,original_package_used,True,16304,36,True,False,True,True,False,False,False,True,True,True,True,True,True
90ac39b5525bfccf,JF,2024,2024,Financial Sophistication and Consumer Spending,10.1111/jofi.13393,original_package_used,True,15956,33,True,False,True,True,False,True,True,True,True,True,True,True,True
69a973c48283be5d,JF,2024,2024,Financing the Gig Economy,10.1111/jofi.13292,original_package_used,True,13345,29,True,False,False,True,True,True,True,True,False,False,True,True,True
ea7a867ccc403eb2,JF,2024,2024,Firm Performance Pay as Insurance against Promotion Risk,10.1111/jofi.13379,original_package_used,True,15201,30,True,False,True,False,True,False,True,True,True,False,True,True,True
74bbec17bb32f5ff,JF,2024,2024,Foreign Exchange Fixings and Returns around the Clock,10.1111/jofi.13306,original_package_used,True,13050,36,True,False,False,True,False,False,False,True,True,False,True,True,True
e68c593d6c6ebaa2,JF,2024,2024,Founder-CEO Compensation and Selection into Venture Capital-Backed Entrepreneurship,10.1111/jofi.13383,original_package_used,True,15860,31,True,False,False,True,True,False,True,True,True,False,True,True,True
60269a9ef2ead833,JF,2024,2024,Front-Page News: The Effect of News Positioning on Financial Markets,10.1111/jofi.13287,original_package_used,True,10572,27,True,False,False,True,False,True,True,True,False,False,True,True,True
d495c75116a1c9d6,JF,2024,2024,Goal Setting and Saving in the FinTech Era,10.1111/jofi.13339,original_package_used,True,16530,38,True,False,True,True,True,True,False,True,True,True,True,True,True
6039a6394ff9d10a,JF,2024,2024,Half Banked: The Economic Impact of Cash Management in the Marijuana Industry,10.1111/jofi.13364,original_package_used,True,12713,35,True,False,False,True,True,False,True,True,True,True,True,True,True
c873b0fbfe8fe851,JF,2024,2024,How Integrated are Credit and Equity Markets? Evidence from Index Options,10.1111/jofi.13300,original_package_used,True,12520,36,True,False,False,True,False,False,True,True,True,False,True,True,True
4c0fbc06b372b876,JF,2024,2024,Information Aggregation with Asymmetric Asset Payoffs,10.1111/jofi.13361,original_package_used,True,16508,16,True,False,False,False,False,False,True,True,True,False,True,True,True
107887d4670ecc13,JF,2024,2024,Information Cascades and Threshold Implementation: Theory and an Application to Crowdfunding,10.1111/jofi.13294,original_package_used,True,18421,43,True,False,False,False,False,False,True,False,True,True,True,True,True
def23fa73a706f61,JF,2024,2024,Informed Trading Intensity,10.1111/jofi.13320,original_package_used,True,15968,23,True,False,False,True,False,False,True,False,False,False,True,True,True
fc220ff12c12f15c,JF,2024,2024,Insensitive Investors,10.1111/jofi.13362,original_package_used,True,11767,35,True,False,False,False,True,False,True,True,False,False,True,True,True
7ca9afc6b7de71eb,JF,2024,2024,Inside and Outside Information,10.1111/jofi.13360,original_package_used,True,18593,40,True,False,False,False,False,True,True,True,True,False,True,True,True
e519f0c868e58110,JF,2024,2024,Interest Rate Skewness and Biased Beliefs,10.1111/jofi.13276,original_package_used,True,15453,28,True,False,False,True,False,False,True,False,False,True,True,True,True
b981b87aba986c3f,JF,2024,2024,Intervention with Screening in Panic-Based Runs,10.1111/jofi.13295,original_package_used,True,19351,23,True,False,False,False,False,False,True,False,True,True,True,True,True
19bfe6af2a125fd5,JF,2024,2024,Legal Risk and Insider Trading,10.1111/jofi.13299,original_package_used,True,14203,35,True,False,False,True,True,True,True,True,True,False,True,True,True
86f1f9f2af976f4a,JF,2024,2024,Lender Automation and Racial Disparities in Credit Access,10.1111/jofi.13303,original_package_used,True,17655,28,True,False,False,True,True,False,False,True,False,True,True,True,True
3f1cc60f534b3fd5,JF,2024,2024,Leverage Is a Double-Edged Sword,10.1111/jofi.13316,original_package_used,True,16440,35,True,False,False,True,False,False,True,True,True,False,True,True,True
e094461737139f29,JF,2024,2024,Liquidation Value and Loan Pricing,10.1111/jofi.13291,original_package_used,True,12981,37,True,False,False,True,True,True,True,True,True,True,True,True,True
f3c35a52b0fd22b5,JF,2024,2024,Liquidity Transformation and Fragility in the U.S. Banking Sector,10.1111/jofi.13390,original_package_used,True,16257,35,True,False,False,True,False,False,False,True,True,False,True,True,True
4232315c9a70710e,JF,2024,2024,"Liquidity, Liquidity Everywhere, Not a Drop to Use: Why Flooding Banks with Central Bank Reserves May Not Expand Liquidity",10.1111/jofi.13370,original_package_used,True,17546,42,True,False,False,False,True,False,True,True,True,False,True,True,True
7490f33ee89d87e2,JF,2024,2024,Lying to Speak the Truth: Selective Manipulation and Improved Information Transmission,10.1111/jofi.13375,original_package_used,True,18254,21,True,False,False,False,False,False,True,True,True,False,True,True,True
a903e976d2662944,JF,2024,2024,Measuring “Dark Matter” in Asset Pricing Models,10.1111/jofi.13317,original_package_used,True,20706,24,True,False,False,True,False,False,True,True,False,False,True,True,True
b57bdf1a1af0d742,JF,2024,2024,Meeting Targets in Competitive Product Markets,10.1111/jofi.13369,original_package_used,True,14827,33,True,False,False,True,True,True,True,True,True,True,True,True,True
28aa555082fe1876,JF,2024,2024,"Mergers, Product Prices, and Innovation: Evidence from the Pharmaceutical Industry",10.1111/jofi.13321,original_package_used,True,13812,27,True,False,False,True,False,False,True,True,True,False,True,True,True
e8855b9881345d1f,JF,2024,2024,Modeling Conditional Factor Risk Premia Implied by Index Option Returns,10.1111/jofi.13324,original_package_used,True,15404,35,True,False,False,True,False,True,True,True,True,False,True,True,True
e54aa49ea824051b,JF,2024,2024,Monetary Policy and Asset Price Overshooting: A Rationale for the Wall/Main Street Disconnect,10.1111/jofi.13343,original_package_used,True,12627,23,True,False,False,False,False,False,True,True,False,False,False,True,True
7e0f4da2c2ea901e,JF,2024,2024,Money and Banking with Reserves and CBDC,10.1111/jofi.13357,original_package_used,True,15438,31,True,False,False,False,False,False,True,False,False,False,True,True,True
8d7a83d643f8f752,JF,2024,2024,"Mortgage Lock-In, Mobility, and Labor Reallocation",10.1111/jofi.13398,original_package_used,True,17363,33,True,False,True,True,False,True,True,True,True,True,True,True,True
9260bef0856a4646,JF,2024,2024,Neglected Risks in the Communication of Residential Mortgage-Backed Securities Offerings,10.1111/jofi.13278,original_package_used,True,13524,23,True,False,False,True,True,False,False,False,True,True,True,True,True
c79ec0e7d6b59064,JF,2024,2024,Nonstandard Errors,10.1111/jofi.13337,original_package_used,True,19819,32,True,False,False,True,False,False,True,True,True,True,True,True,True
1d02a1d6cc7048f0,JF,2024,2024,On the Magnification of Small Biases in Hiring,10.1111/jofi.13374,original_package_used,True,17691,14,True,False,True,False,False,False,True,False,True,False,True,True,True
6adceb541ef42195,JF,2024,2024,Overconfidence and Preferences for Competition,10.1111/jofi.13314,original_package_used,True,11632,33,True,False,False,True,False,False,False,True,True,True,True,True,True
1b5c130465a01892,JF,2024,2024,Political Polarization Affects Households’ Financial Decisions: Evidence from Home Sales,10.1111/jofi.13315,original_package_used,True,17250,38,True,False,False,True,False,True,False,True,True,True,True,True,True
226ab5cc81a4a00b,JF,2024,2024,"Prestige, Promotion, and Pay",10.1111/jofi.13301,original_package_used,True,13587,23,True,False,False,False,False,False,True,False,True,False,True,True,True
6b90e421daee4151,JF,2024,2024,Putting the Price in Asset Pricing,10.1111/jofi.13391,original_package_used,True,13473,41,True,False,False,True,False,True,False,True,True,False,True,True,True
479db4603d90c63b,JF,2024,2024,Rent or Buy? Inflation Experiences and Homeownership within and across Countries,10.1111/jofi.13332,original_package_used,True,16683,18,True,False,False,True,False,False,True,True,True,False,True,True,True
6291c541f04b9c60,JF,2024,2024,Spending Less after (Seemingly) Bad News,10.1111/jofi.13325,original_package_used,True,13817,32,True,False,False,True,False,False,False,True,False,True,True,True,True
91e4481384b8b689,JF,2024,2024,The Dark Side of Circuit Breakers,10.1111/jofi.13310,original_package_used,True,18166,25,True,False,False,True,False,False,True,True,True,False,True,True,True
f4945574922a82e5,JF,2024,2024,The Decline of Secured Debt,10.1111/jofi.13308,original_package_used,True,20760,44,True,False,False,True,False,False,False,True,True,False,True,True,True
ee3896f011dbbc3a,JF,2024,2024,The Equilibrium Size and Value-Added of Venture Capital,10.1111/jofi.13313,original_package_used,True,19422,25,True,False,False,False,False,False,True,True,True,False,False,True,True
ac7aca65f7124bfb,JF,2024,2024,The Global Impact of Brexit Uncertainty,10.1111/jofi.13293,original_package_used,True,15643,25,True,False,False,True,False,False,False,True,True,False,True,True,True
e135570443256a61,JF,2024,2024,The Mortgage-Cash Premium Puzzle,10.1111/jofi.13373,original_package_used,True,19020,46,True,False,False,True,False,True,True,True,True,True,True,True,True
5df7f3e6461e3d9c,JF,2024,2024,The Narrow Channel of Quantitative Easing: Evidence from YCC Down Under,10.1111/jofi.13307,original_package_used,True,11772,19,True,False,False,True,False,True,True,True,True,True,True,True,True
7cd3e01f177c1a44,JF,2024,2024,The Portfolio-Driven Disposition Effect,10.1111/jofi.13378,original_package_used,True,11031,29,True,False,True,True,True,True,False,True,True,True,True,True,True
95d85f9b2a844760,JF,2024,2024,The SOE Premium and Government Support in China’s Credit Market,10.1111/jofi.13380,original_package_used,True,19873,41,True,False,False,True,False,False,True,True,True,True,True,True,True
c42c9f9629417170,JF,2024,2024,The Term Structure of Covered Interest Rate Parity Violations,10.1111/jofi.13336,original_package_used,True,12601,29,True,False,False,True,False,True,True,True,False,False,True,True,True
b234eb6bab49b911,JF,2024,2024,The Time-Varying Price of Financial Intermediation in the Mortgage Market,10.1111/jofi.13358,original_package_used,True,16911,34,True,False,False,True,False,False,True,True,True,False,True,True,True
6b00151dce4d39e6,JF,2024,2024,The Virtue of Complexity in Return Prediction,10.1111/jofi.13298,original_package_used,True,15031,24,True,False,False,True,False,True,True,True,True,False,True,True,True
f5a71f4ec9afab3b,JF,2024,2024,The Working Capital Credit Multiplier,10.1111/jofi.13385,original_package_used,True,21457,33,True,False,False,True,False,True,True,True,True,False,True,True,True
4ae4c5aac95bdc02,JF,2024,2024,"Time-Consistent Individuals, Time-Inconsistent Households",10.1111/jofi.13392,original_package_used,True,13001,35,True,False,False,False,False,False,True,False,True,False,True,True,True
af1ac94e18a135fa,JF,2024,2024,Tracing the International Transmission of a Crisis through Multinational Firms,10.1111/jofi.13338,original_package_used,True,14828,49,True,False,True,True,False,True,False,True,False,True,True,True,True
5812bd1b7aed06f6,JF,2024,2024,Trading and Shareholder Democracy,10.1111/jofi.13289,original_package_used,True,19370,27,True,False,True,False,False,False,True,True,True,False,True,True,True
2913039d52125678,JF,2024,2024,Treasury Bill Shortages and the Pricing of Short-Term Assets,10.1111/jofi.13376,original_package_used,True,18223,38,True,False,False,True,False,True,True,True,True,True,True,True,True
ebdea2b97a8549a5,JF,2024,2024,Treasury Richness,10.1111/jofi.13371,original_package_used,True,15044,40,True,False,True,True,False,False,False,True,False,False,True,True,True
142736ace48e3467,JF,2024,2024,Unobserved Performance of Hedge Funds,10.1111/jofi.13368,original_package_used,True,13590,24,True,False,False,True,False,False,False,True,True,True,True,True,True
2d29d2c02335186b,JF,2024,2024,Utility Tokens as a Commitment to Competition,10.1111/jofi.13389,original_package_used,True,21521,32,True,False,False,False,False,False,True,True,True,False,True,True,True
0627b01fca24ef5d,JF,2024,2024,Very Noisy Option Prices and Inference Regarding the Volatility Risk Premium,10.1111/jofi.13365,original_package_used,True,13975,28,True,False,False,True,False,True,True,True,True,False,True,True,True
e7c09bec56b14c93,JF,2024,2024,What Drives Variation in the U.S. Debt-to-Output Ratio? The Dogs that Did not Bark,10.1111/jofi.13363,original_package_used,True,17705,36,True,False,False,True,False,False,False,True,True,False,True,True,True
e4744219354dd743,JF,2024,2024,Zombie Credit and (Dis-)Inflation: Evidence from Europe,10.1111/jofi.13342,original_package_used,True,16577,47,True,False,False,True,False,True,True,True,False,True,True,True,True
6356a2f88cf02058,JF,2025,2025,Anomalies and Their Short-Sale Costs,10.1111/jofi.13501,original_package_used,True,17912,31,True,False,True,True,False,True,False,True,True,False,True,True,True
91c36275f2ce626b,JF,2025,2025,Arbitrage Capital of Global Banks,10.1111/jofi.13478,original_package_used,True,17555,41,True,False,False,True,True,True,True,True,True,False,True,True,True
4346015fcd0f856d,JF,2025,2025,Are CEOs Rewarded for Luck? Evidence from Corporate Tax Windfalls,10.1111/jofi.13448,original_package_used,True,13518,34,True,False,True,True,True,True,False,True,True,True,True,True,True
0a45654bf242b750,JF,2025,2025,Auctions versus Negotiations: The Role of the Payment Structure,10.1111/jofi.13446,original_package_used,True,16396,29,True,False,True,False,True,False,True,False,False,True,True,True,True
94bd32ea0792e68b,JF,2025,2025,Baby Booms and Asset Booms: Demographic Change and the Housing Market,10.1111/jofi.13480,original_package_used,True,14708,22,True,False,True,True,True,True,False,True,False,True,True,True,True
e0d4eca4feaa88d0,JF,2025,2025,"Bank Funding Risk, Reference Rates, and Credit Supply",10.1111/jofi.13411,original_package_used,True,17575,32,True,False,True,True,False,False,True,False,True,True,True,True,True
0a7d8f70b2aa9467,JF,2025,2025,"Banks, Low Interest Rates, and Monetary Policy Transmission",10.1111/jofi.13436,original_package_used,True,13451,23,True,False,True,False,False,False,True,True,True,False,True,True,True
50ddfaec9b48fb87,JF,2025,2025,"CEO Stress, Aging, and Death",10.1111/jofi.13497,original_package_used,True,16648,33,True,False,False,True,False,True,False,True,True,True,True,True,True
b24da113c34ba8d0,JF,2025,2025,Carbon Returns across the Globe,10.1111/jofi.13402,original_package_used,True,8552,33,True,False,False,True,False,True,False,True,True,False,True,True,True
1925210745b9d68f,JF,2025,2025,Collusion in Brokered Markets,10.1111/jofi.13432,original_package_used,True,16240,39,True,False,False,False,False,False,True,False,False,False,True,True,True
502579d39bae3f20,JF,2025,2025,Conflicting Priorities: A Theory of Covenants and Collateral,10.1111/jofi.13445,original_package_used,True,10719,31,True,False,False,False,False,False,True,True,True,False,True,True,True
7e2466c9823e54e0,JF,2025,2025,Creating Controversy in Proxy Voting Advice,10.1111/jofi.13438,original_package_used,True,19874,39,True,False,False,False,False,False,True,True,False,True,True,True,True
dd9cc4845050d8cd,JF,2025,2025,Crisis Interventions in Corporate Insolvency,10.1111/jofi.13421,original_package_used,True,14374,25,True,False,False,False,False,False,True,True,False,True,True,True,True
b60b02c98f207250,JF,2025,2025,Decentralized Exchange: The Uniswap Automated Market Maker,10.1111/jofi.13405,original_package_used,True,16455,36,True,False,False,True,False,False,True,True,False,False,True,True,True
1028ac768db9c2d8,JF,2025,2025,Designing Stress Scenarios,10.1111/jofi.13422,original_package_used,True,12787,42,True,False,False,False,False,False,False,True,True,False,True,True,True
4a45496434c781cd,JF,2025,2025,Does Floor Trading Matter?,10.1111/jofi.13401,original_package_used,True,13465,29,True,False,False,True,True,True,False,True,False,True,True,True,True
b3d20b9ae0644162,JF,2025,2025,Does Saving Cause Borrowing? Implications for the Coholding Puzzle,10.1111/jofi.13466,original_package_used,True,15417,35,True,False,False,True,True,True,True,True,True,True,True,True,True
721a466404bbba80,JF,2025,2025,Dynamic Banking and the Value of Deposits,10.1111/jofi.13454,original_package_used,True,15912,21,True,False,False,False,False,False,True,True,True,False,True,True,True
42e121ef709df36c,JF,2025,2025,Dynamic Competition in Negotiated Price Markets,10.1111/jofi.13408,original_package_used,True,18158,41,True,False,False,True,True,True,True,True,True,True,True,True,True
ca95bcbe0a40fcc0,JF,2025,2025,"ESG News, Future Cash Flows, and Firm Value",10.1111/jofi.13498,original_package_used,True,11280,23,True,False,False,True,False,False,False,False,False,True,True,True,True
db1f560fe5e68b19,JF,2025,2025,Equilibrium Data Mining and Data Abundance,10.1111/jofi.13397,original_package_used,True,15830,25,True,False,True,True,False,False,True,True,True,False,True,True,True
3796908adc55dff4,JF,2025,2025,"Excess Capacity, Marginal q, and Corporate Investment",10.1111/jofi.13439,original_package_used,True,18980,43,True,False,False,True,False,False,True,True,True,False,True,True,True
09554d89ffa18842,JF,2025,2025,Feedback Effects and Systematic Risk Exposures,10.1111/jofi.13427,original_package_used,True,15321,26,True,False,True,False,False,False,True,True,False,True,True,True,True
a9e18255494238b6,JF,2025,2025,FinTech Lending and Cashless Payments,10.1111/jofi.70003,original_package_used,True,16302,45,True,False,False,True,True,True,True,True,True,True,True,True,True
9e7f2e8bfbc3db29,JF,2025,2025,Forest through the Trees: Building Cross-Sections of Stock Returns,10.1111/jofi.13477,original_package_used,True,19639,32,True,False,True,True,False,True,True,True,True,False,True,True,True
fe0dceb6a0525d1c,JF,2025,2025,Going for Broke: Bank Reputation and the Performance of Opaque Securities,10.1111/jofi.13503,original_package_used,True,15968,38,True,False,False,True,True,False,True,True,True,True,True,True,True
2d7ed4354f8f00db,JF,2025,2025,Green Window Dressing,10.1111/jofi.13499,original_package_used,True,12537,30,True,False,False,True,False,True,False,True,True,True,True,True,True
2924e07a35b05b16,JF,2025,2025,Household Portfolios and Retirement Saving over the Life Cycle,10.1111/jofi.13473,original_package_used,True,15134,25,True,False,False,True,False,False,False,True,False,False,True,True,True
b44df88b4ddfbef1,JF,2025,2025,How Credit Cycles across a Financial Crisis,10.1111/jofi.13431,original_package_used,True,13897,35,True,False,False,True,False,False,False,True,True,False,True,True,True
8934f608e1d2e66c,JF,2025,2025,How Much Does Racial Bias Affect Mortgage Lending? Evidence from Human and Algorithmic Credit Decisions,10.1111/jofi.13444,original_package_used,True,11383,26,True,False,False,True,False,False,False,True,False,True,True,True,True
1ec9a639900b2285,JF,2025,2025,Impediments to the Schumpeterian Process in the Replacement of Large Firms,10.1111/jofi.13481,original_package_used,True,12494,29,True,False,False,True,False,False,False,True,False,False,True,True,True
ff8aa2890671a14c,JF,2025,2025,In Too Deep: The Effect of Sunk Costs on Corporate Investment,10.1111/jofi.13430,original_package_used,True,19833,44,True,False,False,True,False,True,True,True,True,True,True,True,True
d44e80052945a39b,JF,2025,2025,"In the Red: Overdrafts, Payday Lending, and the Underbanked",10.1111/jofi.13447,original_package_used,True,16754,44,True,False,True,True,True,False,False,True,True,True,True,True,True
d5243b8ca4ba3ea0,JF,2025,2025,Interlocking Directorates and Competition in Banking,10.1111/jofi.13464,original_package_used,True,19108,42,True,False,False,True,False,True,False,True,True,True,True,True,True
49ad9f9f01299510,JF,2025,2025,Intermediary Leverage Shocks and Funding Conditions,10.1111/jofi.13407,original_package_used,True,14791,46,True,False,True,True,False,True,True,True,True,False,True,True,True
1b802456c1a10a57,JF,2025,2025,Intrahousehold Disagreement about Macroeconomic Expectations,10.1111/jofi.13437,original_package_used,True,15229,29,True,False,False,True,False,False,False,True,False,True,True,True,True
6336316637187f24,JF,2025,2025,Investor Factors,10.1111/jofi.13474,original_package_used,True,15501,34,True,False,False,True,False,False,True,True,True,True,True,True,True
147aaca3fe33c875,JF,2025,2025,Is the United States a Lucky Survivor? A Hierarchical Bayesian Approach,10.1111/jofi.13452,original_package_used,True,9742,19,True,False,False,True,False,True,True,True,True,False,True,True,True
5a9136d2f722b168,JF,2025,2025,Long-Horizon Exchange Rate Expectations,10.1111/jofi.13504,original_package_used,True,9687,25,True,False,False,True,False,False,False,False,True,False,True,True,True
aba4d7570d4aac5d,JF,2025,2025,Over-the-Counter Markets for Nonstandardized Assets,10.1111/jofi.13483,original_package_used,True,15149,17,True,False,False,False,False,False,True,True,True,False,True,True,True
a294395e987d60cb,JF,2025,2025,Personal Communication in an Automated World: Evidence from Loan Repayments,10.1111/jofi.13388,original_package_used,True,15283,35,True,False,False,True,True,True,False,True,True,True,True,True,True
7e2dab66d98cddc8,JF,2025,2025,Persuading Investors: A Video-Based Study,10.1111/jofi.13471,original_package_used,True,18696,44,True,False,False,True,True,True,True,True,False,True,True,True,True
3cf73673a5964be2,JF,2025,2025,Pockets of Predictability: A Replication,10.1111/jofi.13484,original_package_used,True,6119,21,True,False,False,True,False,True,False,True,True,False,True,True,True
fef4f583e5001ad8,JF,2025,2025,Pricing Poseidon: Extreme Weather Uncertainty and Firm Return Dynamics,10.1111/jofi.13416,original_package_used,True,14812,34,True,False,False,True,False,True,True,True,True,True,True,True,True
cbd727fde5b95279,JF,2025,2025,Privacy and Team Incentives,10.1111/jofi.13496,original_package_used,True,21129,20,True,False,True,False,True,False,True,False,False,False,True,True,True
463bf2ce204e6c0f,JF,2025,2025,Private Equity and Financial Stability: Evidence from Failed-Bank Resolution in the Crisis,10.1111/jofi.13399,original_package_used,True,17387,39,True,False,False,True,True,False,False,True,False,False,True,True,True
4c9505ed13893039,JF,2025,2025,Raising Capital from Investor Syndicates with Strategic Communication,10.1111/jofi.13453,original_package_used,True,18495,49,True,False,True,False,False,False,True,False,False,False,True,True,True
32d5f59c37ff692c,JF,2025,2025,Regulating Over-the-Counter Markets,10.1111/jofi.13461,original_package_used,True,10487,22,True,False,False,False,False,False,True,True,False,True,True,True,True
ea2b968782ebbe87,JF,2025,2025,Regulatory Fragmentation,10.1111/jofi.13423,original_package_used,True,14155,45,True,False,False,True,False,True,False,True,True,True,True,True,True
4e3b64bd3966ce83,JF,2025,2025,Repo over the Financial Crisis,10.1111/jofi.13406,original_package_used,True,9029,24,True,False,False,True,True,False,False,True,False,False,True,True,True
8b132d2272b4cb17,JF,2025,2025,"Scope, Scale, and Concentration: The 21st-Century Firm",10.1111/jofi.13400,original_package_used,True,16884,43,True,False,True,True,False,True,False,True,True,False,True,True,True
92885cce3c27f8e7,JF,2025,2025,Segmented Arbitrage,10.1111/jofi.13469,original_package_used,True,16044,40,True,False,False,True,False,False,True,True,False,False,True,True,True
273b36fa49ec974a,JF,2025,2025,Sending Out an SMS: Automatic Enrollment Experiments for Overdraft Alerts,10.1111/jofi.13404,original_package_used,True,16294,42,True,False,True,True,True,True,False,True,False,True,True,True,True
6f75e1e760e8495d,JF,2025,2025,Simplicity and Risk,10.1111/jofi.13417,original_package_used,True,18676,42,True,False,False,False,False,False,True,True,True,False,True,True,True
0a474d2ba320932e,JF,2025,2025,Social Security and Trends in Wealth Inequality,10.1111/jofi.13440,original_package_used,True,11893,31,True,False,False,True,False,False,False,True,True,True,True,True,True
1630ac1354fc3d71,JF,2025,2025,Superstar Returns? Spatial Heterogeneity in Returns to Housing,10.1111/jofi.13479,original_package_used,True,13710,23,True,False,False,True,False,True,False,True,False,True,True,True,True
5aeda0041accfa90,JF,2025,2025,Sustainability or Greenwashing: Evidence from the Asset Market for Industrial Pollution,10.1111/jofi.13412,original_package_used,True,19831,45,True,False,False,True,False,False,False,True,True,True,True,True,True
f6b6d8bb5d4b9660,JF,2025,2025,Test Assets and Weak Factors,10.1111/jofi.13415,original_package_used,True,21342,33,True,False,False,True,False,True,True,True,True,False,True,True,True
e600681f1949bdd7,JF,2025,2025,The Allocation of Socially Responsible Capital,10.1111/jofi.13425,original_package_used,True,10562,26,True,False,True,False,False,True,True,True,False,False,True,True,True
ea173f4fa63e228a,JF,2025,2025,The Credit Line Channel,10.1111/jofi.13486,original_package_used,True,16498,28,True,False,False,True,False,False,True,True,True,True,True,True,True
e477dd59d7e09263,JF,2025,2025,The Disappearing Index Effect,10.1111/jofi.13410,original_package_used,True,13358,27,True,False,False,True,True,False,False,True,True,True,True,True,True
86a8efc8e50140e0,JF,2025,2025,The Global Credit Spread Puzzle,10.1111/jofi.13409,original_package_used,True,20705,40,True,False,True,True,False,True,True,True,True,False,True,True,True
048fd3d3d350874d,JF,2025,2025,The Impact of Minority Representation at Mortgage Lenders,10.1111/jofi.13428,original_package_used,True,14358,32,True,False,False,True,False,True,False,True,False,True,True,True,True
b2446d7d59c38bc5,JF,2025,2025,The Impact of the Financial Education of Executives on the Financial Practices of Medium and Large Enterprises,10.1111/jofi.13476,original_package_used,True,16396,30,True,False,True,True,False,True,False,True,True,True,True,True,True
261586c84ece4c39,JF,2025,2025,The Imperfect Intermediation of Money-Like Assets,10.1111/jofi.13500,original_package_used,True,13259,26,True,False,False,True,False,False,True,True,True,True,True,True,True
331cbecd2d7019b4,JF,2025,2025,The Long-Lasting Effects of Experiencing Communism on Attitudes toward Financial Markets,10.1111/jofi.70006,original_package_used,True,15207,27,True,False,False,True,True,False,False,True,True,True,True,True,True
65fe5035b2210abd,JF,2025,2025,The Propagation of Cyberattacks through the Financial System: Evidence from an Actual Event,10.1111/jofi.13475,original_package_used,True,15704,21,True,False,True,True,False,False,False,True,True,True,True,True,True
022550bf6be4ece7,JF,2025,2025,The Stock Market and Bank Risk-Taking,10.1111/jofi.13502,original_package_used,True,14516,31,True,False,False,True,False,True,True,True,True,True,True,True,True
fe3095c6ed7fb466,JF,2025,2025,The Term Structure of Interest Rates in a Heterogeneous Monetary Union,10.1111/jofi.13463,original_package_used,True,16843,21,True,False,False,False,False,False,True,True,True,True,True,True,True
e34ba59962818b99,JF,2025,2025,The Value of Bank Lending,10.1111/jofi.13465,original_package_used,True,16220,33,True,False,True,True,False,True,True,True,True,False,True,True,True
45bf54adc19439a2,JF,2025,2025,The “Actual Retail Price” of Equity Trades,10.1111/jofi.13467,original_package_used,True,11986,29,True,False,True,False,True,False,False,False,False,False,True,True,True
8d9cfbf423cce770,JF,2025,2025,Thirty Years of Change: The Evolution of Classified Boards,10.1111/jofi.13485,original_package_used,True,17754,37,True,False,True,True,True,True,False,True,True,True,True,True,True
f55af3a383e3b3ce,JF,2025,2025,"Too Much, Too Soon, for Too Long: The Dynamics of Competitive Executive Compensation",10.1111/jofi.13470,original_package_used,True,16153,40,True,False,False,False,False,False,True,True,True,False,True,True,True
4e0820a275db3260,JF,2025,2025,Uncovering the Hidden Effort Problem,10.1111/jofi.13429,original_package_used,True,13395,24,True,False,False,True,False,False,False,False,False,False,True,True,True
af63102e658e6f6d,JF,2025,2025,Value without Employment,10.1111/jofi.13505,original_package_used,True,16559,36,True,False,True,True,False,False,True,True,False,False,True,True,True
025d6d52df9cc889,JF,2025,2025,Venture Capital and Startup Agglomeration,10.1111/jofi.13451,original_package_used,True,15084,40,True,False,True,True,True,True,False,False,True,False,True,True,True
b32f81154dcfb3bd,JF,2025,2025,War Discourse and the Cross Section of Expected Stock Returns,10.1111/jofi.13482,original_package_used,True,14455,38,True,False,False,True,True,True,True,True,True,False,True,True,True
c95fee269ed83964,JF,2025,2025,Wealth and Insurance Choices: Evidence from U.S. Households,10.1111/jofi.13426,original_package_used,True,14857,38,True,False,False,True,True,False,True,True,False,False,True,True,True
eaf7966da5f24c64,JF,2025,2025,What Is the Cost of Privatization for Workers?,10.1111/jofi.13462,original_package_used,True,15735,49,True,False,False,True,True,True,True,True,True,True,True,True,True
f315dfd6bc85d185,JF,2025,2025,Women in Charge: Evidence from Hospitals,10.1111/jofi.13455,original_package_used,True,17094,39,True,False,True,True,True,False,False,True,True,False,True,True,True
e3a0e7a466d12fa6,JF,2025,2025,Worker Runs,10.1111/jofi.13424,original_package_used,True,17900,21,True,False,False,False,False,False,True,False,False,False,True,True,True
7a0de74aa496774f,JF,2025,2025,"Working More to Pay the Mortgage: Household Debt, Interest Rates, and Family Labor Supply",10.1111/jofi.13413,original_package_used,True,13581,26,True,False,False,True,True,True,False,False,False,True,True,True,True
601b55b5270a4bf9,JF,2025,2025,Would Order-By-Order Auctions Be Competitive?,10.1111/jofi.13449,original_package_used,True,14170,27,True,False,False,False,True,False,True,False,True,True,True,True,True
3c116554d2fc150b,JFE,2020,2020,A comparison of some structural models of private information arrival,10.1016/j.jfineco.2019.08.005,original_package_used,True,13372,16,False,True,False,True,False,False,True,False,True,False,True,False,True
89322a08bc8d7b6f,JFE,2020,2020,Active catering to dividend clienteles: Evidence from takeovers,10.1016/j.jfineco.2020.04.002,original_package_used,True,13082,27,False,True,True,True,False,True,False,True,False,False,True,True,True
cdeadf427fd2e503,JFE,2020,2020,Activism and Empire Building,10.1016/j.jfineco.2020.06.001,original_package_used,True,10717,28,True,True,False,True,False,False,False,False,True,False,True,True,True
3ca92e2a5f8cb7fa,JFE,2020,2020,Adverse selection and the performance of private equity co-investments,10.1016/j.jfineco.2019.01.009,original_package_used,True,13346,24,False,True,False,True,False,False,False,True,False,False,True,False,True
9185f0f7f9220578,JFE,2020,2020,Agency Conflicts and Short- versus Long-Termism in Corporate Policies,10.1016/j.jfineco.2019.12.003,original_package_used,True,16334,43,True,True,False,False,False,False,True,True,True,False,True,True,True
00aeec9bc81147f0,JFE,2020,2020,All the President’s Friends: Political Access and Firm Value,10.1016/j.jfineco.2020.05.004,original_package_used,True,10794,17,False,True,False,True,False,False,False,True,False,False,True,True,True
868cea0fa29c3f27,JFE,2020,2020,An ill wind? Terrorist attacks and CEO compensation,10.1016/j.jfineco.2019.06.005,original_package_used,True,9640,19,False,True,False,True,False,True,True,True,True,True,True,True,True
004048add36f8177,JFE,2020,2020,An inconvenient cost: The effects of climate change on municipal bonds,10.1016/j.jfineco.2019.06.006,original_package_used,True,9134,16,False,True,False,True,False,False,False,True,True,False,True,False,True
a8bafee6692c0fd7,JFE,2020,2020,"Anomalies across the globe: Once public, no longer existent?",10.1016/j.jfineco.2019.06.004,original_package_used,True,8740,23,True,True,False,True,False,False,False,True,False,False,True,False,True
5e54d119ade3fa77,JFE,2020,2020,Are early stage investors biased against women?,10.1016/j.jfineco.2019.07.002,original_package_used,True,15370,31,False,True,True,True,False,False,False,True,True,True,True,False,True
442029c047fe2d4a,JFE,2020,2020,Asset Pricing: A Tale of Night and Day,10.1016/j.jfineco.2020.06.006,original_package_used,True,17217,20,True,True,False,True,False,True,False,True,True,False,True,True,True
cf0ddba618bd78ca,JFE,2020,2020,At the table but can’t break through the glass ceiling: Board leadership positions elude diverse directors,10.1016/j.jfineco.2020.04.001,original_package_used,True,17862,30,True,True,False,True,False,False,False,True,False,True,True,False,True
f3db8b999d439479,JFE,2020,2020,Bank net worth and frustrated monetary policy,10.1016/j.jfineco.2020.06.007,original_package_used,True,9027,36,True,True,False,False,False,False,True,False,False,False,True,True,True
67c42141dcfc965a,JFE,2020,2020,Betting against correlation: Testing theories of the low-risk effect,10.1016/j.jfineco.2019.07.003,original_package_used,True,14613,41,True,True,False,True,False,True,False,True,True,False,True,False,True
f70ccfc00d71df8f,JFE,2020,2020,Blockholder Voting,10.1016/j.jfineco.2019.11.005,original_package_used,True,16591,28,True,True,True,False,False,False,True,True,True,False,True,True,True
4a2aca913a660204,JFE,2020,2020,"Board Structure, Director Expertise, and Advisory Role of Outside Directors",10.1016/j.jfineco.2020.05.008,original_package_used,True,11281,19,True,True,False,True,True,True,False,True,True,False,True,False,True
80ad30b9d46befd9,JFE,2020,2020,Business Cycles and Currency Returns,10.1016/j.jfineco.2020.04.005,original_package_used,True,13170,33,True,True,True,True,False,True,True,True,False,False,True,False,True
261e49e6e9be4769,JFE,2020,2020,CEO-BOARD DYNAMICS,10.1016/j.jfineco.2020.04.007,original_package_used,True,14764,26,True,True,False,True,False,False,False,True,True,False,True,True,True
37d87ed184d9aa97,JFE,2020,2020,CEOs’ Outside Opportunities and Relative Performance Evaluation: Evidence from a Natural Experiment,10.1016/j.jfineco.2020.03.007,original_package_used,True,13252,23,True,True,False,True,True,False,False,True,True,True,True,False,True
bdc7216e90cd9d4e,JFE,2020,2020,Can Ethics be Taught? Evidence from Securities Exams and Investment Adviser Misconduct,10.1016/j.jfineco.2020.04.008,original_package_used,True,9439,30,True,True,False,True,True,True,False,True,False,True,True,True,True
444503d14c388568,JFE,2020,2020,"Capital Requirements, Risk Choice, and Liquidity Provision in a Business-Cycle Model",10.1016/j.jfineco.2019.10.004,original_package_used,True,15472,56,True,True,False,True,False,False,True,True,True,False,True,True,True
013377ba52bdd0f2,JFE,2020,2020,Capital gains taxation and funding for start-ups,10.1016/j.jfineco.2020.06.009,original_package_used,True,13709,31,False,True,False,True,True,True,False,True,True,False,True,True,True
3270c2c237b2373a,JFE,2020,2020,Cheap-Stock Tunneling Around Preemptive Rights,10.1016/j.jfineco.2020.03.001,original_package_used,True,14230,28,True,True,True,False,False,False,True,False,True,False,True,True,True
1b9a9303294c8f20,JFE,2020,2020,CoCo issuance and bank fragility,10.1016/j.jfineco.2020.06.008,original_package_used,True,13109,25,False,True,False,True,True,False,True,False,False,False,True,True,True
0d27911d0a7138e2,JFE,2020,2020,Collateral constraints and asset prices,10.1016/j.jfineco.2020.06.012,original_package_used,True,14457,22,False,True,False,False,False,True,True,True,False,True,True,True,True
e56c26e5bbb08225,JFE,2020,2020,Competition and Cooperation in Mutual Fund Families,10.1016/j.jfineco.2019.09.004,original_package_used,True,13990,42,False,True,False,True,False,False,False,True,True,True,True,False,False
faa81a69974fa27e,JFE,2020,2020,Concentration of Control Rights in Leveraged Loan Syndicates,10.1016/j.jfineco.2020.02.002,original_package_used,True,14743,30,True,True,False,True,True,False,False,True,True,False,True,True,True
85c923b3ad877d69,JFE,2020,2020,Corporate bond mutual funds and asset fire sales,10.1016/j.jfineco.2020.05.006,original_package_used,True,13706,41,True,True,False,True,False,True,False,True,False,False,True,True,True
bef61b67f7314059,JFE,2020,2020,Credit and Social Unrest: Evidence from 1930s China,10.1016/j.jfineco.2020.05.001,original_package_used,True,12590,24,True,True,False,True,True,False,False,True,True,True,True,True,True
72ad627775f7f668,JFE,2020,2020,Credit migration and covered interest rate parity,10.1016/j.jfineco.2020.06.002,original_package_used,True,13776,32,False,True,False,True,False,False,True,True,True,True,True,False,True
8f29333eb5c5f52a,JFE,2020,2020,Cross-Asset Signals and Time Series Momentum,10.1016/j.jfineco.2019.02.011,original_package_used,True,11412,46,True,True,False,True,False,False,False,True,False,True,True,True,True
a454a1a49eb27e26,JFE,2020,2020,Dancing with activists,10.1016/j.jfineco.2020.01.001,original_package_used,True,23907,53,True,True,False,True,True,True,True,True,True,False,True,True,True
8de04de334e03c24,JFE,2020,2020,"Dealers’ insurance, market structure, and liquidity",10.1016/j.jfineco.2020.06.013,original_package_used,True,15025,41,False,True,False,False,True,False,True,False,True,False,True,True,True
40b68370085ca6ee,JFE,2020,2020,Debt Collection Agencies and the Supply of Consumer Credit,10.1016/j.jfineco.2020.05.002,original_package_used,True,16534,25,True,True,False,True,False,False,True,True,True,False,True,True,True
74815554680f1147,JFE,2020,2020,Democracy and Credit,10.1016/j.jfineco.2019.09.013,original_package_used,True,13442,24,False,True,False,True,False,True,False,True,True,False,True,False,True
be9107b8eeb79753,JFE,2020,2020,Disguised corruption: Evidence from consumer credit in China,10.1016/j.jfineco.2020.03.002,original_package_used,True,13046,29,False,True,False,True,True,False,False,True,True,True,True,True,True
01fafbd5729c9ee9,JFE,2020,2020,Do dividends convey information about future earnings?,10.1016/j.jfineco.2019.10.006,original_package_used,True,13369,17,True,True,True,True,False,False,False,True,False,False,True,False,True
8cb036c324b014ee,JFE,2020,2020,Do fire sales create externalities?,10.1016/j.jfineco.2019.08.001,original_package_used,True,15489,31,False,True,False,True,False,False,True,True,True,False,True,True,True
4bfa80ceafc5b59f,JFE,2020,2020,Do people feel less at risk? Evidence from disaster experience,10.1016/j.jfineco.2020.06.010,original_package_used,True,14289,32,False,True,False,True,False,True,True,True,True,False,True,False,True
bb87fda90cde5435,JFE,2020,2020,Does protectionist anti-takeover legislation lead to managerial entrenchment?,10.1016/j.jfineco.2019.03.014,original_package_used,True,18319,39,False,True,True,True,True,True,False,True,True,False,True,True,True
54cafa83427da7e0,JFE,2020,2020,Does size matter? Bailouts with large and small banks,10.1016/j.jfineco.2019.09.005,original_package_used,True,16186,37,False,True,False,False,False,False,True,True,True,False,True,True,True
cb483130d0587453,JFE,2020,2020,Does the Lack of Financial Stability Impair the Transmission of Monetary Policy?,10.1016/j.jfineco.2020.06.011,original_package_used,True,13868,43,True,True,True,True,True,False,True,False,False,False,True,True,True
9445d9b8a5dfbbca,JFE,2020,2020,Does the Ross recovery theorem work empirically?,10.1016/j.jfineco.2020.03.006,original_package_used,True,9679,30,False,True,False,False,False,True,False,True,True,False,True,False,True
efd2fe938d749707,JFE,2020,2020,Does the stock market make firms more productive?,10.1016/j.jfineco.2019.09.006,original_package_used,True,18471,54,True,True,True,True,False,True,False,True,True,True,True,True,False
06499fe487a875db,JFE,2020,2020,Dynamic interventions and informational linkages,10.1016/j.jfineco.2019.05.011,original_package_used,True,10290,23,True,True,False,False,False,False,True,False,True,False,True,False,True
d9b5c857321ae844,JFE,2020,2020,"Earnings, retained earnings, and book-to-market in the cross section of expected returns",10.1016/j.jfineco.2019.05.013,original_package_used,True,14478,25,True,True,False,True,False,False,False,True,False,False,True,True,True
79a9e148f1163af1,JFE,2020,2020,Economic momentum and currency returns,10.1016/j.jfineco.2019.09.002,original_package_used,True,10237,22,True,True,False,True,False,False,False,False,True,False,True,False,True
c66179b1768d58b5,JFE,2020,2020,Emergency loans and collateral upgrades: How broker-dealers used Federal Reserve credit during the 2008 financial crisis,10.1016/j.jfineco.2020.03.005,original_package_used,True,14385,23,False,True,False,True,True,False,False,True,True,False,True,True,True
693a580811485beb,JFE,2020,2020,Empirical analysis of corporate tax reforms: What is the null and where did it come from?,10.1016/j.jfineco.2019.08.006,original_package_used,True,17428,27,False,True,False,True,False,False,True,True,False,False,True,False,True
b317cb3db38807e8,JFE,2020,2020,Employment effects of unconventional monetary policy: Evidence from QE,10.1016/j.jfineco.2019.07.004,original_package_used,True,15824,24,False,True,True,True,False,True,False,True,False,False,True,False,True
29f5773625ebef36,JFE,2020,2020,Exchanges of innovation resources inside venture capital portfolios,10.1016/j.jfineco.2019.05.017,original_package_used,True,14526,22,True,True,False,True,True,True,False,True,True,True,True,False,True
d7943ac3c0095647,JFE,2020,2020,Financial intermediation and capital reallocation,10.1016/j.jfineco.2020.06.017,original_package_used,True,15994,49,False,True,False,True,False,False,True,True,False,False,True,True,True
acda555b1d1316a2,JFE,2020,2020,Financing Dies in Darkness? The Impact of Newspaper Closures on Public Finance,10.1016/j.jfineco.2019.06.003,original_package_used,True,15811,20,True,True,False,True,False,False,True,True,True,False,True,False,True
fd8d250a2e10daf6,JFE,2020,2020,Fiscal policy driven bond risk premia,10.1016/j.jfineco.2020.04.010,original_package_used,True,11404,33,True,True,False,False,True,True,True,True,False,False,True,False,True
efd1fa5cd5730ea0,JFE,2020,2020,Fund tradeoffs,10.1016/j.jfineco.2020.06.005,original_package_used,True,15599,33,False,True,False,True,False,False,True,True,True,False,True,True,True
847a15e0e428f729,JFE,2020,2020,Global Currency Hedging with Common Risk Factors,10.1016/j.jfineco.2019.12.001,original_package_used,True,16244,50,True,True,True,True,False,True,True,True,True,False,True,False,True
b93fe151dd636673,JFE,2020,2020,Governance through Shame and Aspiration: Index Creation and Corporate Behavior,10.1016/j.jfineco.2019.07.005,original_package_used,True,12513,29,True,True,False,True,True,True,False,True,False,False,True,True,True
d59d4589755bf7fc,JFE,2020,2020,Heterogeneous beliefs and return volatility around seasoned equity offerings,10.1016/j.jfineco.2020.03.003,original_package_used,True,10424,20,False,True,False,True,True,False,False,True,True,True,True,True,True
e8c207f8b7d79fc0,JFE,2020,2020,How Do Venture Capitalists Make Decisions?,10.1016/j.jfineco.2019.06.011,original_package_used,True,13748,26,True,True,False,False,False,True,False,False,False,False,True,False,True
78c5c5af43df8e06,JFE,2020,2020,How does labor market size affect firm capital structure? Evidence from large plant openings,10.1016/j.jfineco.2020.04.012,original_package_used,True,12046,30,False,True,False,True,False,False,True,True,True,True,True,False,True
3b886df5e89e305e,JFE,2020,2020,I Can See Clearly Now: The Impact of Disclosure Requirements on 401(k) Fees,10.1016/j.jfineco.2019.10.001,original_package_used,True,13242,24,True,True,False,True,True,False,False,True,False,False,True,True,True
5cd8c855dc4cebbd,JFE,2020,2020,IQ from IP: Simplifying Search in Portfolio Choice,10.1016/j.jfineco.2020.04.014,original_package_used,True,13130,24,False,True,True,True,True,False,False,True,True,True,True,False,True
33164be1a3742a59,JFE,2020,2020,Idea Sharing and the Performance of Mutual Funds,10.1016/j.jfineco.2019.05.015,original_package_used,True,16994,38,False,True,False,False,False,False,True,False,True,False,True,False,True
d21f212c382f56e2,JFE,2020,2020,Information Flows among Rivals and Corporate Investment,10.1016/j.jfineco.2019.11.008,original_package_used,True,13462,18,False,True,False,True,False,False,False,False,True,False,True,True,True
2443ff24047cc559,JFE,2020,2020,"Information arrival, delay, and clustering in financial markets with dynamic freeriding",10.1016/j.jfineco.2020.04.011,original_package_used,True,17714,25,False,True,True,False,False,False,True,True,True,True,True,False,True
df5522a3a0e215a9,JFE,2020,2020,Institutional Allocations in the Primary Market for Corporate Bonds,10.1016/j.jfineco.2020.02.007,original_package_used,True,13117,23,True,True,False,True,True,False,False,True,False,False,True,False,True
7c29e2b0230d41e8,JFE,2020,2020,Institutional Shareholders and Corporate Social Responsibility,10.1016/j.jfineco.2019.06.007,original_package_used,True,12788,26,True,True,False,True,True,True,False,True,True,True,True,False,False
41bc3f78564e2835,JFE,2020,2020,International R&D Spillovers and Asset Prices,10.1016/j.jfineco.2019.09.009,original_package_used,True,14945,51,True,True,False,True,False,False,True,True,True,True,True,True,True
b30431d94617c270,JFE,2020,2020,Inventor CEOs,10.1016/j.jfineco.2019.06.009,original_package_used,True,13118,21,True,True,False,True,False,True,False,True,False,True,True,False,True
be946a7fbc64db94,JFE,2020,2020,Investor Experiences and Financial Market Dynamics,10.1016/j.jfineco.2019.11.002,original_package_used,True,15884,35,True,True,False,False,False,False,True,True,False,False,True,True,False
0b3872130d3acc91,JFE,2020,2020,Investor ideology,10.1016/j.jfineco.2020.03.004,original_package_used,True,16319,27,False,True,True,True,True,True,True,True,False,False,True,False,True
6250713da2a68287,JFE,2020,2020,Is Information Risk Priced? Evidence from Abnormal Idiosyncratic Volatility,10.1016/j.jfineco.2019.06.013,original_package_used,True,15279,33,True,True,False,True,True,False,False,True,True,True,True,False,True
81cbffe8304e9053,JFE,2020,2020,Is conflicted investment advice better than no advice?,10.1016/j.jfineco.2020.05.005,original_package_used,True,13797,28,True,True,True,False,True,False,True,True,False,False,True,False,True
3596d27e3a40a5f4,JFE,2020,2020,Is the Active Fund Management Industry Concentrated Enough?,10.1016/j.jfineco.2019.08.009,original_package_used,True,14879,34,True,True,False,True,True,True,True,True,True,False,True,False,True
80b709f1e3e97546,JFE,2020,2020,Is the Credit Spread Puzzle a Myth?,10.1016/j.jfineco.2020.02.009,original_package_used,True,12841,34,True,True,False,True,False,True,True,True,False,False,True,True,True
2a9c467d5472c8f0,JFE,2020,2020,Is there a paradox of pledgeability?,10.1016/j.jfineco.2020.05.003,original_package_used,True,4602,13,True,True,False,False,False,False,False,True,False,False,False,True,True
ef70fe1d480a6903,JFE,2020,2020,"Left-Tail Momentum: Underreaction to Bad News, Costly Arbitrage and Equity Returns",10.1016/j.jfineco.2019.07.006,original_package_used,True,20707,42,False,True,False,True,True,False,True,True,True,False,True,False,True
e1e1c72394426ec5,JFE,2020,2020,Leveraged Buyouts and Bond Credit Spreads,10.1016/j.jfineco.2019.07.007,original_package_used,True,13954,26,True,True,False,True,False,True,True,True,False,False,False,False,True
54ed0b5be0935646,JFE,2020,2020,"Limited liability and investment: Evidence from changes in marital property laws in the US South, 1840–1850",10.1016/j.jfineco.2020.04.003,original_package_used,True,20853,36,False,True,False,True,True,True,False,True,False,True,True,False,True
4110a7a3ddb2f6ca,JFE,2020,2020,Liquidity regimes and optimal dynamic asset allocation,10.1016/j.jfineco.2019.09.011,original_package_used,True,14945,44,True,True,False,True,False,False,True,True,False,False,True,False,True
e7109b4b5a237eb2,JFE,2020,2020,"Liquidity risk and exchange-traded fund returns, variances, and tracking errors",10.1016/j.jfineco.2019.02.012,original_package_used,True,16890,50,True,True,False,True,False,False,True,True,False,False,True,True,False
652caa6815d39aa2,JFE,2020,2020,Liquidity supply by broker-dealers and real activity,10.1016/j.jfineco.2019.11.006,original_package_used,True,11029,30,True,True,False,True,True,True,True,True,True,False,True,True,True
4cc970da412b6429,JFE,2020,2020,"Location Choice, Portfolio Choice",10.1016/j.jfineco.2019.10.010,original_package_used,True,12961,33,True,True,False,True,False,True,True,True,True,False,True,False,True
ac9160104d4cce1e,JFE,2020,2020,Locked In by Leverage: Job Search during the Housing Crisis,10.1016/j.jfineco.2019.11.001,original_package_used,True,13811,20,True,True,False,True,False,False,False,True,False,False,True,False,True
6f86f5fd17e5bb50,JFE,2020,2020,Managerial Control Benefits and Takeover Market Efficiency,10.1016/j.jfineco.2019.11.003,original_package_used,True,16180,33,True,True,False,True,False,True,True,True,True,False,True,False,True
83e1ffa35260793a,JFE,2020,2020,Measuring Skewness Premia,10.1016/j.jfineco.2019.06.002,original_package_used,True,15533,27,True,True,False,True,False,True,True,True,True,True,True,True,True
f40a8a201a876dae,JFE,2020,2020,Medicaid and household savings behavior: New evidence from tax refunds,10.1016/j.jfineco.2019.10.008,original_package_used,True,16626,28,False,True,True,True,True,True,True,True,True,True,True,True,True
30f5a66c8dc2a5fa,JFE,2020,2020,Monetary stimulus and bank lending,10.1016/j.jfineco.2019.09.007,original_package_used,True,17288,48,False,True,False,True,False,False,False,True,True,True,True,False,True
05a0ac61e9967439,JFE,2020,2020,Mood Beta and Seasonalities in Stock Returns,10.1016/j.jfineco.2020.02.003,original_package_used,True,13015,31,False,True,False,False,True,False,False,True,True,False,True,False,True
001b544d39fc195c,JFE,2020,2020,Mutual Fund Investments in Private Firms,10.1016/j.jfineco.2019.10.003,original_package_used,True,18081,37,False,True,False,True,False,False,False,True,True,False,True,True,True
266033ec60aa6604,JFE,2020,2020,OTC premia,10.1016/j.jfineco.2019.09.010,original_package_used,True,13642,17,False,True,False,True,False,False,False,True,False,False,True,False,True
3d953df350b83810,JFE,2020,2020,"Off-Balance Sheet Funding, Voluntary Support and Investment Efficiency",10.1016/j.jfineco.2020.02.001,original_package_used,True,13045,22,True,True,False,False,False,False,True,True,True,False,True,True,True
a018e9cb95f58db3,JFE,2020,2020,On the performance of volatility-managed portfolios,10.1016/j.jfineco.2020.04.015,original_package_used,True,14503,23,False,True,False,True,False,False,False,True,False,True,True,True,True
1830349df7157db9,JFE,2020,2020,Persuasion in Relationship Finance,10.1016/j.jfineco.2020.06.018,original_package_used,True,13144,34,True,True,False,False,True,False,True,False,True,False,True,True,True
6b6b82b1114839a2,JFE,2020,2020,Policy Uncertainty and Corporate Credit Spreads,10.1016/j.jfineco.2020.07.001,original_package_used,True,14660,49,True,True,False,True,False,True,False,True,True,False,True,True,True
2c9dd4a3df808def,JFE,2020,2020,Portfolio Rebalancing in General Equilibrium,10.1016/j.jfineco.2019.08.007,original_package_used,True,10466,31,True,True,True,True,False,False,True,True,True,False,True,False,True
06de2145c4df356d,JFE,2020,2020,Potential Pilot Problems: Treatment Spillovers in Financial Regulatory Experiments,10.1016/j.jfineco.2019.05.016,original_package_used,True,13356,17,True,True,False,True,False,True,True,True,False,False,True,False,True
b4ea9ffdab0e3a30,JFE,2020,2020,Pre-Trade Hedging: Evidence from the Issuance of Retail Structured Products,10.1016/j.jfineco.2020.02.004,original_package_used,True,15228,21,True,True,False,True,False,False,False,True,False,False,True,False,True
493f6fefd0221171,JFE,2020,2020,Pricing structured products with economic covariates,10.1016/j.jfineco.2019.08.002,original_package_used,True,11390,28,False,True,False,True,False,True,True,True,True,False,True,True,True
bd7a807c5533831c,JFE,2020,2020,Prime (information) brokerage,10.1016/j.jfineco.2020.02.010,original_package_used,True,14963,35,True,True,False,True,False,False,False,True,False,False,True,False,True
d1fbb150cea51f13,JFE,2020,2020,Private money creation with safe assets and term premia,10.1016/j.jfineco.2019.11.007,original_package_used,True,16243,36,False,True,False,True,False,False,True,True,True,True,True,True,True
7ab93c55c9a2516c,JFE,2020,2020,Providing Liquidity in an Illiquid Market: Dealer Behavior in US Corporate Bonds,10.1016/j.jfineco.2019.05.014,original_package_used,True,14798,22,True,True,False,True,False,False,True,True,False,False,True,False,True
365175a07f1cdbf2,JFE,2020,2020,Quantify the Quantitative Easing: Impact on Bonds and Corporate Debt Issuance,10.1016/j.jfineco.2019.08.003,original_package_used,True,11680,29,True,True,True,True,False,False,True,True,True,False,True,False,True
16c1cb5f29f1c3b8,JFE,2020,2020,Real Effects of Workers’ Financial Distress: Evidence from Teacher Spillovers,10.1016/j.jfineco.2019.09.001,original_package_used,True,10856,33,True,True,False,True,False,True,False,True,True,False,True,True,True
c84df04f33693a3d,JFE,2020,2020,Reducing Information Frictions in Venture Capital: The Role of New Venture Competitions,10.1016/j.jfineco.2019.10.009,original_package_used,True,10754,22,True,True,False,True,False,True,False,True,True,True,True,False,True
1b44a2d20e204938,JFE,2020,2020,Regulatory cooperation and foreign portfolio investment,10.1016/j.jfineco.2020.04.016,original_package_used,True,13788,25,False,True,True,True,True,True,True,True,False,False,True,True,True
98116ded800f2297,JFE,2020,2020,Reputations and credit ratings: evidence from commercial mortgage-backed securities,10.1016/j.jfineco.2019.06.001,original_package_used,True,13145,26,False,True,False,True,True,True,False,True,True,False,True,False,True
990e2b50a3194f2f,JFE,2020,2020,Risky bank guarantees,10.1016/j.jfineco.2019.10.005,original_package_used,True,23420,43,True,True,False,True,False,True,True,True,True,False,True,True,True
c05e2ca47aa2f92f,JFE,2020,2020,Security analysts and capital market anomalies,10.1016/j.jfineco.2020.01.002,original_package_used,True,15713,35,True,True,True,True,True,False,False,True,True,True,True,False,True
af9ea13bdf6730f4,JFE,2020,2020,Shared analyst coverage: Unifying momentum spillover effects,10.1016/j.jfineco.2019.10.007,original_package_used,True,19428,33,True,True,False,True,False,False,False,True,True,True,True,False,True
75720a1224dc87ce,JFE,2020,2020,Short-term debt and incentives for risk-taking,10.1016/j.jfineco.2019.07.008,original_package_used,True,16254,27,True,True,False,False,False,False,True,False,True,True,True,True,True
fa306d964cf0dd9b,JFE,2020,2020,"Shorting flows, public disclosure, and market efficiency",10.1016/j.jfineco.2019.05.018,original_package_used,True,14397,49,True,True,False,True,False,False,True,True,True,False,True,True,True
79c6bc87d849a6b1,JFE,2020,2020,Show Me the Money: The Monetary Policy Risk Premium,10.1016/j.jfineco.2019.06.012,original_package_used,True,14544,27,True,True,False,True,False,True,False,True,True,True,True,True,True
eeb512fca33bc940,JFE,2020,2020,Shrinking the Cross-Section,10.1016/j.jfineco.2019.06.008,original_package_used,True,15387,23,True,True,False,True,False,True,True,True,False,False,True,False,True
0c1ac3cb28380d8e,JFE,2020,2020,Sophisticated Investors and Market Efficiency: Evidence from a Natural Experiment,10.1016/j.jfineco.2020.06.004,original_package_used,True,15252,44,True,True,False,True,False,False,False,True,True,True,True,True,True
b3766773d7d5f845,JFE,2020,2020,Sovereign credit risk and exchange rates: Evidence from CDS quanto spreads,10.1016/j.jfineco.2019.12.005,original_package_used,True,14667,36,True,True,False,True,False,False,True,True,False,False,True,False,True
857c175359c24bb8,JFE,2020,2020,Squaring venture capital valuations with reality,10.1016/j.jfineco.2018.04.015,original_package_used,True,14638,23,True,True,False,True,False,False,True,False,True,False,True,False,True
081f21b15957618f,JFE,2020,2020,Strategic trading and unobservable information acquisition,10.1016/j.jfineco.2020.05.007,original_package_used,True,14374,33,True,True,False,False,False,False,True,True,True,False,True,True,True
89cccee3b5353fa5,JFE,2020,2020,Stress Tests and Small Business Lending,10.1016/j.jfineco.2019.08.008,original_package_used,True,12366,20,False,False,False,True,False,False,False,True,True,True,True,False,False
f3b6948cb166b970,JFE,2020,2020,Swap Trading after Dodd-Frank: Evidence from Index CDS,10.1016/j.jfineco.2020.03.008,original_package_used,True,17636,29,True,True,False,True,False,True,True,True,False,True,True,True,True
29d1d25a3d3ebe34,JFE,2020,2020,Terrorist Attacks and Investor Risk Preference: Evidence from Mutual Fund Flows,10.1016/j.jfineco.2020.02.008,original_package_used,True,16152,33,True,True,True,True,True,True,False,True,True,False,True,False,True
bd6db561b4c3e9c0,JFE,2020,2020,The Creation and Evolution of Entrepreneurial Public Markets,10.1016/j.jfineco.2019.10.002,original_package_used,True,13349,21,True,True,False,True,False,False,True,False,False,False,True,False,True
8b9735bc60fb669a,JFE,2020,2020,The Economic Impact of Right-to-Work Laws: Evidence from Collective Bargaining Agreements and Corporate Policies,10.1016/j.jfineco.2020.02.005,original_package_used,True,14282,20,True,True,False,True,False,True,True,True,True,False,True,False,True
45675cb46fd1c4da,JFE,2020,2020,The Effect of Minority Veto Rights on Controller Pay Tunneling,10.1016/j.jfineco.2020.06.015,original_package_used,True,7787,16,True,True,False,True,False,True,False,True,True,False,True,False,True
5db4ffc8ba6dbb8b,JFE,2020,2020,The Importance of Being Special: Repo Markets During the Crisis,10.1016/j.jfineco.2020.02.006,original_package_used,True,19883,39,True,True,False,True,False,False,True,True,False,False,True,True,True
12a92c15e495dd3c,JFE,2020,2020,The Persistent Effect of Initial Success: Evidence from Venture Capital,10.1016/j.jfineco.2020.01.004,original_package_used,True,11370,14,True,True,False,True,False,False,False,True,False,False,True,False,True
9d6a862d92db8f6b,JFE,2020,2020,The Term Structure and Inflation Uncertainty,10.1016/j.jfineco.2020.04.013,original_package_used,True,14604,31,True,True,False,True,False,True,True,True,False,False,True,True,True
2767cb33f197993e,JFE,2020,2020,The US Treasury floating rate note puzzle: Is there a premium for mark-to-market stability?,10.1016/j.jfineco.2020.04.006,original_package_used,True,14205,40,True,True,True,False,False,False,False,False,True,True,True,False,True
ea545fe5f58622a1,JFE,2020,2020,The conditional expected market return,10.1016/j.jfineco.2020.03.009,original_package_used,True,16000,37,True,True,False,True,False,False,True,True,False,False,True,True,True
859842350e6072b9,JFE,2020,2020,The effect of exogenous information on voluntary disclosure and market quality,10.1016/j.jfineco.2020.04.018,original_package_used,True,13641,32,False,True,True,False,True,False,True,True,True,False,True,True,True
a260c524555d85ee,JFE,2020,2020,The financing of local government in China: Stimulus loan wanes and shadow banking waxes,10.1016/j.jfineco.2019.07.009,original_package_used,True,18461,49,True,True,False,True,True,False,False,True,False,False,True,False,True
d2185f24eb97e8fc,JFE,2020,2020,The job rating game: revolving doors and analyst incentives,10.1016/j.jfineco.2019.05.012,original_package_used,True,13221,29,True,True,True,True,False,False,True,True,True,False,True,True,True
d548c3c423c811bf,JFE,2020,2020,The paradox of pledgeability,10.1016/j.jfineco.2019.05.005,original_package_used,True,11354,46,True,True,False,False,False,False,True,True,False,False,True,True,True
2d2ff42b33d9d545,JFE,2020,2020,The price effects of liquidity shocks: A study of the SEC’s tick size experiment,10.1016/j.jfineco.2020.07.002,original_package_used,True,16680,33,False,True,False,True,True,False,False,True,False,False,True,True,True
6c3e41b770c2a787,JFE,2020,2020,The redistributive effects of bank capital regulation,10.1016/j.jfineco.2019.12.002,original_package_used,True,14347,16,True,True,False,False,False,False,True,True,False,False,True,True,True
126142905f870178,JFE,2020,2020,The scarcity effect of QE on repo rates: evidence from the euro area,10.1016/j.jfineco.2020.04.009,original_package_used,True,12405,28,True,True,False,True,False,True,False,True,False,True,True,True,False
a541f00d1db694bf,JFE,2020,2020,The term structure of liquidity provision,10.1016/j.jfineco.2019.09.008,original_package_used,True,12851,27,False,True,False,True,False,True,False,True,False,False,True,False,True
d05c420518cdeba7,JFE,2020,2020,The timing and consequences of seasoned equity offerings: A regression discontinuity approach,10.1016/j.jfineco.2020.04.017,original_package_used,True,12450,16,True,True,False,True,False,True,False,True,True,False,True,False,True
fd5ca0028afab577,JFE,2020,2020,"Tick size, liquidity for small and large orders, and price informativeness: Evidence from the Tick Size Pilot Program",10.1016/j.jfineco.2019.11.004,original_package_used,True,16920,30,True,True,False,True,False,False,False,True,True,False,True,False,True
9dc38902fb4391aa,JFE,2020,2020,Time series momentum: Is it there?,10.1016/j.jfineco.2019.08.004,original_package_used,True,9373,21,True,True,False,True,False,True,False,True,False,False,True,False,True
0eaa55c80ccdddf5,JFE,2020,2020,Time to build and the real-options channel of residential investment,10.1016/j.jfineco.2018.10.019,original_package_used,True,8104,42,True,True,False,True,False,True,True,True,False,True,True,False,True
e00729e43cc34dc4,JFE,2020,2020,Time-Varying Demand for Lottery: Speculation Ahead of Earnings Announcements,10.1016/j.jfineco.2020.06.016,original_package_used,True,18089,26,True,True,False,True,False,False,False,True,True,True,True,True,True
f93085b02bae6d4f,JFE,2020,2020,Time-Varying Inflation Risk and Stock Returns,10.1016/j.jfineco.2019.09.012,original_package_used,True,16060,30,True,True,False,True,False,False,True,False,True,False,True,False,True
46894cebb9dce2a0,JFE,2020,2020,Trading Out of Sight: An Analysis of Cross-Trading in Mutual Fund Families,10.1016/j.jfineco.2018.12.005,original_package_used,True,15368,26,True,True,False,True,False,True,False,True,True,False,True,False,True
c9d8307b920b8286,JFE,2020,2020,Trading and Arbitrage in Cryptocurrency Markets,10.1016/j.jfineco.2019.07.001,original_package_used,True,15843,35,True,True,False,True,False,False,False,False,False,False,True,True,True
0723b40c108eab72,JFE,2020,2020,Turning alphas into betas: Arbitrage and endogenous risk,10.1016/j.jfineco.2020.02.011,original_package_used,True,10581,24,True,True,False,True,True,True,False,True,True,False,True,True,True
97e921bab403a27c,JFE,2020,2020,What you see is not what you get: The costs of trading market anomalies,10.1016/j.jfineco.2020.02.012,original_package_used,True,19790,31,True,True,True,True,False,True,False,False,False,False,True,True,True
bcbc21328b4353a3,JFE,2020,2020,When low beats high: Riding the sales seasonality premium,10.1016/j.jfineco.2020.06.003,original_package_used,True,11937,21,False,True,False,True,False,True,False,True,False,True,True,True,True
664893e86b9ccdc6,JFE,2020,2020,Who’s paying attention? Measuring common ownership and its impact on managerial incentives,10.1016/j.jfineco.2019.12.006,original_package_used,True,18042,46,True,True,True,True,False,False,True,True,True,False,True,True,True
26a3ac62b42ed226,JFE,2020,2020,Why Does Public News Augment Information Asymmetries?,10.1016/j.jfineco.2019.05.020,original_package_used,True,10983,22,True,True,False,True,True,False,True,True,False,True,True,True,True
503c6f917f1449dc,JFE,2020,2020,Why do discount rates vary?,10.1016/j.jfineco.2020.04.004,original_package_used,True,7839,15,True,True,False,True,False,True,True,True,False,False,True,False,True
0803a31d8456daca,JFE,2020,2020,Why do option returns change sign from day to night?,10.1016/j.jfineco.2018.12.006,original_package_used,True,13768,38,True,True,True,True,False,True,False,False,False,True,True,False,False
4c2faea27e4f13f6,JFE,2021,2021,A BIT goes a long way: Bilateral investment treaties and cross-border mergers,10.1016/j.jfineco.2020.12.005,original_package_used,True,13768,22,False,True,False,True,True,True,False,True,True,False,True,False,True
cec4f0abfa18f81a,JFE,2021,2021,A day late and a dollar short,10.1016/j.jfineco.2021.04.033,original_package_used,True,14466,25,False,True,False,True,True,True,False,True,True,True,True,False,True
465c729d7810739c,JFE,2021,2021,A dynamic theory of multiple borrowing,10.1016/j.jfineco.2020.08.016,original_package_used,True,12188,31,False,True,True,False,False,False,True,True,False,False,True,False,True
141c38abb9c29d02,JFE,2021,2021,A parallel OTC market: Evidence from foreign exchange trading,10.1016/j.jfineco.2020.10.004,original_package_used,True,13908,22,False,True,False,True,True,False,True,True,False,False,True,False,True
f167a68f86a409cd,JFE,2021,2021,A tale of two types: Generalists vs. specialists in asset management,10.1016/j.jfineco.2021.04.027,original_package_used,True,10929,23,False,True,False,True,False,False,False,True,True,False,True,True,True
2eb2f375cdbcace4,JFE,2021,2021,Access to public capital markets and employment growth,10.1016/j.jfineco.2021.05.036,original_package_used,True,16278,23,False,True,False,True,False,True,False,True,False,True,True,False,True
55f08646af3de96b,JFE,2021,2021,Accounting for financial stability: Bank disclosure and loss recognition in the financial crisis,10.1016/j.jfineco.2021.05.016,original_package_used,True,20420,25,False,True,False,True,True,True,False,True,False,False,True,False,True
8c23c73e6f4455ed,JFE,2021,2021,"Air pollution, affect, and forecasting bias: Evidence from Chinese financial analysts",10.1016/j.jfineco.2019.12.004,original_package_used,True,8912,22,False,True,False,True,True,False,False,True,True,False,True,True,True
c694ab858da361d4,JFE,2021,2021,"Air pollution, behavioral bias, and the disposition effect in China",10.1016/j.jfineco.2019.09.003,original_package_used,True,22514,21,False,True,False,True,False,False,False,True,True,True,True,False,True
a31c3076bb52c47c,JFE,2021,2021,Anatomy of a liquidity crisis: Corporate bonds in the COVID-19 crisis,10.1016/j.jfineco.2021.05.052,original_package_used,True,14004,18,False,True,False,True,True,False,False,False,False,False,True,False,True
1624f540d602c544,JFE,2021,2021,And the children shall lead: Gender diversity and performance in venture capital,10.1016/j.jfineco.2020.06.026,original_package_used,True,13668,16,False,True,False,True,False,True,False,True,True,False,True,True,True
36e2b257aadcd517,JFE,2021,2021,Angels and venture capitalists: Substitutes or complements?,10.1016/j.jfineco.2021.04.001,original_package_used,True,15676,29,False,True,True,True,False,True,True,True,True,False,True,False,True
a669c5f285a05b6e,JFE,2021,2021,Are disagreements agreeable? Evidence from information aggregation,10.1016/j.jfineco.2021.02.006,original_package_used,True,12003,33,False,True,False,False,False,True,False,True,True,False,True,False,True
bed357e0d1550e3e,JFE,2021,2021,Are return seasonalities due to risk or mispricing?,10.1016/j.jfineco.2020.07.009,original_package_used,True,14405,31,False,True,False,True,False,False,True,True,True,False,True,False,True
73b661d750c6d5dd,JFE,2021,2021,Asset mispricing,10.1016/j.jfineco.2020.05.011,original_package_used,True,17566,34,False,True,True,True,False,False,True,True,False,True,True,True,True
c98033a4e21d6f13,JFE,2021,2021,"Asset prices, midterm elections, and political uncertainty",10.1016/j.jfineco.2021.03.007,original_package_used,True,12591,21,False,True,False,True,False,False,False,True,False,False,True,False,True
c4590e53ceef9993,JFE,2021,2021,Asset pricing with heterogeneous agents and long-run risk,10.1016/j.jfineco.2021.01.005,original_package_used,True,16208,23,False,True,False,False,False,False,True,True,True,True,True,False,True
34439be1da91ae61,JFE,2021,2021,Asset pricing with index investing,10.1016/j.jfineco.2020.06.023,original_package_used,True,13137,22,False,True,False,True,False,False,True,True,False,False,True,True,True
9337429884042d96,JFE,2021,2021,Asymmetric information risk in FX markets,10.1016/j.jfineco.2020.12.007,original_package_used,True,12907,23,False,True,False,True,False,True,False,True,True,True,True,False,True
4ae897d5cf8c39f1,JFE,2021,2021,"Bank capital, government bond holdings, and sovereign debt capacity",10.1016/j.jfineco.2021.04.005,original_package_used,True,8321,28,False,True,False,False,False,False,True,True,True,False,True,True,True
09cb24743dc551fa,JFE,2021,2021,Bank monitoring: Evidence from syndicated loans,10.1016/j.jfineco.2020.08.017,original_package_used,True,14730,28,False,True,False,True,True,False,False,True,False,False,True,True,True
2036919c9f067b50,JFE,2021,2021,Banks as patient lenders: Evidence from a tax reform,10.1016/j.jfineco.2020.07.021,original_package_used,True,13022,21,False,True,False,True,False,True,False,True,False,False,True,True,True
133d1dabc1643081,JFE,2021,2021,"Banks funding, leverage, and investment",10.1016/j.jfineco.2020.06.022,original_package_used,True,13994,28,False,True,True,True,False,False,True,True,False,True,True,True,True
14d619fc8dc3819d,JFE,2021,2021,Benchmark interest rates when the government is risky,10.1016/j.jfineco.2020.10.009,original_package_used,True,14497,30,False,True,False,True,False,True,True,True,False,False,True,True,True
c7e3505daafdcc46,JFE,2021,2021,Bias in the effective bid-ask spread,10.1016/j.jfineco.2021.04.018,original_package_used,True,17031,36,False,True,False,True,False,True,True,True,True,False,True,True,True
cee84d9b9302c96a,JFE,2021,2021,Brexit and the contraction of syndicated lending,10.1016/j.jfineco.2021.03.009,original_package_used,True,9751,21,False,True,False,True,True,False,False,True,False,False,True,True,True
ebf9404473838ac0,JFE,2021,2021,Business groups and the incorporation of firm-specific shocks into stock prices,10.1016/j.jfineco.2020.09.005,original_package_used,True,12587,29,False,True,False,True,False,True,True,True,True,False,True,False,True
113791ca92133292,JFE,2021,2021,Calendar rotations: A new approach for studying the impact of timing using earnings announcements,10.1016/j.jfineco.2021.01.009,original_package_used,True,13807,26,False,True,False,True,False,True,False,True,True,True,True,True,True
7b2d07d35bcb0f23,JFE,2021,2021,Can investors time their exposure to private equity?,10.1016/j.jfineco.2020.08.014,original_package_used,True,11773,21,False,True,False,True,False,False,False,True,True,False,True,False,True
f7c0af8d34edde7e,JFE,2021,2021,Can unpredictable risk exposure be priced?,10.1016/j.jfineco.2020.08.006,original_package_used,True,13459,26,False,True,False,False,False,False,True,False,False,False,True,True,True
966aa9898cf40d21,JFE,2021,2021,Capital supply and corporate bond issuances: Evidence from mutual fund flows,10.1016/j.jfineco.2021.03.012,original_package_used,True,13001,25,False,True,False,True,False,False,False,True,True,True,True,True,True
4d1611d71aab74fe,JFE,2021,2021,Central bank communication and the yield curve,10.1016/j.jfineco.2021.04.036,original_package_used,True,12373,24,False,True,False,True,False,False,True,True,True,False,True,False,True
522f4871d96bb873,JFE,2021,2021,Color and credit,10.1016/j.jfineco.2021.03.001,original_package_used,True,12357,25,False,True,False,True,False,True,False,True,True,False,True,True,True
8fd9bd28b3bd01dd,JFE,2021,2021,Common ownership and competition in product markets,10.1016/j.jfineco.2020.07.007,original_package_used,True,16856,21,False,True,True,True,False,False,False,True,True,False,True,True,True
9c981841019b1057,JFE,2021,2021,Common pricing across asset classes: Empirical evidence revisited,10.1016/j.jfineco.2020.12.001,original_package_used,True,16717,16,False,True,False,True,False,True,True,True,True,False,True,False,True
40b5cb61d1dd9cc2,JFE,2021,2021,Common shocks in stocks and bonds,10.1016/j.jfineco.2021.06.008,original_package_used,True,17503,39,False,True,False,True,False,True,True,True,True,True,True,False,True
7c09938a61110068,JFE,2021,2021,Compensation disclosures and strategic commitment: Evidence from revenue-based pay,10.1016/j.jfineco.2021.04.006,original_package_used,True,15847,50,False,True,False,True,True,False,False,True,True,False,True,True,True
8c4eae14fe75868a,JFE,2021,2021,Competition among liquidity providers with access to high-frequency trading technology,10.1016/j.jfineco.2020.11.002,original_package_used,True,18791,38,False,True,False,False,False,False,True,True,False,False,True,True,True
83427c9fb7549868,JFE,2021,2021,"Competition, profitability, and discount rates",10.1016/j.jfineco.2020.12.013,original_package_used,True,25616,31,False,True,False,True,True,False,True,True,False,True,True,True,True
a8d39ca27a3680ea,JFE,2021,2021,Contracting without contracting institutions: The trusted assistant loan in 19th century China,10.1016/j.jfineco.2021.02.005,original_package_used,True,14650,29,False,True,False,True,True,False,False,True,True,False,True,False,True
76be506fa44841e8,JFE,2021,2021,Contracts with (Social) benefits,10.1016/j.jfineco.2021.01.006,original_package_used,True,11992,18,False,True,False,True,False,False,False,True,False,False,True,True,True
0eb63a214bf03350,JFE,2021,2021,Core earnings: New data and evidence,10.1016/j.jfineco.2021.04.025,original_package_used,True,12775,21,False,True,False,True,True,False,False,True,True,False,True,True,True
6bdc08b8d3cf14c9,JFE,2021,2021,Corporate green bonds,10.1016/j.jfineco.2021.01.010,original_package_used,True,11652,36,False,True,False,True,False,True,True,True,True,False,True,True,True
189c23ff026d5ab3,JFE,2021,2021,Corporate immunity to the COVID-19 pandemic,10.1016/j.jfineco.2021.03.005,original_package_used,True,15953,29,False,True,False,True,False,False,False,True,True,False,True,False,True
4f91c990f4761830,JFE,2021,2021,Creditor control rights and resource allocation within firms,10.1016/j.jfineco.2020.07.006,original_package_used,True,14311,21,False,True,False,True,False,True,True,True,True,True,True,True,True
c06e7c3c583e7a78,JFE,2021,2021,Death by committee? An analysis of corporate board (sub-) committees,10.1016/j.jfineco.2021.05.032,original_package_used,True,15683,36,False,True,False,True,False,False,False,True,False,False,True,True,True
6e73bf3644098c64,JFE,2021,2021,Debt relief and slow recovery,10.1016/j.jfineco.2020.12.008,original_package_used,True,16298,19,False,True,False,True,False,False,False,True,False,False,True,False,True
bdc2b75244d6362f,JFE,2021,2021,Deleting misconduct,10.1016/j.jfineco.2020.10.002,original_package_used,True,13810,24,False,True,False,True,True,True,False,True,True,False,True,True,True
449b7051bb3bd1c0,JFE,2021,2021,Diagnostic bubbles,10.1016/j.jfineco.2020.06.019,original_package_used,True,12745,13,False,True,False,False,False,False,True,False,False,False,True,False,True
4addf264850c271a,JFE,2021,2021,Did technology contribute to the housing boom? Evidence from MERS,10.1016/j.jfineco.2021.04.002,original_package_used,True,12204,37,False,True,False,True,True,False,False,True,True,False,True,False,True
76f7438c460e8c16,JFE,2021,2021,Directors’ career concerns,10.1016/j.jfineco.2021.02.001,original_package_used,True,10552,23,False,True,False,True,False,False,False,True,True,False,True,True,True
194c89528fc77133,JFE,2021,2021,Dissecting bankruptcy frictions,10.1016/j.jfineco.2021.06.014,original_package_used,True,17865,28,False,True,False,True,False,True,True,True,True,False,True,True,True
5a1f7b293b0b26b7,JFE,2021,2021,Do activist hedge funds target female CEOs? The role of CEO gender in hedge fund activism,10.1016/j.jfineco.2020.07.019,original_package_used,True,11617,24,False,True,False,True,False,False,False,True,False,False,True,True,True
0cd348f7087e7fb7,JFE,2021,2021,Do investors care about carbon risk?,10.1016/j.jfineco.2021.05.008,original_package_used,True,15237,19,False,True,False,True,False,False,False,True,True,False,True,False,True
99f4adc20f8690bc,JFE,2021,2021,Do limits to arbitrage explain the benefits of volatility-managed portfolios?,10.1016/j.jfineco.2021.02.009,original_package_used,True,12775,24,False,True,False,True,False,True,False,True,False,False,True,True,True
e1500423686944e5,JFE,2021,2021,Do low search costs facilitate like-buys-like mergers?,10.1016/j.jfineco.2020.12.002,original_package_used,True,19302,34,False,True,False,True,False,False,True,True,True,True,True,True,True
20038aac8d3009d7,JFE,2021,2021,Does common ownership really increase firm coordination?,10.1016/j.jfineco.2021.03.008,original_package_used,True,13296,27,False,True,True,True,True,True,False,True,True,False,True,True,True
d6727d033d2911b7,JFE,2021,2021,Does personal liability deter individuals from serving as independent directors?,10.1016/j.jfineco.2021.01.003,original_package_used,True,13681,21,False,True,False,True,False,False,False,True,True,False,True,False,True
1b0075725688a64c,JFE,2021,2021,Does regulatory cooperation help integrate equity markets?,10.1016/j.jfineco.2021.05.040,original_package_used,True,15941,31,False,True,True,True,False,True,False,True,True,False,True,False,True
2fad9175ed2f6998,JFE,2021,2021,Does target firm insider trading signal the target's synergy potential in mergers and acquisitions?,10.1016/j.jfineco.2021.05.038,original_package_used,True,15419,45,False,True,False,True,True,False,False,True,True,True,True,True,True
5463794ebda293bb,JFE,2021,2021,Dynamic multitasking and managerial investment incentives,10.1016/j.jfineco.2021.06.027,original_package_used,True,15235,38,False,True,False,True,False,False,True,False,False,False,True,True,True
72f3de0b4a8b7237,JFE,2021,2021,Dynamic resource allocation with hidden volatility,10.1016/j.jfineco.2020.12.006,original_package_used,True,15149,29,False,True,False,False,False,False,True,False,True,False,True,True,True
1e02cd77b6238dc2,JFE,2021,2021,Dynastic control without ownership: Evidence from post-war Japan,10.1016/j.jfineco.2021.06.018,original_package_used,True,8195,20,False,True,True,True,False,False,False,True,False,False,True,False,True
bbff028f2ca7a3d5,JFE,2021,2021,Engineering lemons,10.1016/j.jfineco.2021.04.035,original_package_used,True,11866,28,False,True,False,True,False,False,True,True,False,False,True,False,True
04ad150ac63db1db,JFE,2021,2021,Entangled risks in incomplete FX markets,10.1016/j.jfineco.2021.05.051,original_package_used,True,13702,20,False,True,False,False,True,False,False,True,True,False,True,True,True
a08e0b1feb51cd18,JFE,2021,2021,Entrepreneurship and information on past failures,10.1016/j.jfineco.2020.06.021,original_package_used,True,13667,26,False,True,False,True,True,True,True,True,True,False,True,False,True
d56209857c09c108,JFE,2021,2021,Estimating the anomaly base rate,10.1016/j.jfineco.2020.12.003,original_package_used,True,17575,19,False,True,True,True,False,True,False,True,False,False,True,True,True
e94a198d02b5e7b3,JFE,2021,2021,Extrapolative beliefs in the cross-section: What can we learn from the crowds?,10.1016/j.jfineco.2020.10.003,original_package_used,True,14397,21,False,True,False,True,False,False,True,False,True,True,True,True,True
c57de2295ee95e54,JFE,2021,2021,Eye in the sky,10.1016/j.jfineco.2021.03.002,original_package_used,True,17211,34,False,True,True,True,True,True,True,True,True,False,True,False,True
3b996d83dd61422d,JFE,2021,2021,Factors and risk premia in individual international stock returns,10.1016/j.jfineco.2021.04.007,original_package_used,True,15787,32,False,True,False,True,False,True,True,True,False,False,True,True,True
87b3d499b846beba,JFE,2021,2021,Failing to forecast rare events,10.1016/j.jfineco.2021.06.028,original_package_used,True,12445,34,False,True,False,False,True,False,True,True,True,False,True,True,True
efdb49625192d8f6,JFE,2021,2021,Family comes first: Reproductive health and the gender gap in entrepreneurship,10.1016/j.jfineco.2020.06.020,original_package_used,True,18307,50,False,True,False,True,True,True,False,True,True,True,True,True,True
c6c3f20101003013,JFE,2021,2021,Feedback loops in industry trade networks,10.1016/j.jfineco.2021.04.028,original_package_used,True,10372,23,False,True,False,True,False,False,False,False,True,True,True,True,True
190bd5e3353458a9,JFE,2021,2021,Finance and the supply of housing quality,10.1016/j.jfineco.2021.04.022,original_package_used,True,12688,37,False,True,False,True,False,True,False,True,True,True,True,False,True
6f4db654c8959611,JFE,2021,2021,Firm leverage and employment dynamics,10.1016/j.jfineco.2021.05.006,original_package_used,True,7869,21,False,True,False,True,False,True,False,True,True,True,True,False,True
fb4f9d5ad1858780,JFE,2021,2021,Firm selection and corporate cash holdings,10.1016/j.jfineco.2020.09.001,original_package_used,True,13843,24,False,True,False,False,False,True,True,True,False,False,True,False,True
66169124742165e1,JFE,2021,2021,Flying under the radar: The effects of short-sale disclosure rules on investor behavior and stock prices,10.1016/j.jfineco.2020.07.010,original_package_used,True,16755,27,False,True,False,True,True,False,True,True,True,False,True,True,True
dd3952a567b962a3,JFE,2021,2021,Frequency dependent risk,10.1016/j.jfineco.2021.01.007,original_package_used,True,19023,38,False,True,True,False,True,True,True,True,True,False,True,True,True
7df87bebb800de6d,JFE,2021,2021,Friends with bankruptcy protection benefits,10.1016/j.jfineco.2020.08.003,original_package_used,True,18959,45,False,True,False,True,False,True,True,True,True,False,True,True,True
49220f52d1943421,JFE,2021,2021,Funding liquidity shocks in a quasi-experiment: Evidence from the CDS Big Bang,10.1016/j.jfineco.2020.08.004,original_package_used,True,11784,27,False,True,False,True,True,False,False,True,True,True,True,False,True
622ffcf510bb2ea5,JFE,2021,2021,GSIB surcharges and bank lending,10.1016/j.jfineco.2021.06.026,original_package_used,True,11002,20,False,True,False,True,True,True,False,True,True,True,True,True,True
709bee7540a8c158,JFE,2021,2021,Geographic diversification and bank lending during crises,10.1016/j.jfineco.2021.02.004,original_package_used,True,15019,16,False,True,False,True,False,True,False,True,True,True,True,True,True
fcb4c1c47ae6a10f,JFE,2021,2021,Global factor premiums,10.1016/j.jfineco.2021.06.030,original_package_used,True,16788,37,False,True,False,True,False,False,False,True,True,True,True,True,True
10f7b07b065330c7,JFE,2021,2021,Global market inefficiencies,10.1016/j.jfineco.2020.07.011,original_package_used,True,15588,28,False,True,False,True,False,False,True,True,False,True,True,True,True
3e189817ca5e9ea2,JFE,2021,2021,Hedging demand and market intraday momentum,10.1016/j.jfineco.2021.04.029,original_package_used,True,13779,28,False,True,False,True,False,False,False,True,False,False,True,True,True
e5454d654f724986,JFE,2021,2021,Hedging macroeconomic and financial uncertainty and volatility,10.1016/j.jfineco.2021.05.053,original_package_used,True,14403,44,False,True,False,True,True,True,True,True,True,False,True,True,True
84983dd3558568bc,JFE,2021,2021,Heterogeneous intermediary asset pricing,10.1016/j.jfineco.2021.04.012,original_package_used,True,19295,47,False,True,False,True,False,False,True,True,True,True,True,False,True
72d99e62cf808001,JFE,2021,2021,High-cost debt and perceived creditworthiness: Evidence from the UK,10.1016/j.jfineco.2021.07.005,original_package_used,True,12240,19,False,True,False,False,True,True,False,True,True,True,True,True,True
b344352eccef2431,JFE,2021,2021,Identifying and boosting Gazelles,10.1016/j.jfineco.2020.07.012,original_package_used,True,15919,24,False,True,False,True,True,True,False,True,True,True,True,False,True
841b7f40806a757b,JFE,2021,2021,Impact investing,10.1016/j.jfineco.2020.07.008,original_package_used,True,15860,25,False,True,False,True,False,True,True,True,False,True,True,True,True
15dbbaea625a0b99,JFE,2021,2021,Impact of marketplace lending on consumers' future borrowing capacities and borrowing outcomes,10.1016/j.jfineco.2021.06.005,original_package_used,True,15041,25,False,True,False,True,False,True,False,True,True,True,True,False,True
ad569d996c18eea1,JFE,2021,2021,Implied volatility duration: A measure for the timing of uncertainty resolution,10.1016/j.jfineco.2020.11.003,original_package_used,True,11423,19,False,True,True,False,False,False,True,False,False,False,True,False,True
b3a604962075512c,JFE,2021,2021,Index option returns and generalized entropy bounds,10.1016/j.jfineco.2020.08.011,original_package_used,True,14300,29,False,True,True,True,False,False,True,True,False,False,True,True,True
d1b864e4e18f231b,JFE,2021,2021,"Information shocks, disagreement, and drift",10.1016/j.jfineco.2021.02.002,original_package_used,True,16290,25,False,True,False,True,False,False,False,True,True,False,True,False,True
aad5508aa0d45c64,JFE,2021,2021,Informed trading in government bond markets,10.1016/j.jfineco.2021.05.049,original_package_used,True,12873,29,False,True,True,True,False,False,False,True,True,False,True,False,True
8854fca0bc2dba3a,JFE,2021,2021,Inside brokers,10.1016/j.jfineco.2021.05.029,original_package_used,True,17003,33,False,True,False,True,True,False,True,True,True,True,True,True,True
54d735cdd8d5d349,JFE,2021,2021,Inspecting the mechanism of quantitative easing in the euro area,10.1016/j.jfineco.2020.11.006,original_package_used,True,11163,27,False,True,False,True,False,False,False,False,True,True,True,True,True
ea549cad4dacb96a,JFE,2021,2021,Internet searching and stock price crash risk,10.1016/j.jfineco.2021.03.003,original_package_used,True,12120,27,False,True,False,True,True,False,False,True,True,True,True,True,True
637a4edf1af7f788,JFE,2021,2021,Intraday arbitrage between ETFs and their underlying portfolios,10.1016/j.jfineco.2021.04.023,original_package_used,True,10094,17,False,True,False,True,False,False,False,True,False,False,True,False,True
ca4a4d660d290c6c,JFE,2021,2021,Investment responses to tax policy under uncertainty,10.1016/j.jfineco.2021.04.032,original_package_used,True,15319,25,False,True,True,True,True,True,False,True,True,True,True,False,True
39f5794363beab68,JFE,2021,2021,"Investment, capital stock, and replacement cost of assets when economic depreciation is non-geometric",10.1016/j.jfineco.2021.05.021,original_package_used,True,18822,30,False,True,False,True,False,False,True,True,True,False,True,True,True
4287329ab0e559ba,JFE,2021,2021,Investors’ appetite for money-like assets,10.1016/j.jfineco.2020.11.005,original_package_used,True,13198,19,False,True,False,True,True,False,False,False,True,False,True,False,True
3d8b1d9b285a5dce,JFE,2021,2021,Is there a risk-return tradeoff in the corporate bond market? Time-series and cross-sectional evidence,10.1016/j.jfineco.2021.05.003,original_package_used,True,13109,27,False,True,False,True,False,False,True,True,True,False,True,False,True
90cb5ed5cc4f2370,JFE,2021,2021,It's not so bad,10.1016/j.jfineco.2021.04.037,original_package_used,True,19538,39,False,True,False,True,False,True,True,True,True,True,True,True,True
bde36df2000debfc,JFE,2021,2021,"Labor leverage, coordination failures, and aggregate risk",10.1016/j.jfineco.2021.06.036,original_package_used,True,15579,29,False,True,False,False,False,False,True,True,False,False,True,True,True
283336ab89c6077d,JFE,2021,2021,Learning from noise,10.1016/j.jfineco.2021.02.003,original_package_used,True,16803,35,False,True,False,True,False,False,False,True,False,True,True,False,True
158fc82cba50b93b,JFE,2021,2021,Life after LIBOR,10.1016/j.jfineco.2021.04.017,original_package_used,True,13549,29,False,True,False,False,True,False,True,True,True,False,True,True,True
4c3c35ee4e5ecc76,JFE,2021,2021,Lifting the veil: The price formation of corporate bond offerings,10.1016/j.jfineco.2021.06.037,original_package_used,True,11623,28,False,True,True,True,True,False,False,True,True,False,True,True,True
20f0ccf86f1646af,JFE,2021,2021,Loan guarantees and credit supply,10.1016/j.jfineco.2020.08.008,original_package_used,True,16291,31,False,True,False,True,True,True,True,True,True,True,True,True,True
dcc4d614a3947d9b,JFE,2021,2021,Long-term discount rates do not vary across firms,10.1016/j.jfineco.2021.04.031,original_package_used,True,12951,25,False,True,False,True,False,True,True,True,False,True,True,False,True
327f6466e86d3440,JFE,2021,2021,Long-term reversals in the corporate bond market,10.1016/j.jfineco.2020.08.007,original_package_used,True,15224,30,False,True,False,True,True,False,False,True,True,True,True,False,True
acc3123f485ca631,JFE,2021,2021,Lucky factors,10.1016/j.jfineco.2021.04.014,original_package_used,True,17487,29,False,True,True,False,False,True,True,True,True,False,True,True,True
5246a528993a4a31,JFE,2021,2021,M&A rumors about unlisted firms,10.1016/j.jfineco.2021.05.012,original_package_used,True,7411,18,False,True,False,True,False,True,True,True,True,False,True,True,True
8a208287381bfdd6,JFE,2021,2021,Macro risks and the term structure of interest rates,10.1016/j.jfineco.2021.03.011,original_package_used,True,15627,30,False,True,False,True,False,True,True,True,True,False,True,True,True
8dbaaaefcdd49058,JFE,2021,2021,Macroprudential FX regulations,10.1016/j.jfineco.2020.10.005,original_package_used,True,19023,24,False,True,False,True,False,True,True,True,True,True,True,True,True
9e2918ec99a97fcb,JFE,2021,2021,Market efficiency and limits to arbitrage: Evidence from the Volkswagen short squeeze,10.1016/j.jfineco.2021.05.015,original_package_used,True,18708,29,False,True,False,True,False,True,False,True,False,False,True,False,True
ed0b805f842c3e39,JFE,2021,2021,Market expectations of a warming climate,10.1016/j.jfineco.2020.08.019,original_package_used,True,10114,15,False,True,False,True,False,False,False,True,False,True,True,False,True
6076bcec2f826d5d,JFE,2021,2021,Measuring institutional trading costs and the implications for finance research: The case of tick size reductions,10.1016/j.jfineco.2020.09.003,original_package_used,True,13682,23,False,True,False,True,True,False,False,True,True,False,True,True,True
c1aeb2530cd141c6,JFE,2021,2021,"Mispricing, short-sale constraints, and the cross-section of option returns",10.1016/j.jfineco.2021.03.006,original_package_used,True,16498,27,False,True,True,True,False,False,False,True,True,False,True,True,True
b4b15478c80acc97,JFE,2021,2021,Monetary policy at work,10.1016/j.jfineco.2021.01.008,original_package_used,True,20025,15,False,True,False,True,False,True,False,True,True,False,True,False,True
8bda9de47e746a3d,JFE,2021,2021,Mutual fund flows and fluctuations in credit and business cycles,10.1016/j.jfineco.2020.07.004,original_package_used,True,14630,32,False,True,False,True,False,False,False,False,True,False,True,True,True
02a43162e4a33212,JFE,2021,2021,Negative peer disclosure,10.1016/j.jfineco.2021.02.007,original_package_used,True,12575,19,False,True,False,True,False,False,False,True,True,False,True,True,True
1d909a8d2997c124,JFE,2021,2021,Network risk and key players: A structural analysis of interbank liquidity,10.1016/j.jfineco.2021.05.010,original_package_used,True,17780,23,False,True,True,True,False,True,True,True,True,False,True,True,True
8061af753e64af1b,JFE,2021,2021,Network structure and pricing in the FX market,10.1016/j.jfineco.2021.04.013,original_package_used,True,13668,25,False,True,True,True,True,False,True,True,True,False,True,False,True
e460a6e951863467,JFE,2021,2021,On the direct and indirect real effects of credit supply shocks,10.1016/j.jfineco.2020.09.004,original_package_used,True,15514,31,False,True,False,True,False,True,True,True,True,True,True,True,True
768f81eaa233510e,JFE,2021,2021,Optimal financing with tokens,10.1016/j.jfineco.2021.05.004,original_package_used,True,19735,63,False,True,False,False,False,False,True,True,True,False,True,True,True
0a31074b9d2b7b09,JFE,2021,2021,Out of sight no more? The effect of fee disclosures on 401(k) investment allocations,10.1016/j.jfineco.2021.04.008,original_package_used,True,15245,25,False,True,False,True,True,False,False,True,True,True,True,False,True
0d2845b26b1c1623,JFE,2021,2021,Persistent government debt and aggregate risk distribution,10.1016/j.jfineco.2021.01.004,original_package_used,True,12431,19,False,True,False,True,False,True,True,True,False,False,True,False,True
eb8b27d8ef3b5866,JFE,2021,2021,Persistent negative cash flows,10.1016/j.jfineco.2021.04.038,original_package_used,True,10832,20,False,True,False,False,False,False,False,True,False,True,True,False,True
00c2ed9349762239,JFE,2021,2021,Pervasive underreaction: Evidence from high-frequency data,10.1016/j.jfineco.2021.04.003,original_package_used,True,18453,35,False,True,False,True,False,False,False,True,True,False,True,True,True
42251b4177ad79c2,JFE,2021,2021,Picking funds with confidence,10.1016/j.jfineco.2020.07.003,original_package_used,True,18672,36,False,True,False,True,False,True,True,True,True,False,True,True,True
5662f5bf7840bede,JFE,2021,2021,Politicizing consumer credit,10.1016/j.jfineco.2020.07.017,original_package_used,True,16502,34,False,True,False,True,False,True,False,True,True,True,True,True,True
a8c67c058eeb91c3,JFE,2021,2021,Portfolio similarity and asset liquidation in the insurance industry,10.1016/j.jfineco.2021.05.050,original_package_used,True,15621,25,False,True,False,True,False,False,False,True,False,False,True,True,True
cbb77febbadf27b4,JFE,2021,2021,Procyclicality of dividend-consumption comovement,10.1016/j.jfineco.2020.07.013,original_package_used,True,13387,38,False,True,False,True,False,True,True,True,True,False,True,True,True
1f0a3ef3db821e75,JFE,2021,2021,Psychological barrier and cross-firm return predictability,10.1016/j.jfineco.2021.06.006,original_package_used,True,12832,26,False,True,False,True,True,True,False,True,True,True,True,True,True
85eb11cd7950580b,JFE,2021,2021,Ransomware activity and blockchain congestion,10.1016/j.jfineco.2021.04.015,original_package_used,True,7235,15,False,True,False,True,False,False,False,True,False,False,True,False,True
5c6293e5550a3595,JFE,2021,2021,Rare disaster probability and options pricing,10.1016/j.jfineco.2020.10.001,original_package_used,True,13199,30,False,True,False,True,False,True,True,True,True,False,True,False,True
75bc6f902d90bb59,JFE,2021,2021,Real effects of share repurchases legalization,10.1016/j.jfineco.2020.10.008,original_package_used,True,13020,34,False,True,True,True,True,True,False,True,True,True,True,False,True
15d8f72162c294a2,JFE,2021,2021,Reciprocal lending relationships in shadow banking,10.1016/j.jfineco.2021.04.004,original_package_used,True,13135,24,False,True,True,True,True,False,False,True,True,True,True,False,True
45d90accc8b9dd89,JFE,2021,2021,Reconstructing the yield curve,10.1016/j.jfineco.2021.05.059,original_package_used,True,14487,34,False,True,False,True,False,True,True,True,True,False,True,True,True
e085a927a9c20ebc,JFE,2021,2021,Regulatory effects on short-term interest rates,10.1016/j.jfineco.2021.04.016,original_package_used,True,14521,28,False,True,False,True,False,True,False,True,True,False,True,True,True
e625ede5e547259e,JFE,2021,2021,Rejected stock exchange applicants,10.1016/j.jfineco.2020.08.005,original_package_used,True,11625,11,False,True,False,True,True,True,False,True,False,False,True,False,True
dfbdc96555037f78,JFE,2021,2021,Reputation and investor activism: A structural approach,10.1016/j.jfineco.2020.07.005,original_package_used,True,17936,44,False,True,True,True,False,True,True,True,True,False,True,True,True
1db8ddc5fd086d89,JFE,2021,2021,Responsible investing: The ESG-efficient frontier,10.1016/j.jfineco.2020.11.001,original_package_used,True,15801,26,False,True,False,True,False,False,True,True,False,False,True,True,True
a8f866cdfdbaacae,JFE,2021,2021,"Risk management, firm reputation, and the impact of successful cyberattacks on target firms",10.1016/j.jfineco.2019.05.019,original_package_used,True,20636,28,False,True,False,True,False,False,True,True,False,False,True,True,True
33628baa23452fbc,JFE,2021,2021,Risk perceptions and politics,10.1016/j.jfineco.2021.05.039,original_package_used,True,11479,27,False,True,False,True,False,False,False,True,False,True,True,False,True
2a771fd3edfc0a61,JFE,2021,2021,Robust benchmark design,10.1016/j.jfineco.2021.06.024,original_package_used,True,20170,38,False,True,False,True,False,False,True,False,True,False,True,True,True
4337dcdfd1a0b95a,JFE,2021,2021,Salience theory and stock prices: Empirical evidence,10.1016/j.jfineco.2020.12.012,original_package_used,True,16058,31,False,True,False,True,False,False,True,True,True,False,True,False,True
96b287f71480d7db,JFE,2021,2021,Should information be sold separately?,10.1016/j.jfineco.2021.05.037,original_package_used,True,16071,36,False,True,False,True,True,False,False,True,True,True,True,True,True
63585c9065e6ed0f,JFE,2021,2021,Signaling safety,10.1016/j.jfineco.2020.08.013,original_package_used,True,15403,31,False,True,False,True,False,True,True,True,True,True,True,False,True
e496c874dcd9266a,JFE,2021,2021,Slow-moving capital and execution costs,10.1016/j.jfineco.2020.08.009,original_package_used,True,18412,40,False,True,False,True,True,True,True,True,True,True,True,True,True
7cd40360eb77cd09,JFE,2021,2021,Socially responsible corporate customers,10.1016/j.jfineco.2020.01.003,original_package_used,True,18879,40,False,True,False,True,False,True,False,True,True,True,True,True,True
9a84a2facb471641,JFE,2021,2021,Spectral factor models,10.1016/j.jfineco.2021.04.024,original_package_used,True,13947,23,False,True,True,True,False,True,True,True,False,False,True,True,True
32eef06a8563e336,JFE,2021,2021,Spillover effects in empirical corporate finance,10.1016/j.jfineco.2021.04.039,original_package_used,True,10909,25,False,True,True,True,False,False,True,True,False,False,True,True,True
3a33b335cce8ab23,JFE,2021,2021,Sticking to your plan,10.1016/j.jfineco.2020.08.002,original_package_used,True,18228,57,False,True,False,True,True,False,True,True,True,True,True,True,True
5b6d1491cf13da7c,JFE,2021,2021,Stock market liberalization and innovation,10.1016/j.jfineco.2020.08.018,original_package_used,True,17656,33,False,True,False,True,False,True,False,True,True,True,True,False,True
feefd7fe7af964b4,JFE,2021,2021,Subnational debt of China: The politics-finance nexus,10.1016/j.jfineco.2021.05.028,original_package_used,True,8989,23,False,True,False,True,True,False,False,True,True,True,True,True,True
6087aa876a8db2a0,JFE,2021,2021,Surprise election for Trump connections,10.1016/j.jfineco.2020.12.004,original_package_used,True,10527,29,False,True,False,True,False,False,False,False,True,False,True,True,True
3bd952f1c6de1998,JFE,2021,2021,Sustainable investing in equilibrium,10.1016/j.jfineco.2020.12.011,original_package_used,True,14693,29,False,True,False,False,False,False,True,False,False,False,True,True,True
a1e05516c9fa4d24,JFE,2021,2021,"Systematic risk, debt maturity, and credit spreads",10.1016/j.jfineco.2020.09.002,original_package_used,True,17926,37,False,True,False,True,False,False,True,True,True,False,True,True,True
9ddbdaf28779973d,JFE,2021,2021,Targeted monetary policy and bank lending behavior,10.1016/j.jfineco.2021.05.002,original_package_used,True,16567,24,False,True,False,True,True,True,False,True,True,True,True,True,True
162236468ee5c8f9,JFE,2021,2021,Testing the effectiveness of consumer financial disclosure,10.1016/j.jfineco.2020.05.009,original_package_used,True,13881,36,False,True,True,True,False,True,False,True,False,True,True,True,True
bfe04ab5307c2725,JFE,2021,2021,The Big Three and corporate carbon emissions around the world,10.1016/j.jfineco.2021.05.007,original_package_used,True,12113,26,False,True,False,True,False,True,False,True,True,False,True,True,True
58fe7b261327d946,JFE,2021,2021,The Sources of Financing Constraints,10.1016/j.jfineco.2020.07.018,original_package_used,True,17091,43,False,True,False,True,False,True,True,True,False,False,True,True,True
542669d2f964e5d9,JFE,2021,2021,The Treasury yield implied volatility surface,10.1016/j.jfineco.2020.12.009,original_package_used,True,14770,20,False,True,False,True,False,True,False,True,True,False,True,False,True
681351450a1b900e,JFE,2021,2021,The bank as Grim Reaper,10.1016/j.jfineco.2021.05.048,original_package_used,True,11524,33,False,True,False,True,False,True,True,True,True,False,True,False,True
70d9302676d32c13,JFE,2021,2021,The benchmark inclusion subsidy,10.1016/j.jfineco.2021.04.021,original_package_used,True,14367,25,False,True,True,False,False,False,True,True,False,False,True,True,True
d9fda9efce8a8441,JFE,2021,2021,The cross-section of currency volatility premia,10.1016/j.jfineco.2020.08.010,original_package_used,True,11720,29,False,True,False,True,False,False,False,True,True,False,True,False,True
e47733fabaed4ac0,JFE,2021,2021,The cross-section of intraday and overnight returns,10.1016/j.jfineco.2020.07.020,original_package_used,True,13157,20,False,True,False,True,False,True,False,True,True,True,True,True,True
75f5643ff8e65678,JFE,2021,2021,The design and transmission of central bank liquidity provisions,10.1016/j.jfineco.2020.06.025,original_package_used,True,12242,26,False,True,False,True,True,False,False,True,True,True,True,True,True
756522a5ac54f909,JFE,2021,2021,The difference a day makes,10.1016/j.jfineco.2020.07.015,original_package_used,True,12195,26,False,True,False,True,False,True,False,True,False,True,True,True,True
940a23f2dc317b8e,JFE,2021,2021,The effect of stock liquidity on cash holdings,10.1016/j.jfineco.2021.05.027,original_package_used,True,13680,26,False,True,False,True,False,False,False,True,False,True,True,True,True
a03d8f631ff73edc,JFE,2021,2021,The electronic evolution of corporate bond dealers,10.1016/j.jfineco.2021.01.001,original_package_used,True,13092,19,False,True,False,True,True,False,False,True,False,True,True,False,True
92f48369d6c00527,JFE,2021,2021,The hidden costs of being public: Evidence from multinational firms operating in an emerging market,10.1016/j.jfineco.2020.08.001,original_package_used,True,12478,21,False,True,False,True,True,True,False,True,True,False,True,False,True
e8b69d0cac7ebd74,JFE,2021,2021,The high volume return premium and economic fundamentals,10.1016/j.jfineco.2020.10.006,original_package_used,True,14149,23,False,True,False,True,False,True,False,True,True,True,True,False,True
e139aca6f8326935,JFE,2021,2021,The impact of arbitrage on market liquidity,10.1016/j.jfineco.2021.04.034,original_package_used,True,13436,32,False,True,False,True,True,True,False,False,True,False,True,True,True
709fd68a58c22b3e,JFE,2021,2021,The impact of consumer credit access on unemployment,10.1016/j.jfineco.2021.03.004,original_package_used,True,16257,25,False,True,False,True,False,False,False,True,True,True,True,False,True
c9a99e46411c1015,JFE,2021,2021,The local innovation spillovers of listed firms,10.1016/j.jfineco.2021.04.009,original_package_used,True,13593,31,False,True,False,True,False,True,False,True,True,True,True,False,True
df1f9b7397f25f49,JFE,2021,2021,The rate of communication,10.1016/j.jfineco.2021.03.013,original_package_used,True,11965,22,False,True,True,True,True,True,False,True,False,False,True,False,True
455199aca135efda,JFE,2021,2021,The real value of China's stock market,10.1016/j.jfineco.2020.08.012,original_package_used,True,11391,16,False,True,False,False,False,False,False,False,True,False,True,False,True
74df4d3f8fb9e311,JFE,2021,2021,"The remarkable growth in financial economics, 1974-2020",10.1016/j.jfineco.2021.03.010,original_package_used,True,13093,22,False,True,False,False,False,True,False,False,False,False,True,False,True
841eef2c371b2a83,JFE,2021,2021,The role of financial conditions for insurers,10.1016/j.jfineco.2021.05.019,original_package_used,True,16074,24,False,True,False,True,False,False,False,True,True,True,True,True,True
1b97ad5aadac72ea,JFE,2021,2021,The role of high-skilled foreign labor in startup performance: Evidence from two natural experiments,10.1016/j.jfineco.2021.05.042,original_package_used,True,13162,27,False,True,False,True,True,False,True,True,True,False,True,True,True
06da022b065d0e2f,JFE,2021,2021,The short duration premium,10.1016/j.jfineco.2021.04.019,original_package_used,True,15407,36,False,True,False,True,False,True,True,True,True,False,True,False,True
3f1143071e352ad7,JFE,2021,2021,"The telegraph and modern banking development, 1881-1936",10.1016/j.jfineco.2021.04.011,original_package_used,True,13298,24,False,True,False,True,True,False,False,True,False,False,True,True,True
81084e2fba9bd764,JFE,2021,2021,The term structure of equity risk premia,10.1016/j.jfineco.2021.05.043,original_package_used,True,13503,39,False,True,False,True,False,True,True,True,True,False,True,True,True
f4ce35e2bb1d1f7c,JFE,2021,2021,The trading response of individual investors to local bankruptcies,10.1016/j.jfineco.2021.06.033,original_package_used,True,17459,32,False,True,False,True,True,False,True,True,True,True,True,False,True
e94718281660d270,JFE,2021,2021,Time-varying state variable risk premia in the ICAPM,10.1016/j.jfineco.2020.07.016,original_package_used,True,15192,29,False,True,False,True,False,False,False,True,True,False,True,True,True
8125761079a86e90,JFE,2021,2021,To ask or not to ask? Bank capital requirements and loan collateralization,10.1016/j.jfineco.2021.05.017,original_package_used,True,14409,30,False,True,False,True,False,False,False,True,True,False,True,True,True
1a93ca15355edfa4,JFE,2021,2021,To own or not to own: Stock loans around dividend payments,10.1016/j.jfineco.2020.12.010,original_package_used,True,13890,24,False,True,True,True,True,False,False,True,False,False,True,False,True
4527582891b131cc,JFE,2021,2021,"Uncertainty, access to debt, and firm precautionary behavior",10.1016/j.jfineco.2021.04.010,original_package_used,True,11877,29,False,True,False,True,False,True,False,True,True,True,True,True,True
30f93a98cb16c930,JFE,2021,2021,Understanding momentum and reversal,10.1016/j.jfineco.2020.06.024,original_package_used,True,11137,29,False,True,False,True,False,False,True,True,True,False,True,True,True
d0068f720249fb2a,JFE,2021,2021,Unemployment and credit risk,10.1016/j.jfineco.2021.05.046,original_package_used,True,11554,37,False,True,False,False,False,True,True,True,False,True,True,False,True
b8adba6fc2f61a87,JFE,2021,2021,Unlocking clients,10.1016/j.jfineco.2021.04.026,original_package_used,True,13762,31,False,True,False,True,False,True,True,True,True,False,True,True,True
5742af016ae0596d,JFE,2021,2021,Volatility and the cross-section of returns on FX options,10.1016/j.jfineco.2021.04.030,original_package_used,True,16194,21,False,True,False,True,False,False,False,True,True,True,True,False,True
798b1d9a941e8cc4,JFE,2021,2021,"Volatility, intermediaries, and exchange rates",10.1016/j.jfineco.2020.05.010,original_package_used,True,11070,32,False,True,False,False,False,True,True,True,False,False,True,True,True
b584accf0871e9fc,JFE,2021,2021,Voluntary disclosure with evolving news,10.1016/j.jfineco.2020.11.004,original_package_used,True,21810,39,False,True,True,False,False,False,True,False,True,False,True,True,True
e760ef46cfe24dff,JFE,2021,2021,What do you think about climate finance?,10.1016/j.jfineco.2021.08.004,original_package_used,True,5490,14,False,True,False,False,False,True,False,True,False,False,True,True,True
5602116cd0b74982,JFE,2021,2021,What drove the 2003-2006 house price boom and subsequent collapse? Disentangling competing explanations,10.1016/j.jfineco.2020.06.014,original_package_used,True,14321,25,False,True,True,True,False,False,False,True,False,True,True,False,True
d8431daf31981e0e,JFE,2021,2021,What to expect when you are expecting,10.1016/j.jfineco.2020.10.007,original_package_used,True,13386,30,False,True,True,False,False,False,True,True,True,False,True,True,True
c226a24b67cf3357,JFE,2021,2021,What's wrong with Pittsburgh? Delegated investors and liquidity concentration,10.1016/j.jfineco.2020.08.015,original_package_used,True,11818,26,False,True,False,True,False,True,True,True,True,False,True,False,True
193f78017513a737,JFE,2021,2021,"Who provides liquidity, and when?",10.1016/j.jfineco.2021.04.020,original_package_used,True,10399,18,False,True,False,False,False,False,True,False,False,False,True,False,True
9e4bcba124501ab4,JFE,2021,2021,Why are corporate payouts so high in the 2000s?,10.1016/j.jfineco.2021.06.020,original_package_used,True,13890,22,False,False,False,True,False,False,False,True,True,False,True,False,True
09718741261041c9,JFE,2021,2021,Why are firms with more managerial ownership worth less?,10.1016/j.jfineco.2021.02.008,original_package_used,True,15666,29,False,True,False,True,False,True,False,True,True,True,True,True,True
c73b06bef8767c2d,JFE,2021,2021,Why is CEO option compensation (still) so high?,10.1016/j.jfineco.2021.06.034,original_package_used,True,18060,26,False,True,False,True,False,True,False,True,True,True,True,True,True
181afe97a3eb4871,JFE,2021,2021,Why is stock market concentration bad for the economy?,10.1016/j.jfineco.2021.01.002,original_package_used,True,12036,22,False,True,False,True,False,False,False,True,True,False,True,True,True
fef81f07cc7a059d,JFE,2021,2021,Windfall gains and stock market participation,10.1016/j.jfineco.2020.07.014,original_package_used,True,15682,52,False,True,False,True,False,True,True,True,True,True,True,True,True
8c57d78b27848720,JFE,2022,2022,A factor model for option returns,10.1016/j.jfineco.2021.12.007,original_package_used,True,13617,25,False,True,True,True,False,True,True,True,True,False,True,True,True
59415b210a78199c,JFE,2022,2022,A frog in every pan: Information discreteness and the lead-lag returns puzzle,10.1016/j.jfineco.2021.10.011,original_package_used,True,13136,21,False,True,False,True,False,False,False,True,False,False,True,True,True
69926a2935b148bb,JFE,2022,2022,A picture is worth a thousand words: Measuring investor sentiment by combining machine learning and photos from news,10.1016/j.jfineco.2021.06.002,original_package_used,True,14103,28,False,True,False,True,False,False,False,True,True,False,True,True,True
db375294b4a2f848,JFE,2022,2022,A theory of financial media,10.1016/j.jfineco.2021.06.038,original_package_used,True,14034,40,False,True,False,False,False,False,True,False,False,False,True,True,True
dd0b49d409199ee8,JFE,2022,2022,A unified model of distress risk puzzles,10.1016/j.jfineco.2021.10.001,original_package_used,True,16293,40,False,True,False,True,False,True,True,True,True,True,True,True,True
ab2bca7261e0696f,JFE,2022,2022,Ambiguity about volatility and investor behavior,10.1016/j.jfineco.2021.07.004,original_package_used,True,13612,23,False,True,False,True,False,False,False,True,True,False,True,True,True
d22201c5e0c2dc58,JFE,2022,2022,Anticompetitive effects of horizontal acquisitions: The impact of within-industry product similarity,10.1016/j.jfineco.2021.06.017,original_package_used,True,16324,36,False,True,False,True,False,True,False,True,False,False,True,False,True
e103e2ee5aaf93a7,JFE,2022,2022,Asset pricing on earnings announcement days,10.1016/j.jfineco.2021.06.022,original_package_used,True,13387,22,False,True,False,True,False,False,True,True,True,True,True,False,True
acaa9b768846ce58,JFE,2022,2022,Asset pricing with return extrapolation,10.1016/j.jfineco.2021.10.009,original_package_used,True,14523,23,False,True,False,False,False,False,True,False,True,False,True,True,True
3f0d7a0ee7620c5a,JFE,2022,2022,Attention triggers and investors’ risk-taking,10.1016/j.jfineco.2021.05.031,original_package_used,True,19720,38,False,True,False,True,False,True,False,True,True,False,True,True,True
4e4b3ef29f389774,JFE,2022,2022,Bank capital structure and regulation: Overcoming and embracing adverse selection,10.1016/j.jfineco.2021.12.001,original_package_used,True,17062,30,False,True,False,False,False,False,True,True,True,False,True,True,True
1edbdb0dff639276,JFE,2022,2022,Bank liquidity provision across the firm size distribution,10.1016/j.jfineco.2021.06.035,original_package_used,True,16798,19,False,True,False,True,False,False,True,False,False,False,True,False,True
95675ee9361ac522,JFE,2022,2022,Bank transparency and deposit flows,10.1016/j.jfineco.2022.07.009,original_package_used,True,13848,30,False,True,False,True,False,True,False,True,True,False,True,True,True
0ce13fcb4ae15fc7,JFE,2022,2022,Betting against betting against beta,10.1016/j.jfineco.2021.05.023,original_package_used,True,15689,27,False,True,False,False,False,True,True,True,True,False,True,True,True
c89f90dccd79aec3,JFE,2022,2022,Beyond the target: M&A decisions and rival ownership,10.1016/j.jfineco.2022.01.002,original_package_used,True,13576,20,False,True,False,True,False,False,False,False,False,False,True,True,True
2fee825804bc1e92,JFE,2022,2022,Biases in long-horizon predictive regressions,10.1016/j.jfineco.2021.09.013,original_package_used,True,19799,28,False,True,False,True,False,False,False,True,True,False,True,True,True
65666941e7388d2e,JFE,2022,2022,Bitcoin’s limited adoption problem,10.1016/j.jfineco.2022.01.003,original_package_used,True,16280,37,False,True,False,False,False,False,True,True,False,False,True,True,True
3585b1ed6cb29137,JFE,2022,2022,Blood in the water: The value of antitakeover provisions during market shocks,10.1016/j.jfineco.2021.12.009,original_package_used,True,18082,22,False,True,False,True,False,True,False,True,True,False,True,True,True
1f672325ccb508f7,JFE,2022,2022,Bubbles and the value of innovation,10.1016/j.jfineco.2022.04.006,original_package_used,True,10526,32,False,True,False,False,False,True,True,True,True,False,True,True,True
45d4e2e9e890560f,JFE,2022,2022,Bucking the trend: Why do IPOs choose controversial governance structures and why do investors let them?,10.1016/j.jfineco.2022.06.004,original_package_used,True,14033,24,False,True,False,True,False,False,False,True,False,False,True,True,True
e509f4b9dd6f5d05,JFE,2022,2022,Busy bankruptcy courts and the cost of credit,10.1016/j.jfineco.2021.08.010,original_package_used,True,14514,29,False,True,False,True,True,True,True,True,True,True,True,True,True
5c74ef8d293991ac,JFE,2022,2022,Can FinTech reduce disparities in access to finance? Evidence from the Paycheck Protection Program,10.1016/j.jfineco.2022.05.004,original_package_used,True,16057,30,False,True,True,True,False,True,False,True,True,False,True,True,True
1cfa92f9d2327579,JFE,2022,2022,Capital forbearance in the bank recovery and resolution game,10.1016/j.jfineco.2022.09.006,original_package_used,True,13112,22,False,True,False,False,False,False,True,True,False,False,True,True,True
df4e88d5f4720cf9,JFE,2022,2022,Closing auctions: Nasdaq versus NYSE,10.1016/j.jfineco.2021.12.003,original_package_used,True,12712,32,False,True,False,False,False,False,True,True,False,False,True,True,True
f1f200112fa6eec8,JFE,2022,2022,Collateral and asymmetric information in lending markets,10.1016/j.jfineco.2021.12.010,original_package_used,True,21099,26,False,True,False,True,False,True,True,True,False,True,True,True,True
3e5e2608762267ff,JFE,2022,2022,Competition and manipulation in derivative contract markets,10.1016/j.jfineco.2022.02.001,original_package_used,True,13575,27,False,True,False,True,True,False,True,False,True,True,True,True,True
1313b15cd0ddcd63,JFE,2022,2022,Consumer-lending discrimination in the FinTech Era,10.1016/j.jfineco.2021.05.047,original_package_used,True,12754,27,False,True,True,True,False,True,False,True,True,False,True,False,True
eb2db3e6b01051ef,JFE,2022,2022,Corporate actions and the manipulation of retail investors in China: An analysis of stock splits,10.1016/j.jfineco.2021.09.018,original_package_used,True,15678,36,False,True,False,True,False,False,False,True,True,False,True,True,True
51f0b98029566afa,JFE,2022,2022,Corporate culture: Evidence from the field,10.1016/j.jfineco.2022.07.008,original_package_used,True,22097,43,False,True,False,True,False,True,False,True,True,False,True,True,True
53a347b878079053,JFE,2022,2022,Corporate flexibility in a time of crisis,10.1016/j.jfineco.2022.03.003,original_package_used,True,15584,25,False,True,False,True,False,False,True,True,False,False,True,True,True
95d92f2edb7d48be,JFE,2022,2022,Count (and count-like) data in finance,10.1016/j.jfineco.2022.08.004,original_package_used,True,12990,29,False,True,False,True,False,False,True,True,False,False,True,True,True
b80f1f635ab637bf,JFE,2022,2022,Credit cycles with market-based household leverage,10.1016/j.jfineco.2021.11.001,original_package_used,True,17129,32,False,True,False,False,False,True,True,True,False,False,True,True,True
77d00748d2f3d419,JFE,2022,2022,"Cross-listings, antitakeover defenses, and the insulation hypothesis",10.1016/j.jfineco.2021.08.003,original_package_used,True,9618,22,False,True,False,True,False,True,False,True,False,False,True,True,True
44c430cf2bf7a904,JFE,2022,2022,Cyber risk and the U.S. financial system: A pre-mortem analysis,10.1016/j.jfineco.2021.10.007,original_package_used,True,16653,39,False,True,False,True,True,False,True,True,False,False,True,True,True
f2b493d7f263d9b8,JFE,2022,2022,Debt dynamics with fixed issuance costs,10.1016/j.jfineco.2022.07.006,original_package_used,True,11607,21,False,True,False,False,False,False,True,True,False,False,True,True,True
5a955f0a7a59e625,JFE,2022,2022,Decomposing firm value,10.1016/j.jfineco.2021.08.007,original_package_used,True,14880,28,False,True,True,True,False,True,True,True,True,False,True,True,True
049ed857059a42f2,JFE,2022,2022,Democracy and the pricing of initial public offerings around the world,10.1016/j.jfineco.2021.07.010,original_package_used,True,11361,25,False,True,False,True,True,False,False,True,True,True,True,True,True
7de0c72a2bce56d7,JFE,2022,2022,Did the paycheck protection program hit the target?,10.1016/j.jfineco.2022.05.006,original_package_used,True,21955,30,False,True,False,True,False,True,False,True,False,True,True,True,True
591e1142489f678d,JFE,2022,2022,Disappearing and reappearing dividends,10.1016/j.jfineco.2021.06.029,original_package_used,True,9719,18,False,True,False,True,True,False,True,False,False,False,True,False,True
8c26141f8256d69b,JFE,2022,2022,Dissecting currency momentum,10.1016/j.jfineco.2021.05.035,original_package_used,True,10282,31,False,True,True,True,False,False,False,True,True,False,True,False,True
053f16ec85b67d44,JFE,2022,2022,Dissecting green returns,10.1016/j.jfineco.2022.07.007,original_package_used,True,15545,26,False,True,False,True,False,False,False,False,False,False,True,True,True
91f4b2f86951fd56,JFE,2022,2022,Do real estate values boost corporate borrowing? Evidence from contract-level data,10.1016/j.jfineco.2021.06.021,original_package_used,True,22466,48,False,True,False,True,True,False,True,True,True,False,True,True,True
dbcf7b7029c59dfa,JFE,2022,2022,Do the right firms survive bankruptcy?,10.1016/j.jfineco.2021.07.006,original_package_used,True,13917,39,False,True,False,True,True,True,True,True,False,False,True,True,True
7efcdc78fcb09f05,JFE,2022,2022,Does customer-base structure influence managerial risk-taking incentives?,10.1016/j.jfineco.2021.07.015,original_package_used,True,14559,33,False,True,False,True,False,True,False,True,True,True,True,True,True
d684a37eceff939b,JFE,2022,2022,Does mutual fund illiquidity introduce fragility into asset prices? Evidence from the corporate bond market,10.1016/j.jfineco.2021.05.022,original_package_used,True,14770,25,False,True,False,True,False,False,False,True,True,True,True,True,True
9bb57a7103871567,JFE,2022,2022,Does paycheck frequency matter? Evidence from micro data,10.1016/j.jfineco.2021.12.002,original_package_used,True,10391,20,False,True,False,True,True,True,True,True,False,False,True,True,True
14c8f028b16da43f,JFE,2022,2022,Does short-selling potential influence merger and acquisition payment choice?,10.1016/j.jfineco.2022.03.002,original_package_used,True,12811,30,False,True,True,True,False,False,False,True,True,True,True,True,True
9a3de5e77e3fc8f3,JFE,2022,2022,Dominant currency debt,10.1016/j.jfineco.2021.06.023,original_package_used,True,12789,27,False,True,False,False,False,False,True,True,False,False,True,False,True
fabc775accd59788,JFE,2022,2022,Employee output response to stock market wealth shocks,10.1016/j.jfineco.2021.11.005,original_package_used,True,12573,40,False,True,False,True,True,True,False,True,True,True,True,True,True
e2c59f0de7af34b4,JFE,2022,2022,Endogenous inattention and risk-specific price underreaction in corporate bonds,10.1016/j.jfineco.2021.09.025,original_package_used,True,12575,25,False,True,True,True,False,False,True,True,True,True,True,True,True
c35b3985e7629f6c,JFE,2022,2022,Epidemic disease and financial development,10.1016/j.jfineco.2021.06.003,original_package_used,True,15522,26,False,True,False,True,True,False,False,True,True,True,True,False,True
a9ace44b1f9802b1,JFE,2022,2022,Equity tail risk and currency risk premiums,10.1016/j.jfineco.2021.05.020,original_package_used,True,14054,25,False,True,False,True,False,False,True,True,True,False,True,False,True
ab41639a3cbeaf08,JFE,2022,2022,Executive stock options and systemic risk,10.1016/j.jfineco.2021.09.010,original_package_used,True,13945,34,False,True,False,True,False,True,True,True,True,False,True,False,True
32b878b74a544c7b,JFE,2022,2022,Expansionary yet different: Credit supply and real effects of negative interest rate policy,10.1016/j.jfineco.2021.11.004,original_package_used,True,16879,24,False,True,False,True,True,True,False,True,True,True,True,True,True
48ab755a63dfb8d6,JFE,2022,2022,"Expected return, volume, and mispricing",10.1016/j.jfineco.2021.05.014,original_package_used,True,13882,22,False,True,False,True,False,False,False,True,True,True,True,False,True
def2f3dfda9f97d0,JFE,2022,2022,Financial development and labor market outcomes: Evidence from Brazil,10.1016/j.jfineco.2021.06.009,original_package_used,True,12756,27,False,True,False,True,True,True,True,True,False,True,True,False,True
fc349640bfe0aabb,JFE,2022,2022,Financial factors and the propagation of the Great Depression,10.1016/j.jfineco.2021.08.018,original_package_used,True,9411,27,False,True,False,True,False,False,False,True,True,True,True,True,True
3ff4074daa55c055,JFE,2022,2022,Financial transaction taxes and the informational efficiency of financial markets: A structural estimation,10.1016/j.jfineco.2022.04.007,original_package_used,True,17371,53,False,True,False,True,True,True,True,True,True,False,True,True,True
4e2a1df019a0226a,JFE,2022,2022,Financially constrained mortgage servicers,10.1016/j.jfineco.2021.09.026,original_package_used,True,14963,24,False,True,False,True,True,True,False,True,False,False,True,False,True
3cb5f26bd72c7cda,JFE,2022,2022,Financing breakthroughs under failure risk,10.1016/j.jfineco.2022.01.005,original_package_used,True,30865,63,False,True,False,False,False,False,True,True,True,False,True,True,True
7fc97f5e0653d526,JFE,2022,2022,"Financing constraints, home equity and selection into entrepreneurship",10.1016/j.jfineco.2021.10.012,original_package_used,True,10331,18,False,True,False,True,False,True,False,True,False,False,True,True,True
e9272e6d729f81bb,JFE,2022,2022,Fire-sale risk in the leveraged loan market,10.1016/j.jfineco.2022.05.003,original_package_used,True,18123,28,False,True,False,True,True,False,False,True,True,True,True,True,True
d99ea7a8c74603d9,JFE,2022,2022,Flattening the curve: Pandemic-Induced revaluation of urban real estate,10.1016/j.jfineco.2021.10.008,original_package_used,True,16384,46,False,True,False,True,False,False,True,True,True,True,True,True,True
4dc7e1dbc025b4f4,JFE,2022,2022,Foreign investment of US multinationals: The effect of tax policy and agency conflicts,10.1016/j.jfineco.2021.06.004,original_package_used,True,20075,45,False,False,False,True,False,True,True,True,True,False,True,True,True
e194ebe31943556d,JFE,2022,2022,Fund manager skill in an era of globalization: Offshore concentration and fund performance,10.1016/j.jfineco.2021.07.012,original_package_used,True,13852,26,False,True,True,True,True,False,False,True,True,True,True,False,True
0b0587208586d683,JFE,2022,2022,Game on: Social networks and markets,10.1016/j.jfineco.2022.05.002,original_package_used,True,16759,22,False,False,False,False,False,False,True,False,True,False,True,True,True
34335c1ecc3f1e5d,JFE,2022,2022,Geographic clustering of institutional investors,10.1016/j.jfineco.2021.08.011,original_package_used,True,15060,24,False,True,False,True,True,False,False,True,False,False,True,True,True
57c437f163de4a83,JFE,2022,2022,Good for your fiscal health? The effect of the affordable care act on healthcare borrowing costs,10.1016/j.jfineco.2021.09.003,original_package_used,True,16430,21,False,True,False,True,True,True,False,True,False,False,True,True,True
e88b86b861f0f66d,JFE,2022,2022,Government policy approval and exchange rates,10.1016/j.jfineco.2021.06.031,original_package_used,True,15735,34,False,True,False,True,False,False,True,True,True,True,True,True,True
ef072c064809be2b,JFE,2022,2022,"Gravity, counterparties, and foreign investment",10.1016/j.jfineco.2021.09.011,original_package_used,True,14690,49,False,True,False,True,True,True,True,True,True,True,True,True,True
330c28977466e166,JFE,2022,2022,Growth forecasts and news about monetary policy,10.1016/j.jfineco.2022.07.001,original_package_used,True,9744,18,False,True,False,True,False,False,False,True,True,False,True,False,True
82b9950f1a04503c,JFE,2022,2022,Have exchange-listed firms become less important for the economy?,10.1016/j.jfineco.2021.08.009,original_package_used,True,19936,23,False,True,False,False,False,True,False,True,False,False,True,True,True
407571cb308a8945,JFE,2022,2022,Have risk premia vanished?,10.1016/j.jfineco.2021.08.019,original_package_used,True,14603,33,False,True,False,True,False,True,True,True,True,False,True,True,True
235b526b714880c6,JFE,2022,2022,High policy uncertainty and low implied market volatility: An academic puzzle?,10.1016/j.jfineco.2021.05.011,original_package_used,True,11709,28,False,True,True,True,False,True,False,True,False,False,True,True,True
e8d73b233ab3e3e2,JFE,2022,2022,How monetary policy shaped the housing boom,10.1016/j.jfineco.2021.06.039,original_package_used,True,16904,28,False,True,True,True,False,True,False,True,True,False,True,False,True
6824169f569f1d34,JFE,2022,2022,How much should we trust staggered difference-in-differences estimates?,10.1016/j.jfineco.2022.01.004,original_package_used,True,15459,28,False,True,False,True,False,True,False,True,True,False,True,False,True
b3835d3e870a3307,JFE,2022,2022,How voluntary information sharing systems form: Evidence from a U.S. commercial credit bureau,10.1016/j.jfineco.2021.08.023,original_package_used,True,14568,25,False,True,False,True,True,False,True,True,False,False,True,True,True
1cfba6e30abd6e25,JFE,2022,2022,IPO peer effects,10.1016/j.jfineco.2021.05.055,original_package_used,True,16842,28,False,True,False,True,False,True,True,True,True,True,True,False,True
8ac876d29a8d141e,JFE,2022,2022,In sickness and in debt: The COVID-19 impact on sovereign credit risk,10.1016/j.jfineco.2021.05.009,original_package_used,True,17545,23,False,True,True,True,True,False,False,True,True,True,True,False,True
947717d4035891ee,JFE,2022,2022,Intermediation in the interbank lending market,10.1016/j.jfineco.2021.11.003,original_package_used,True,18057,36,False,True,False,True,False,True,True,True,True,False,True,True,True
b832340ca7c88a4e,JFE,2022,2022,International asset pricing with strategic business groups,10.1016/j.jfineco.2021.09.002,original_package_used,True,15079,28,False,True,False,True,False,False,False,True,True,True,True,True,True
aa691180b803ea8f,JFE,2022,2022,Investing outside the box: Evidence from alternative vehicles in private equity,10.1016/j.jfineco.2021.05.034,original_package_used,True,11814,18,False,True,False,True,False,False,False,True,True,False,True,True,True
b0ef2b3203199fb1,JFE,2022,2022,Investment slumps during financial crises: The real effects of credit supply,10.1016/j.jfineco.2022.04.004,original_package_used,True,11836,20,False,True,False,True,False,True,True,True,True,False,True,True,True
f4119a02599a595e,JFE,2022,2022,Is there a home field advantage in global markets?,10.1016/j.jfineco.2021.11.002,original_package_used,True,19015,21,False,True,False,True,False,False,True,True,True,True,True,True,True
0399466c64b4a8ee,JFE,2022,2022,Is there a zero lower bound? The effects of negative policy rates on banks and firms,10.1016/j.jfineco.2021.06.032,original_package_used,True,13349,23,False,True,False,True,True,False,False,True,False,True,True,True,True
2cede30e50457837,JFE,2022,2022,Issuance overpricing of China's corporate debt securities,10.1016/j.jfineco.2021.06.010,original_package_used,True,11554,28,False,True,True,True,True,False,True,False,False,True,True,False,True
55af37ae35bf2b90,JFE,2022,2022,It's what you say and what you buy: A holistic evaluation of the corporate credit facilities,10.1016/j.jfineco.2022.03.001,original_package_used,True,17098,31,False,True,False,True,False,False,False,True,False,False,True,True,True
563d1f05cb901776,JFE,2022,2022,Keeping options open: What motivates entrepreneurs?,10.1016/j.jfineco.2022.01.001,original_package_used,True,13274,40,False,True,False,True,False,True,True,True,True,True,True,True,True
baafa4bb3ebbd8ad,JFE,2022,2022,Launching with a parachute: The gig economy and new business formation,10.1016/j.jfineco.2021.12.011,original_package_used,True,13615,32,False,True,False,True,False,False,False,True,False,True,True,True,True
1967b348f5ca0e1d,JFE,2022,2022,"Learning, slowly unfolding disasters, and asset prices",10.1016/j.jfineco.2021.05.030,original_package_used,True,13651,27,False,True,False,True,False,True,True,True,False,True,True,True,True
5720b67a6c41be9e,JFE,2022,2022,Let the rich be flooded: The distribution of financial aid and distress after Hurricane Harvey,10.1016/j.jfineco.2021.11.006,original_package_used,True,15179,24,False,True,False,True,False,True,False,True,False,False,True,True,True
0d6f727bfee8abe4,JFE,2022,2022,Leverage,10.1016/j.jfineco.2021.09.001,original_package_used,True,15520,25,False,True,False,False,False,False,True,False,False,False,True,True,True
b6c8dfd76f50e216,JFE,2022,2022,Liquidity in the global currency market,10.1016/j.jfineco.2022.09.004,original_package_used,True,15631,21,False,True,False,True,False,False,True,True,False,False,True,True,True
232a15278d99e6a0,JFE,2022,2022,"Liquidity, pledgeability, and the nature of lending",10.1016/j.jfineco.2021.05.005,original_package_used,True,15341,39,False,True,False,False,False,False,True,True,True,False,True,True,True
dea63edb83bac663,JFE,2022,2022,Listening in on investors' thoughts and conversations,10.1016/j.jfineco.2021.09.004,original_package_used,True,11902,27,False,True,True,True,False,False,False,True,True,False,True,True,True
99231f1190dadfd0,JFE,2022,2022,"Local banks, credit supply, and house prices",10.1016/j.jfineco.2021.07.003,original_package_used,True,16149,20,False,True,False,True,True,False,False,True,True,False,True,False,True
6c28aa7529444b5b,JFE,2022,2022,Machine learning in the Chinese stock market,10.1016/j.jfineco.2021.08.017,original_package_used,True,11449,26,False,True,False,True,False,True,True,True,True,False,True,True,True
d85da8ebea6ae293,JFE,2022,2022,Macro news and micro news: Complements or substitutes?,10.1016/j.jfineco.2021.09.012,original_package_used,True,12289,25,False,True,False,True,False,False,False,True,True,True,True,True,True
a3c66a77be4e85dc,JFE,2022,2022,Market efficiency in the age of big data,10.1016/j.jfineco.2021.10.006,original_package_used,True,15036,25,False,True,False,True,True,True,False,True,False,False,True,True,True
b6ce7a676fc42928,JFE,2022,2022,Measuring the ex-ante incentive effects of creditor control rights during bankruptcy reorganization,10.1016/j.jfineco.2021.09.020,original_package_used,True,16608,34,False,True,True,True,True,False,True,True,True,True,True,True,True
5a3bb6a4d62db41a,JFE,2022,2022,Measuring the welfare cost of asymmetric information in consumer credit markets,10.1016/j.jfineco.2022.09.001,original_package_used,True,13831,30,False,True,False,True,True,True,True,True,False,True,True,True,True
7309a0c1d5ad0874,JFE,2022,2022,Millionaires speak: What drives their personal investment decisions?,10.1016/j.jfineco.2021.09.016,original_package_used,True,18492,21,False,True,False,True,True,False,False,False,False,False,True,True,True
86bfffdb27c0bacd,JFE,2022,2022,Monetary policy expectation errors,10.1016/j.jfineco.2022.09.005,original_package_used,True,11998,24,False,True,False,True,False,False,False,True,True,False,True,True,True
88116bb6997fdc66,JFE,2022,2022,"More informative disclosures, less informative prices? Portfolio and price formation around quarter-ends",10.1016/j.jfineco.2021.10.004,original_package_used,True,14262,22,False,True,False,True,False,False,False,True,True,False,True,True,True
2ed94422fe868828,JFE,2022,2022,Multivariate crash risk,10.1016/j.jfineco.2021.07.016,original_package_used,True,15197,25,False,True,False,True,False,True,True,True,True,False,True,True,True
24e63174cb1fcce9,JFE,2022,2022,Music sentiment and stock returns around the world,10.1016/j.jfineco.2021.08.014,original_package_used,True,9756,22,False,True,False,True,False,False,False,True,True,False,True,True,True
54f9a6b7aab91054,JFE,2022,2022,Network effects in corporate financial policies,10.1016/j.jfineco.2021.05.060,original_package_used,True,16660,36,False,True,False,True,False,True,True,True,True,True,True,True,True
a80652d98c812592,JFE,2022,2022,News as sources of jumps in stock returns: Evidence from 21 million news articles for 9000 companies,10.1016/j.jfineco.2021.08.002,original_package_used,True,10018,22,False,True,False,True,False,True,False,True,True,False,True,True,True
cac332a78dd42406,JFE,2022,2022,Oil volatility risk,10.1016/j.jfineco.2021.08.016,original_package_used,True,16503,43,False,True,False,True,False,False,True,True,True,True,True,True,True
f5004a0d0d507f1e,JFE,2022,2022,On index investing,10.1016/j.jfineco.2022.05.007,original_package_used,True,12144,23,False,True,True,True,True,True,False,True,False,False,True,True,True
307668c0013f671a,JFE,2022,2022,On the fast track: Information acquisition costs and information production,10.1016/j.jfineco.2021.06.025,original_package_used,True,19277,39,False,True,False,True,True,False,False,True,True,True,True,True,True
df4e5ffdcf1a1f98,JFE,2022,2022,On the information content of credit ratings and market-based measures of default risk,10.1016/j.jfineco.2022.07.005,original_package_used,True,19835,33,False,True,False,True,False,True,True,True,True,True,True,True,True
a2d4a94940f47d93,JFE,2022,2022,Outlier blindness: A neurobiological foundation for neglect of financial risk,10.1016/j.jfineco.2021.06.019,original_package_used,True,20463,36,False,True,True,False,False,False,True,True,True,False,True,True,True
75040cc5bd400cce,JFE,2022,2022,Overallocation and secondary market outcomes in corporate bond offerings,10.1016/j.jfineco.2022.08.001,original_package_used,True,15995,27,False,True,True,True,True,True,False,True,False,False,True,True,True
9c257d4275332768,JFE,2022,2022,"Overnight returns, daytime reversals, and future stock returns",10.1016/j.jfineco.2021.09.019,original_package_used,True,15557,40,False,True,True,True,False,False,False,True,True,True,True,True,True
bdefabdeb107642c,JFE,2022,2022,Partisan residential sorting on climate change risk,10.1016/j.jfineco.2022.03.004,original_package_used,True,15936,25,False,True,False,True,False,True,False,True,False,True,True,True,True
b450c462b55bd69c,JFE,2022,2022,"Patent quality, firm value, and investor underreaction: Evidence from patent examiner busyness",10.1016/j.jfineco.2021.10.013,original_package_used,True,17307,34,False,False,False,True,False,True,False,True,True,True,True,True,True
4a64020b4596388e,JFE,2022,2022,Paying for beta: Leverage demand and asset management fees,10.1016/j.jfineco.2022.04.002,original_package_used,True,16013,39,False,True,True,True,True,True,True,True,False,True,True,True,True
875f68dbf0befdcd,JFE,2022,2022,Peak-Bust rental spreads,10.1016/j.jfineco.2021.05.061,original_package_used,True,14564,21,False,True,False,True,True,True,True,True,False,True,True,False,True
0d354996d8bf665e,JFE,2022,2022,Peer selection and valuation in mergers and acquisitions,10.1016/j.jfineco.2021.09.006,original_package_used,True,15200,31,False,True,False,True,True,False,False,True,True,False,True,True,True
b84e6680dc6d1dcb,JFE,2022,2022,Personal finance education mandates and student loan repayment,10.1016/j.jfineco.2022.06.006,original_package_used,True,18116,40,False,True,False,True,True,True,False,True,True,True,True,True,True
2a90c01580192865,JFE,2022,2022,Portfolio choice with sustainable spending: A model of reaching for yield,10.1016/j.jfineco.2021.05.018,original_package_used,True,12524,35,False,True,True,False,False,False,True,True,True,False,True,False,True
b7e83524b5502275,JFE,2022,2022,Premium for heightened uncertainty: Explaining pre-announcement market returns,10.1016/j.jfineco.2021.09.015,original_package_used,True,17937,29,False,True,True,True,False,False,True,True,True,False,True,True,True
2ab49506b9731ac2,JFE,2022,2022,Price revelation from insider trading: Evidence from hacked earnings news,10.1016/j.jfineco.2021.12.006,original_package_used,True,13758,22,False,True,False,True,True,True,False,True,True,False,True,True,True
458044c8a77b9f00,JFE,2022,2022,Price transparency in OTC equity lending markets: Evidence from a loan fee benchmark,10.1016/j.jfineco.2021.05.033,original_package_used,True,12835,31,False,True,False,True,False,False,False,True,False,True,True,True,True
fe4ac8e4c3d58b21,JFE,2022,2022,Price-setting in the foreign exchange swap market: Evidence from order flow,10.1016/j.jfineco.2022.07.004,original_package_used,True,14859,32,False,False,True,True,True,False,True,True,False,False,True,True,True
86b3313dce403631,JFE,2022,2022,Pricing of index options in incomplete markets,10.1016/j.jfineco.2021.05.041,original_package_used,True,19976,53,False,True,True,True,False,True,True,True,False,False,True,True,True
688ba5d99dd8add9,JFE,2022,2022,Product market strategy and corporate policies,10.1016/j.jfineco.2022.09.003,original_package_used,True,22307,64,False,True,True,True,False,True,True,True,True,False,True,True,True
acb10566951cf65c,JFE,2022,2022,Real effects of climate policy: Financial constraints and spillovers,10.1016/j.jfineco.2021.06.015,original_package_used,True,18197,28,False,True,False,True,True,True,False,True,True,True,True,False,False
cd91a2ec9c155d61,JFE,2022,2022,Real-time price discovery via verbal communication: Method and application to Fedspeak,10.1016/j.jfineco.2021.12.004,original_package_used,True,19402,43,False,True,False,True,False,True,False,True,True,True,True,True,True
e877359e95ccba0d,JFE,2022,2022,Realized semibetas: Disentangling 'good' and 'bad' downside risks,10.1016/j.jfineco.2021.05.056,original_package_used,True,12363,21,False,True,False,True,False,False,False,False,True,False,True,True,True
3bf9df1fbcb7ca91,JFE,2022,2022,Recovering the FOMC risk premium,10.1016/j.jfineco.2022.04.005,original_package_used,True,12130,27,False,True,False,True,False,True,True,True,True,False,True,True,True
bdc144109303c503,JFE,2022,2022,Regulatory transparency and the alignment of private and public enforcement: Evidence from the public disclosure of SEC comment letters,10.1016/j.jfineco.2021.07.011,original_package_used,True,12009,26,False,True,True,True,True,True,False,True,True,False,True,True,True
20502fabb6ee809a,JFE,2022,2022,"Retail shareholder participation in the proxy process: Monitoring, engagement, and voting",10.1016/j.jfineco.2021.07.013,original_package_used,True,20721,32,False,True,False,True,True,False,True,True,False,False,True,True,True
580adf07ce2c9956,JFE,2022,2022,Retail trader sophistication and stock market quality: Evidence from brokerage outages,10.1016/j.jfineco.2022.08.002,original_package_used,True,15664,34,False,True,False,True,False,False,False,True,True,False,True,True,True
7a3f5fe03c010105,JFE,2022,2022,Revealing corruption: Firm and worker level evidence from Brazil,10.1016/j.jfineco.2021.12.013,original_package_used,True,16174,24,False,True,False,True,True,True,False,True,False,True,True,True,True
3e71696cd23bc83d,JFE,2022,2022,"Ripples into waves: Trade networks, economic activity, and asset prices",10.1016/j.jfineco.2021.08.005,original_package_used,True,13309,30,False,True,False,True,False,False,False,False,True,True,True,False,True
bc3f9644eed8e05c,JFE,2022,2022,Risk-adjusted capital allocation and misallocation,10.1016/j.jfineco.2022.06.001,original_package_used,True,16088,22,False,True,False,True,False,False,True,True,False,False,True,True,True
89cf747c6917278d,JFE,2022,2022,Risk-free interest rates,10.1016/j.jfineco.2021.06.012,original_package_used,True,17394,30,False,True,False,True,False,False,True,True,True,False,True,False,True
f8c928872a7271b4,JFE,2022,2022,Salience theory and the cross-section of stock returns: International and further evidence,10.1016/j.jfineco.2021.10.010,original_package_used,True,23967,43,False,True,False,True,False,True,True,True,True,True,True,True,True
0a59074d76001a17,JFE,2022,2022,Searching for the equity premium,10.1016/j.jfineco.2021.05.024,original_package_used,True,18048,36,False,True,False,True,False,False,True,True,True,False,True,True,True
2b766ac8d392a93c,JFE,2022,2022,Sentiment and uncertainty,10.1016/j.jfineco.2022.05.005,original_package_used,True,12783,24,False,True,False,True,False,False,False,True,True,False,True,True,True
a7c141f26753ab39,JFE,2022,2022,"Separating equilibria, underpricing and security design",10.1016/j.jfineco.2021.08.021,original_package_used,True,11261,34,False,True,False,False,False,False,True,False,True,False,True,True,True
641ec65820dd8629,JFE,2022,2022,Shale shocked: Cash windfalls and household debt repayment,10.1016/j.jfineco.2022.09.008,original_package_used,True,17320,27,False,True,False,True,True,True,True,True,False,False,True,True,True
1fbfe36d057f3c0e,JFE,2022,2022,Shielding firm value: Employment protection and process innovation,10.1016/j.jfineco.2021.10.005,original_package_used,True,16411,32,False,True,False,True,False,False,True,True,True,True,True,True,True
2ce032a12aa50dd3,JFE,2022,2022,Short selling efficiency,10.1016/j.jfineco.2021.08.006,original_package_used,True,15004,29,False,True,False,True,False,False,True,True,True,False,True,True,True
e0ae193e10448a10,JFE,2022,2022,"Signaling, instrumentation, and CFO decision-making",10.1016/j.jfineco.2021.07.014,original_package_used,True,10153,15,False,True,False,True,False,False,True,True,False,False,True,False,True
3258f4e5f543c472,JFE,2022,2022,Silence is safest: Information disclosure when the audience's preferences are uncertain,10.1016/j.jfineco.2021.08.012,original_package_used,True,11838,33,False,True,False,False,False,False,True,True,False,False,True,True,True
17abb28c5e40358f,JFE,2022,2022,Sitting bucks: Stale pricing in fixed income funds,10.1016/j.jfineco.2021.08.013,original_package_used,True,12452,22,False,True,False,True,True,False,False,False,False,False,True,True,True
59f1fd7f327e3451,JFE,2022,2022,Size-adapted bond liquidity measures and their asset pricing implications,10.1016/j.jfineco.2022.07.010,original_package_used,True,13255,25,False,True,False,True,False,False,False,True,True,False,True,True,True
956b6014e3650808,JFE,2022,2022,Skill versus reliability in venture capital,10.1016/j.jfineco.2021.07.007,original_package_used,True,16985,20,False,True,True,False,False,False,True,False,False,True,True,True,True
4b71947e3f1ca4f7,JFE,2022,2022,Social interactions and households' flood insurance decisions,10.1016/j.jfineco.2022.02.004,original_package_used,True,12422,34,False,True,False,True,True,True,False,True,True,True,True,True,True
091d57b1167f406b,JFE,2022,2022,Social learning and analyst behavior,10.1016/j.jfineco.2021.06.011,original_package_used,True,14603,24,False,True,True,True,False,False,False,True,True,False,True,True,True
47a88b706e98682c,JFE,2022,2022,Speculative dynamics of prices and volume,10.1016/j.jfineco.2022.07.002,original_package_used,True,16020,35,False,False,False,True,False,True,True,True,False,False,True,True,True
a6b4c96f7eaa69ed,JFE,2022,2022,Stock return ignorance,10.1016/j.jfineco.2021.06.016,original_package_used,True,11863,41,False,True,False,True,False,True,False,True,False,False,True,True,True
c103ef3b8b3e558c,JFE,2022,2022,Stocks for the long run? Evidence from a broad sample of developed markets,10.1016/j.jfineco.2021.06.040,original_package_used,True,16340,20,False,True,False,True,False,False,False,True,True,False,True,False,True
c0ddabd0c1ddf07e,JFE,2022,2022,Strategic fragmented markets,10.1016/j.jfineco.2021.08.022,original_package_used,True,19216,38,False,True,True,False,False,False,True,False,False,False,True,True,True
e884c04d51dd14f2,JFE,2022,2022,Student debt and default: The role of for-profit colleges,10.1016/j.jfineco.2021.12.008,original_package_used,True,17193,21,False,True,False,True,True,True,False,True,True,False,True,True,True
a33bb1ccb335a743,JFE,2022,2022,Sustainable investing with ESG rating uncertainty,10.1016/j.jfineco.2021.09.009,original_package_used,True,15374,22,False,True,False,True,False,False,True,True,True,False,True,True,True
023776bf39a399a9,JFE,2022,2022,Taming the bias zoo,10.1016/j.jfineco.2021.06.001,original_package_used,True,15094,21,False,True,False,True,False,False,False,True,True,False,True,False,True
05fd54607e0c073e,JFE,2022,2022,The '7% solution' and IPO (under)pricing,10.1016/j.jfineco.2021.06.041,original_package_used,True,9968,21,False,True,False,True,False,True,False,True,True,False,True,True,True
ac0bbe9e640cf65e,JFE,2022,2022,The Wall Street stampede: Exit as governance with interacting blockholders,10.1016/j.jfineco.2022.02.005,original_package_used,True,15439,33,False,True,True,True,True,True,True,True,True,False,True,True,True
92114bf399e6b48b,JFE,2022,2022,The big bang: Stock market capitalization in the long run,10.1016/j.jfineco.2021.09.008,original_package_used,True,17171,21,False,True,False,True,True,False,False,False,False,False,True,True,True
dec3e7aedda8307e,JFE,2022,2022,The consequences of student loan credit expansions: Evidence from three decades of default cycles,10.1016/j.jfineco.2021.06.013,original_package_used,True,13950,24,False,False,False,True,True,False,False,True,False,False,True,False,True
7c2035863d2bc944,JFE,2022,2022,The cost of steering in financial markets: Evidence from the mortgage market,10.1016/j.jfineco.2021.05.013,original_package_used,True,13262,18,False,True,False,True,True,True,True,True,False,False,True,False,True
f5ec6acf014d5f8c,JFE,2022,2022,The cross section of the monetary policy announcement premium,10.1016/j.jfineco.2021.07.002,original_package_used,True,18234,42,False,True,False,True,False,False,True,True,True,True,True,True,True
5eb80fae18fd814c,JFE,2022,2022,The cross-section of investment and profitability: Implications for asset pricing,10.1016/j.jfineco.2022.06.003,original_package_used,True,12581,34,False,True,False,True,False,False,True,True,False,False,True,True,True
9f107cc728182f66,JFE,2022,2022,The democratization of investment research and the informativeness of retail investor trading,10.1016/j.jfineco.2021.07.018,original_package_used,True,15160,34,False,True,False,True,False,True,False,True,True,True,True,True,True
7e74047a70f96ab1,JFE,2022,2022,The dynamics of concealment,10.1016/j.jfineco.2021.05.025,original_package_used,True,12833,16,False,True,False,True,False,True,True,True,True,False,True,True,True
8f3daa214cace23e,JFE,2022,2022,The effect of media-linked directors on financing and external governance,10.1016/j.jfineco.2021.07.017,original_package_used,True,20102,25,False,True,False,True,False,True,False,True,True,False,True,False,True
b43c8df2a9590bd1,JFE,2022,2022,The effects of disclosure and enforcement on payday lending in Texas,10.1016/j.jfineco.2021.09.024,original_package_used,True,12551,18,False,True,False,True,True,False,False,True,False,True,True,True,True
626e858091c3fc24,JFE,2022,2022,The international propagation of economic downturns through multinational companies: The real economy channel,10.1016/j.jfineco.2021.09.005,original_package_used,True,18896,34,False,True,False,True,False,True,False,True,True,True,True,True,True
8006e72b35564888,JFE,2022,2022,"The level, slope, and curve factor model for stocks",10.1016/j.jfineco.2021.08.008,original_package_used,True,19473,24,False,True,False,True,False,False,True,True,True,False,True,True,True
a1da2f24037960dc,JFE,2022,2022,The life of the counterparty: Shock propagation in hedge fund-prime broker credit networks,10.1016/j.jfineco.2022.02.002,original_package_used,True,13325,22,False,True,True,True,False,True,False,True,False,False,True,True,True
0dba19bc784183fe,JFE,2022,2022,The maturity premium,10.1016/j.jfineco.2021.07.008,original_package_used,True,16168,34,False,True,False,True,False,True,True,True,False,True,True,True,True
624e6ca30bb911be,JFE,2022,2022,The micro and macro of managerial beliefs,10.1016/j.jfineco.2021.06.007,original_package_used,True,17958,45,False,True,False,True,False,True,True,True,True,True,True,True,True
6158ae879b081ae2,JFE,2022,2022,The missing risk premium in exchange rates,10.1016/j.jfineco.2021.07.001,original_package_used,True,12992,29,False,True,False,True,False,True,True,True,True,True,True,True,True
ae21e987b71d3d8e,JFE,2022,2022,The pass-through of uncertainty shocks to households,10.1016/j.jfineco.2022.03.005,original_package_used,True,12043,16,False,True,True,True,False,False,False,True,True,True,True,True,True
75db8c1df21d0f4d,JFE,2022,2022,The rise of a network: Spillover of political patronage and cronyism to the private sector,10.1016/j.jfineco.2021.09.014,original_package_used,True,19767,36,False,True,False,True,True,True,True,True,True,True,True,True,True
a3f73a6acf52a207,JFE,2022,2022,The rise of dual-class stock IPOs,10.1016/j.jfineco.2021.12.012,original_package_used,True,18220,24,False,True,False,True,False,False,True,True,False,False,True,True,True
9f3795a162b7cffb,JFE,2022,2022,The secured credit premium and the issuance of secured debt,10.1016/j.jfineco.2022.06.005,original_package_used,True,17939,32,False,True,False,True,False,True,False,False,False,False,True,True,True
87dbf386f9750903,JFE,2022,2022,The value of intermediation in the stock market,10.1016/j.jfineco.2021.08.020,original_package_used,True,16517,41,False,True,False,True,True,True,True,True,True,True,True,True,True
0f10b04712170767,JFE,2022,2022,Time-varying risk of nominal bonds: How important are macroeconomic shocks?,10.1016/j.jfineco.2022.04.003,original_package_used,True,15055,40,False,True,True,True,False,True,True,True,False,False,True,True,True
6dac706be57a5274,JFE,2022,2022,To pool or not to pool? Security design in OTC markets,10.1016/j.jfineco.2021.09.021,original_package_used,True,13078,29,False,True,False,False,False,False,False,True,True,False,True,True,True
ceb9fad7f884f4df,JFE,2022,2022,Token-based platform finance,10.1016/j.jfineco.2021.10.002,original_package_used,True,13252,25,False,True,False,False,False,False,True,True,False,False,True,True,True
adb54e91e2862251,JFE,2022,2022,Trade credit and profitability in production networks,10.1016/j.jfineco.2021.05.054,original_package_used,True,16519,32,False,True,False,True,False,True,True,True,True,False,True,True,True
b76288d59b25cac0,JFE,2022,2022,Treasury inconvenience yields during the COVID-19 crisis,10.1016/j.jfineco.2021.05.044,original_package_used,True,15387,39,False,True,False,False,True,False,True,True,False,True,True,True,True
8bceba72238ef13a,JFE,2022,2022,Under-diversification and idiosyncratic risk externalities,10.1016/j.jfineco.2021.05.001,original_package_used,True,15824,45,False,True,False,False,False,False,True,True,True,False,True,True,True
345730c0fa2d3cf4,JFE,2022,2022,"Validity, tightness, and forecasting power of risk premium bounds",10.1016/j.jfineco.2022.02.003,original_package_used,True,14952,31,False,False,False,True,False,True,False,True,False,False,True,True,True
092602101989f374,JFE,2022,2022,Value creation in shareholder activism,10.1016/j.jfineco.2021.09.007,original_package_used,True,15103,40,False,True,False,True,False,True,True,True,True,True,True,True,True
7eb6d9c181bbcf6d,JFE,2022,2022,Venture capital contracts,10.1016/j.jfineco.2021.06.042,original_package_used,True,20344,41,False,True,True,True,False,True,True,True,True,False,True,True,True
e0af8a41bca97e07,JFE,2022,2022,Voting and trading: The shareholder's dilemma,10.1016/j.jfineco.2022.05.001,original_package_used,True,15131,36,False,True,True,False,True,False,True,True,True,False,True,True,True
0e980db07c74adff,JFE,2022,2022,What is CEO overconfidence? Evidence from executive assessments,10.1016/j.jfineco.2021.09.023,original_package_used,True,9725,22,False,True,False,True,False,False,False,True,False,False,True,True,True
b9e5c744718be555,JFE,2022,2022,What moves treasury yields?,10.1016/j.jfineco.2022.04.001,original_package_used,True,13545,24,False,True,False,True,False,True,True,True,True,False,True,True,True
4da7cb75f35c9b8a,JFE,2022,2022,When Uncle Sam introduced Main Street to Wall Street: Liberty Bonds and the transformation of American finance,10.1016/j.jfineco.2021.06.043,original_package_used,True,13539,12,False,True,False,True,False,False,False,True,False,False,True,True,True
df6c14e98e782dee,JFE,2022,2022,When the local newspaper leaves town: The effects of local newspaper closures on corporate misconduct,10.1016/j.jfineco.2021.08.015,original_package_used,True,10361,29,False,True,True,True,False,True,False,True,True,False,True,True,True
ab87b703b91ad4e2,JFE,2022,2022,Who creates new firms when local opportunities arise?,10.1016/j.jfineco.2021.05.045,original_package_used,True,17434,32,False,True,False,True,False,True,True,True,True,False,True,False,True
5a241650e50c949d,JFE,2022,2022,Why are commercial loan rates so sticky? The effect of private information on loan spreads,10.1016/j.jfineco.2021.05.057,original_package_used,True,8773,18,False,True,False,True,False,False,False,True,False,False,True,False,True
ff95b96df154b89a,JFE,2022,2022,Why does structural change accelerate in recessions? The credit reallocation channel,10.1016/j.jfineco.2021.07.009,original_package_used,True,14833,26,False,True,False,True,True,True,True,True,False,True,True,True,True
5bdaffd11d1718b6,JFE,2022,2022,Why does the Fed move markets so much? A model of monetary policy and time-varying risk aversion,10.1016/j.jfineco.2022.06.002,original_package_used,True,12539,27,False,True,False,False,False,False,True,False,False,True,True,True,True
d3bb7e02d2fed157,JFE,2022,2022,"Young firms, old capital",10.1016/j.jfineco.2021.09.017,original_package_used,True,16268,26,False,True,False,True,True,False,False,True,False,True,True,True,True
be34e7d47e5f6841,JFE,2023,2023,A credit-based theory of the currency risk premium,10.1016/j.jfineco.2023.06.002,original_package_used,True,14712,29,False,True,False,True,False,False,True,True,True,False,True,True,True
a476f132d86d885e,JFE,2023,2023,Active trading and (poor) performance: The social transmission channel,10.1016/j.jfineco.2023.103706,original_package_used,True,15863,31,False,True,False,True,True,False,False,True,True,True,True,True,True
ceb089179a278b21,JFE,2023,2023,Angel investment and first impressions,10.1016/j.jfineco.2023.05.001,original_package_used,True,10961,25,False,True,False,True,True,False,False,True,False,False,True,True,True
78989e6b979f1855,JFE,2023,2023,Asset holders’ consumption risk and tests of conditional CCAPM,10.1016/j.jfineco.2023.04.002,original_package_used,True,15979,36,False,True,False,True,False,True,False,True,True,False,True,True,True
c70713671608dbc9,JFE,2023,2023,Automation and the displacement of labor by capital: Asset pricing theory and empirical evidence,10.1016/j.jfineco.2022.11.003,original_package_used,True,15225,27,False,True,False,True,False,False,True,True,True,False,True,True,True
2f8c01edc8e6e6f3,JFE,2023,2023,Barking up the wrong tree: Return-chasing in 401(k) plans,10.1016/j.jfineco.2023.02.004,original_package_used,True,13875,31,False,True,False,True,False,False,True,False,True,True,True,True,True
9c309b971df1d62a,JFE,2023,2023,CEO compensation: Evidence from the field,10.1016/j.jfineco.2023.103718,original_package_used,True,17473,42,False,True,True,True,False,True,True,True,False,False,True,True,True
16c6f3fc86c51f6a,JFE,2023,2023,Can the changes in fundamentals explain the attenuation of anomalies?,10.1016/j.jfineco.2023.04.005,original_package_used,True,11276,21,False,True,True,True,False,False,True,True,True,True,True,True,True
dae9d92a3fbff491,JFE,2023,2023,"Cheapest-to-deliver pricing, optimal MBS securitization, and welfare implications",10.1016/j.jfineco.2023.07.001,original_package_used,True,17261,43,False,True,False,True,True,True,True,True,True,True,True,True,True
cdf99202d75a615a,JFE,2023,2023,Cleansing by tight credit: Rational cycles and endogenous lending standards,10.1016/j.jfineco.2023.07.003,original_package_used,True,15660,36,False,True,False,True,False,False,True,False,False,False,True,True,True
c7d447f24a8b7082,JFE,2023,2023,Collateral competition: Evidence from central counterparties,10.1016/j.jfineco.2023.06.005,original_package_used,True,12346,21,False,True,False,True,False,False,True,True,False,False,True,True,True
2907bfc79a3da106,JFE,2023,2023,Collateral quality and intervention traps,10.1016/j.jfineco.2022.10.005,original_package_used,True,9326,29,False,True,True,True,False,False,True,False,False,False,True,True,True
b5b37a02dd0695ef,JFE,2023,2023,Common ownership and innovation efficiency,10.1016/j.jfineco.2022.12.004,original_package_used,True,16903,22,False,True,False,True,False,True,True,True,True,True,True,True,True
a9b12fea67a5cd0d,JFE,2023,2023,Competition and selection in credit markets,10.1016/j.jfineco.2023.103710,original_package_used,True,13528,24,False,True,False,True,True,False,True,True,True,True,True,True,True
302bef5c1442913e,JFE,2023,2023,"Creditor rights, collateral reuse, and credit supply",10.1016/j.jfineco.2023.06.001,original_package_used,True,14380,23,False,True,False,True,True,False,True,True,False,False,True,True,True
864f95a13ddaffd9,JFE,2023,2023,Cross-stock momentum and factor momentum,10.1016/j.jfineco.2023.103716,original_package_used,True,10352,24,False,True,False,True,False,False,False,True,False,False,True,True,True
b32cb5fdf7657c73,JFE,2023,2023,Debt dynamics and credit risk,10.1016/j.jfineco.2023.06.007,original_package_used,True,22051,52,False,True,False,True,False,True,True,True,True,False,True,True,True
83e295bc5bef0b42,JFE,2023,2023,Deputizing financial institutions to fight elder abuse,10.1016/j.jfineco.2023.06.004,original_package_used,True,13046,35,False,True,False,True,True,True,True,True,False,True,True,True,True
9c28f4b2a885512d,JFE,2023,2023,Disaster resilience and asset prices,10.1016/j.jfineco.2023.103712,original_package_used,True,17573,25,False,True,False,True,False,True,True,False,True,False,True,True,True
74fc47d4b41b8305,JFE,2023,2023,Do firms with specialized M&A staff make better acquisitions?,10.1016/j.jfineco.2022.09.002,original_package_used,True,19000,27,False,True,False,True,False,True,False,False,True,False,True,True,True
7e20f11769bdc073,JFE,2023,2023,Do the rich gamble in the stock market? Low risk anomalies and wealthy households,10.1016/j.jfineco.2023.103715,original_package_used,True,16943,29,False,True,False,True,False,False,False,True,True,True,True,True,True
3358ef36876d3263,JFE,2023,2023,Dynamic asset (mis)pricing: Build-up versus resolution anomalies,10.1016/j.jfineco.2022.11.005,original_package_used,True,13249,29,False,True,False,True,False,False,True,True,True,False,True,True,True
2c2e7943c451e586,JFE,2023,2023,Dynamics of subjective risk premia,10.1016/j.jfineco.2023.103713,original_package_used,True,14097,30,False,True,False,True,False,False,False,False,False,False,True,True,True
634a9585f00fb350,JFE,2023,2023,Economic uncertainty and investor attention,10.1016/j.jfineco.2023.05.003,original_package_used,True,20964,36,False,True,False,True,False,False,True,True,True,True,True,True,True
e810f361c39e05aa,JFE,2023,2023,Empirical evaluation of overspecified asset pricing models,10.1016/j.jfineco.2022.10.002,original_package_used,True,10290,23,False,True,True,True,False,True,True,True,True,False,True,True,True
18041adfdafdd099,JFE,2023,2023,Financial markets and unemployment,10.1016/j.jfineco.2023.01.001,original_package_used,True,17585,35,False,True,True,True,False,True,True,True,True,True,True,True,True
1bf08deeaaed93c1,JFE,2023,2023,Financing the litigation arms race,10.1016/j.jfineco.2023.05.004,original_package_used,True,10133,33,False,True,True,True,True,False,True,True,False,False,True,True,True
65f842604123dd01,JFE,2023,2023,Fire sale risk and expected stock returns,10.1016/j.jfineco.2023.06.006,original_package_used,True,20319,34,False,True,False,True,False,True,True,True,True,False,True,True,True
8eb0042dfe06d630,JFE,2023,2023,Firm-bank linkages and optimal policies after a rare disaster,10.1016/j.jfineco.2023.05.002,original_package_used,True,18293,38,False,True,False,True,False,False,True,False,False,False,True,True,True
9abb4752b0dc8173,JFE,2023,2023,Flexibility costs of debt: Danish exporters during the cartoon crisis,10.1016/j.jfineco.2023.03.001,original_package_used,True,19287,29,False,True,False,True,False,True,False,True,True,True,True,True,True
244140f50b67b2fc,JFE,2023,2023,From patriarchy to partnership: Gender equality and household finance,10.1016/j.jfineco.2023.01.002,original_package_used,True,13904,24,False,True,True,True,False,False,True,True,True,False,True,True,True
0287ebf8b6f38913,JFE,2023,2023,Heterogeneous liquidity providers and night-minus-day return predictability,10.1016/j.jfineco.2023.03.002,original_package_used,True,16728,56,False,True,True,True,False,False,True,True,True,True,True,True,True
163f3b319963b32d,JFE,2023,2023,Implicit guarantees and the rise of shadow banking: The case of trust products,10.1016/j.jfineco.2023.04.012,original_package_used,True,16704,28,False,True,False,True,True,False,True,True,True,False,True,True,True
423748ce8aa76477,JFE,2023,2023,Index providers: Whales behind the scenes of ETFs,10.1016/j.jfineco.2023.06.003,original_package_used,True,15501,32,False,True,True,True,False,True,True,True,True,False,True,True,True
d1a402f2dfe00b64,JFE,2023,2023,Industry asset revaluations around public and private acquisitions,10.1016/j.jfineco.2021.10.003,original_package_used,True,14648,25,False,True,False,True,False,False,False,True,True,False,True,True,True
1aeed8e6a4cafb49,JFE,2023,2023,"Institutional investors, heterogeneous benchmarks and the comovement of asset prices",10.1016/j.jfineco.2022.11.002,original_package_used,True,17827,24,False,True,False,True,True,False,True,True,False,True,True,True,True
f135019007fba5ec,JFE,2023,2023,"Institutional investors, the dollar, and U.S. credit conditions",10.1016/j.jfineco.2022.08.003,original_package_used,True,12392,24,False,True,False,True,True,False,True,True,True,True,True,True,True
2d62108fd169e58d,JFE,2023,2023,Insurance and portfolio decisions: Two sides of the same coin?,10.1016/j.jfineco.2023.03.003,original_package_used,True,11536,21,False,True,False,True,True,True,True,True,True,False,True,True,True
54665873ab91272a,JFE,2023,2023,Intermediary balance sheets and the treasury yield curve,10.1016/j.jfineco.2023.103722,original_package_used,True,17113,38,False,True,False,True,True,True,True,True,False,False,True,True,True
e7a2b7ee1a487439,JFE,2023,2023,International trade and the risk in bilateral exchange rates,10.1016/j.jfineco.2023.103711,original_package_used,True,16107,50,False,True,False,True,True,True,True,False,True,False,True,True,True
aef243d30365ace1,JFE,2023,2023,"Loan guarantees, bank underwriting policies and financial stability",10.1016/j.jfineco.2023.04.013,original_package_used,True,21761,31,False,True,True,False,False,False,True,False,True,False,True,True,True
359a5781bb346aab,JFE,2023,2023,Loan spreads and credit cycles: The role of lenders’ personal economic experiences,10.1016/j.jfineco.2023.02.003,original_package_used,True,21690,39,False,True,False,True,True,True,False,True,True,True,True,True,True
5a4be10d24a1482f,JFE,2023,2023,Machine learning and fund characteristics help to select mutual funds with positive alpha,10.1016/j.jfineco.2023.103737,original_package_used,True,14392,30,False,True,False,True,False,True,False,False,False,False,True,True,True
11121f120864e081,JFE,2023,2023,Machine-learning the skill of mutual fund managers,10.1016/j.jfineco.2023.07.004,original_package_used,True,19357,48,False,True,False,True,False,True,True,True,True,False,True,True,True
5b770e1ddfdb3142,JFE,2023,2023,Market power in wholesale funding: A structural perspective from the triparty repo market,10.1016/j.jfineco.2023.04.007,original_package_used,True,16575,32,False,True,False,True,False,True,True,True,True,False,True,True,True
30d29f35d2caebed,JFE,2023,2023,Micro uncertainty and asset prices,10.1016/j.jfineco.2023.04.006,original_package_used,True,15731,35,False,True,False,True,False,False,True,True,False,True,True,True,True
8cd13cf379a47d7b,JFE,2023,2023,Momentum turning points,10.1016/j.jfineco.2023.05.007,original_package_used,True,18064,45,False,True,False,True,True,True,True,True,True,False,True,True,True
7d13937cfdd46aa7,JFE,2023,2023,"Mortgage prepayment, race, and monetary policy",10.1016/j.jfineco.2022.12.001,original_package_used,True,18046,27,False,True,False,True,False,False,False,True,True,False,True,True,True
c4817fa21fcf546c,JFE,2023,2023,Mutual fund performance at long horizons,10.1016/j.jfineco.2022.10.006,original_package_used,True,18927,33,False,True,False,True,False,False,True,False,True,False,True,True,True
408eb581f6af647c,JFE,2023,2023,Open banking: Credit market competition when borrowers own the data,10.1016/j.jfineco.2022.12.003,original_package_used,True,19538,36,False,True,True,True,False,False,True,True,True,False,True,True,True
1a6cbbe625006144,JFE,2023,2023,Origins of international factor structures,10.1016/j.jfineco.2022.09.010,original_package_used,True,15848,30,False,False,False,True,False,True,True,True,False,True,True,True,True
ff811224c27bfb72,JFE,2023,2023,Partisanship in loan pricing,10.1016/j.jfineco.2023.103717,original_package_used,True,16000,39,False,True,False,True,False,True,False,True,True,True,True,True,True
7866ae85ef8a55dc,JFE,2023,2023,Pirates without borders: The propagation of cyberattacks through firms’ supply chains,10.1016/j.jfineco.2022.12.002,original_package_used,True,10526,20,False,True,False,True,True,True,False,True,False,False,True,True,True
7c2c42481eb68fb1,JFE,2023,2023,Political ideology and international capital allocation,10.1016/j.jfineco.2023.02.005,original_package_used,True,15646,33,False,True,True,True,True,True,False,True,True,True,True,True,True
5a586242b317773a,JFE,2023,2023,Presidential economic approval rating and the cross-section of stock returns,10.1016/j.jfineco.2022.10.004,original_package_used,True,14834,30,False,True,False,True,False,False,True,True,True,True,True,True,True
6d76c9ad064dcdca,JFE,2023,2023,Priced risk in corporate bonds,10.1016/j.jfineco.2023.103707,original_package_used,True,12092,25,False,True,False,True,False,False,True,True,True,False,True,True,True
ac7282c98b96f3eb,JFE,2023,2023,Product market competition with crypto tokens and smart contracts,10.1016/j.jfineco.2023.04.011,original_package_used,True,14066,20,False,True,False,True,False,False,True,False,False,False,True,True,True
2f2258e033ea707c,JFE,2023,2023,Reaching for yield and the housing market: Evidence from 18th-century Amsterdam,10.1016/j.jfineco.2023.04.004,original_package_used,True,17905,29,False,True,False,True,False,False,False,True,False,True,True,True,True
89164fe39652b0c0,JFE,2023,2023,Refusing the best price?,10.1016/j.jfineco.2022.11.004,original_package_used,True,15752,32,False,True,False,True,False,False,False,True,False,False,True,True,True
0b7bc4e53a43c98c,JFE,2023,2023,Return predictability with endogenous growth,10.1016/j.jfineco.2023.103724,original_package_used,True,14961,35,False,True,False,True,False,False,True,True,True,True,True,True,True
429c90e4ecc009b4,JFE,2023,2023,Self-imposed liquidity constraints via voluntary debt repayment,10.1016/j.jfineco.2023.103708,original_package_used,True,11894,30,False,True,False,True,False,False,True,False,True,True,True,True,True
79025373a9838753,JFE,2023,2023,Set it and forget it? Financing retirement in an age of defaults,10.1016/j.jfineco.2023.02.002,original_package_used,True,14779,28,False,True,False,True,True,True,False,True,False,False,True,True,True
dd20c531b67f33b0,JFE,2023,2023,Small and vulnerable: SME productivity in the great productivity slowdown,10.1016/j.jfineco.2022.09.007,original_package_used,True,13455,32,False,True,False,True,False,False,False,True,True,True,True,True,True
2ffae584ed2959e1,JFE,2023,2023,Sorting out the effect of credit supply,10.1016/j.jfineco.2023.103719,original_package_used,True,15021,32,False,True,False,True,False,True,True,True,False,False,True,True,True
cc270329fc4fdd80,JFE,2023,2023,Sovereign risk premia and global macroeconomic conditions,10.1016/j.jfineco.2022.07.003,original_package_used,True,16439,36,False,True,False,True,False,True,True,True,True,False,True,True,True
1bc3edabb2351df7,JFE,2023,2023,Supporting small firms through recessions and recoveries,10.1016/j.jfineco.2023.01.004,original_package_used,True,20647,35,False,True,False,True,True,True,False,True,True,True,True,True,True
75a1c8b57a5e9535,JFE,2023,2023,Systematic default and return predictability in the stock and bond markets,10.1016/j.jfineco.2023.05.006,original_package_used,True,14224,28,False,True,False,True,False,True,False,True,True,False,True,True,True
1d8c0b790e42a3fe,JFE,2023,2023,Temperature shocks and industry earnings news,10.1016/j.jfineco.2023.07.002,original_package_used,True,18477,38,False,True,False,True,False,True,False,True,True,True,True,True,True
8145d30040561dc4,JFE,2023,2023,The Big Three and board gender diversity: The effectiveness of shareholder voice,10.1016/j.jfineco.2023.04.001,original_package_used,True,15813,29,False,True,False,True,False,False,False,True,True,True,True,True,True
e5462e9aab9e53b9,JFE,2023,2023,The Modern Mutual Fund Family,10.1016/j.jfineco.2023.02.001,original_package_used,True,11329,19,False,True,False,True,False,False,False,True,False,True,True,True,True
9015ec2a9dc604ea,JFE,2023,2023,The colour of finance words,10.1016/j.jfineco.2022.11.006,original_package_used,True,15972,24,False,True,False,True,False,False,False,False,True,False,True,True,True
5bb146b57061159c,JFE,2023,2023,The distributional effects of student loan forgiveness,10.1016/j.jfineco.2022.10.003,original_package_used,True,12149,30,False,True,False,True,True,False,False,True,True,False,True,True,True
d90ab3ebfc4280fa,JFE,2023,2023,The fundamental-to-market ratio and the value premium decline,10.1016/j.jfineco.2022.11.001,original_package_used,True,13676,29,False,True,False,True,False,True,False,True,True,False,True,True,True
94b392da9256b504,JFE,2023,2023,The global factor structure of exchange rates,10.1016/j.jfineco.2023.01.005,original_package_used,True,14151,29,False,False,False,True,True,True,True,True,True,False,True,True,True
4fa77aafc2f297f9,JFE,2023,2023,The jump leverage risk premium,10.1016/j.jfineco.2023.103723,original_package_used,True,13066,30,False,True,False,True,True,False,True,True,False,False,True,True,True
e9a2788de5ec2f08,JFE,2023,2023,The labor effects of judicial bias in bankruptcy,10.1016/j.jfineco.2023.103720,original_package_used,True,13468,31,False,True,False,True,True,True,True,True,True,True,True,True,True
1593086a2fb8b578,JFE,2023,2023,The limits of multi-dealer platforms,10.1016/j.jfineco.2023.05.005,original_package_used,True,13070,31,False,True,True,True,True,False,True,False,True,True,True,True,True
85d5ccab05435da8,JFE,2023,2023,The negativity bias and perceived return distributions: Evidence from a pandemic,10.1016/j.jfineco.2023.01.003,original_package_used,True,18097,31,False,True,True,True,True,False,False,True,True,False,True,True,True
cf8ab5a393d00c5c,JFE,2023,2023,The short- and long-run effects of remote work on U.S. housing markets,10.1016/j.jfineco.2023.103705,original_package_used,True,12984,36,False,True,True,True,False,False,True,True,True,True,True,False,True
5b84ec3ed3aaf233,JFE,2023,2023,Treasury option returns and models with unspanned risks,10.1016/j.jfineco.2023.103736,original_package_used,True,14235,45,False,True,False,True,False,True,True,True,True,False,True,True,True
09fb514aae6343a8,JFE,2023,2023,Volatility and informativeness,10.1016/j.jfineco.2022.12.005,original_package_used,True,13647,30,False,True,False,True,False,False,True,False,False,False,True,True,True
b4f8dd79038865c2,JFE,2023,2023,What are the events that shake our world? Measuring and hedging global COVOL,10.1016/j.jfineco.2022.09.009,original_package_used,True,11667,34,False,True,True,True,False,False,True,True,True,False,True,True,True
34329df0d754790e,JFE,2023,2023,What do outside CEOs really do? Evidence from plant-level data,10.1016/j.jfineco.2022.10.001,original_package_used,True,14777,29,False,True,False,True,False,False,False,True,True,True,True,True,True
bad4944b24611478,JFE,2023,2023,What matters in a characteristic?,10.1016/j.jfineco.2023.04.010,original_package_used,True,14256,34,False,True,True,True,False,True,True,True,True,False,True,True,True
acdf96a62ca38a06,JFE,2023,2023,When and how are rule 10b5-1 plans used for insider stock sales?,10.1016/j.jfineco.2023.04.009,original_package_used,True,14632,29,False,True,False,True,False,False,False,True,False,True,True,False,True
c8654e44065de5ca,JFE,2023,2023,When can the market identify old news?,10.1016/j.jfineco.2023.04.008,original_package_used,True,14121,29,False,True,False,True,True,False,False,True,True,False,True,True,True
55f20d17fe11433f,JFE,2023,2023,When large traders create noise,10.1016/j.jfineco.2023.103709,original_package_used,True,13628,38,False,True,True,True,True,False,True,True,True,False,True,True,True
b5dd6a1d1a0002d9,JFE,2023,2023,Why is dollar debt Cheaper? Evidence from Peru,10.1016/j.jfineco.2023.04.003,original_package_used,True,16376,22,False,True,False,True,False,False,True,True,False,True,True,True,True
5eac14fce122ec44,JFE,2024,2024,Aggregate lapsation risk,10.1016/j.jfineco.2024.103819,original_package_used,True,15990,49,False,True,False,True,False,True,True,True,True,True,True,True,True
b4e9edf00afc6b58,JFE,2024,2024,Ambiguity and private investors’ behavior after forced fund liquidations,10.1016/j.jfineco.2024.103849,original_package_used,True,13745,24,False,True,False,True,False,True,False,True,True,True,True,True,True
5f5880a3d8562a5b,JFE,2024,2024,Are cryptos different? Evidence from retail trading,10.1016/j.jfineco.2024.103897,original_package_used,True,16177,21,False,True,True,True,False,False,True,True,True,True,True,True,True
20abcf48cc876c57,JFE,2024,2024,"Artificial intelligence, firm growth, and product innovation",10.1016/j.jfineco.2023.103745,original_package_used,True,24539,44,False,True,True,True,True,True,False,True,True,True,True,True,True
0fb277620d33092b,JFE,2024,2024,"Asset life, leverage, and debt maturity matching",10.1016/j.jfineco.2024.103796,original_package_used,True,14952,39,False,True,False,True,False,False,True,True,True,True,True,True,True
1f4ff56f71b839c2,JFE,2024,2024,"Associative memory, beliefs and market interactions",10.1016/j.jfineco.2024.103853,original_package_used,True,12659,32,False,True,False,True,False,False,True,True,False,True,True,True,True
289d3303dfbf2431,JFE,2024,2024,Bank heterogeneity and financial stability,10.1016/j.jfineco.2024.103934,original_package_used,True,14813,56,False,True,False,True,False,False,True,False,False,True,True,True,True
8bcfaeb51299c971,JFE,2024,2024,Block trade contracting,10.1016/j.jfineco.2024.103901,original_package_used,True,13690,29,False,True,False,True,False,False,True,False,False,False,True,True,True
23f84d88aa0b2301,JFE,2024,2024,"Borrow now, pay even later: A quantitative analysis of student debt payment plans",10.1016/j.jfineco.2024.103898,original_package_used,True,16170,58,False,True,False,True,False,True,True,True,True,True,True,True,True
b4a394c17a43c6a3,JFE,2024,2024,"Broken promises, competition, and capital allocation in the mutual fund industry",10.1016/j.jfineco.2024.103948,original_package_used,True,20145,40,False,True,True,True,False,True,False,True,True,True,True,True,True
94ad9e4326628cb0,JFE,2024,2024,"Capital budgeting, uncertainty, and misallocation",10.1016/j.jfineco.2024.103779,original_package_used,True,14182,47,False,True,True,True,False,False,True,True,True,True,True,True,True
d75add2418d30431,JFE,2024,2024,Causal effects of closing businesses in a pandemic,10.1016/j.jfineco.2024.103794,original_package_used,True,16429,36,False,True,False,True,False,True,False,True,True,False,True,True,False
5597e68a06e39d57,JFE,2024,2024,Charting by machines,10.1016/j.jfineco.2024.103791,original_package_used,True,22142,47,False,True,False,True,False,False,True,True,True,True,True,True,True
edf58f485bd5d73c,JFE,2024,2024,Collateral eligibility of corporate debt in the Eurosystem,10.1016/j.jfineco.2023.103777,original_package_used,True,16238,38,False,True,True,True,False,True,True,True,True,False,True,True,True
8183455043b53acd,JFE,2024,2024,Comparing factor models with price-impact costs,10.1016/j.jfineco.2024.103949,original_package_used,True,19282,47,False,True,False,True,False,False,True,True,False,False,True,True,True
4cc8e5b4ea6d9ae1,JFE,2024,2024,"Competition, Product differentiation and Crises: Evidence from 18 million securitized loans",10.1016/j.jfineco.2024.103947,original_package_used,True,14054,34,False,True,True,True,False,True,True,True,True,False,True,True,True
a3acfc7475b1fd7d,JFE,2024,2024,Concealed carry,10.1016/j.jfineco.2024.103874,original_package_used,True,14350,30,False,True,False,True,True,False,True,True,True,False,True,True,True
8dcec79ee3681d0c,JFE,2024,2024,Conditional risk,10.1016/j.jfineco.2024.103933,original_package_used,True,13350,31,False,False,True,True,False,True,True,True,True,False,True,True,True
050c44c469edbd2f,JFE,2024,2024,Consumption smoothing or consumption binging? The effects of government-led consumer credit expansion in Brazil,10.1016/j.jfineco.2024.103834,original_package_used,True,17424,32,False,True,True,True,True,True,True,True,True,True,True,True,True
1fd047723a9bd179,JFE,2024,2024,Corporate responses to stock price fragility,10.1016/j.jfineco.2024.103795,original_package_used,True,16213,32,False,True,False,True,False,False,True,True,True,True,True,True,True
07e309a3bfce0cee,JFE,2024,2024,Crowdsourcing peer information to change spending behavior,10.1016/j.jfineco.2024.103858,original_package_used,True,18918,39,False,True,True,True,True,False,False,True,True,True,True,True,True
cb0c722219f2ccf0,JFE,2024,2024,Debtor income manipulation in consumer credit contracts,10.1016/j.jfineco.2024.103851,original_package_used,True,16330,38,False,True,False,True,True,True,True,True,False,True,True,True,True
0ed10d03d97faf94,JFE,2024,2024,Delayed creative destruction: How uncertainty shapes corporate assets,10.1016/j.jfineco.2024.103786,original_package_used,True,17118,53,False,True,False,True,False,True,True,True,True,True,True,True,True
c57bc9efcc97743f,JFE,2024,2024,Delayed crises and slow recoveries,10.1016/j.jfineco.2023.103757,original_package_used,True,19388,30,False,True,False,True,True,False,True,False,False,False,True,True,True
9a3b8ad34dd61376,JFE,2024,2024,Demand-and-supply imbalance risk and long-term swap spreads,10.1016/j.jfineco.2024.103814,original_package_used,True,21315,30,False,True,False,True,True,False,True,True,False,False,True,True,True
f901aa230af9a9d1,JFE,2024,2024,Direct lenders in the U.S. middle market,10.1016/j.jfineco.2024.103946,original_package_used,True,17487,31,False,True,False,True,True,True,True,True,True,False,True,True,True
c891824143d1857a,JFE,2024,2024,Disagreement about public information quality and informational price efficiency,10.1016/j.jfineco.2023.103762,original_package_used,True,11849,21,False,True,False,True,False,False,True,True,True,False,True,True,True
a4a37cedebc03ead,JFE,2024,2024,"Disagreement, information quality and asset prices",10.1016/j.jfineco.2023.103774,original_package_used,True,25427,53,False,True,False,True,False,True,True,True,True,False,True,True,True
dc92f35cfd981b34,JFE,2024,2024,Disclosing and cooling-off: An analysis of insider trading rules,10.1016/j.jfineco.2024.103913,original_package_used,True,13164,29,False,True,False,True,False,False,True,True,False,False,True,True,True
2d5cf3e2743bbfcf,JFE,2024,2024,Discrimination in the payments chain,10.1016/j.jfineco.2024.103872,original_package_used,True,12676,31,False,True,False,True,True,True,True,True,True,False,True,True,True
78c4b84d16893d79,JFE,2024,2024,Do personal taxes affect investment decisions and stock returns?,10.1016/j.jfineco.2024.103927,original_package_used,True,15520,31,False,True,False,True,True,False,False,True,True,False,True,True,True
d72cc79725dd82fa,JFE,2024,2024,"Efficient estimation of bid–ask spreads from open, high, low, and close prices",10.1016/j.jfineco.2024.103916,original_package_used,True,12123,39,False,True,False,True,False,True,False,True,False,False,True,True,True
e6c179af346db353,JFE,2024,2024,Estimating and testing investment-based asset pricing models,10.1016/j.jfineco.2024.103945,original_package_used,True,10924,33,False,True,True,True,False,True,True,True,False,False,True,True,True
c85f35addaaef01c,JFE,2024,2024,Evergreening,10.1016/j.jfineco.2024.103778,original_package_used,True,12768,33,False,True,False,True,False,True,True,True,True,False,True,True,True
c4676a96fa9518bf,JFE,2024,2024,Fearing the Fed: How wall street reads main street,10.1016/j.jfineco.2024.103790,original_package_used,True,9582,21,False,True,False,True,False,False,False,True,True,False,True,True,True
35e0774861e61beb,JFE,2024,2024,"Financial constraints, cash flow timing patterns, and asset prices",10.1016/j.jfineco.2024.103855,original_package_used,True,15885,50,False,True,True,True,False,False,True,True,True,True,True,True,True
9816139657208044,JFE,2024,2024,"Financial inclusion, economic development, and inequality: Evidence from Brazil",10.1016/j.jfineco.2024.103854,original_package_used,True,18116,35,False,True,False,True,True,True,False,True,True,True,True,True,True
791ba7e8eecd46e5,JFE,2024,2024,Financial market concentration and misallocation,10.1016/j.jfineco.2024.103875,original_package_used,True,16275,46,False,True,False,True,True,False,True,False,True,False,True,True,True
e5c101bfbbd19f7f,JFE,2024,2024,Financial returns to household inventory management,10.1016/j.jfineco.2023.103758,original_package_used,True,19333,47,False,True,False,True,False,False,True,True,True,True,True,True,True
230ebd9f33e41876,JFE,2024,2024,From Man vs. Machine to Man + Machine: The art and AI of stock analyses,10.1016/j.jfineco.2024.103910,original_package_used,True,16397,41,False,True,True,True,False,False,True,False,True,False,True,True,True
f7ae6fa982bb9391,JFE,2024,2024,Gradual information diffusion across commonly owned firms,10.1016/j.jfineco.2024.103852,original_package_used,True,14049,26,False,True,False,True,True,True,False,True,True,True,True,False,True
e0b1ba2c32862098,JFE,2024,2024,Harnessing the overconfidence of the crowd: A theory of SPACs,10.1016/j.jfineco.2024.103787,original_package_used,True,17856,55,False,True,True,True,True,False,True,True,True,False,True,True,True
50439252fa57ecda,JFE,2024,2024,High-frequency trading in the stock market and the costs of options market making,10.1016/j.jfineco.2024.103900,original_package_used,True,13411,25,False,True,True,True,False,False,False,True,False,True,True,True,True
f006b336c1bd46eb,JFE,2024,2024,How do Treasury dealers manage their positions?,10.1016/j.jfineco.2024.103885,original_package_used,True,18820,42,False,True,False,True,False,False,False,True,False,False,True,True,True
3a098cc16234954a,JFE,2024,2024,How does competition affect retail banking? Quasi-experimental evidence from bank mergers,10.1016/j.jfineco.2024.103797,original_package_used,True,13355,35,False,True,True,True,True,True,False,True,True,False,True,True,True
1a2f802b1d34a868,JFE,2024,2024,Human capital risk and portfolio choices: Evidence from university admission discontinuities,10.1016/j.jfineco.2024.103793,original_package_used,True,20077,45,False,True,True,True,True,True,True,True,True,True,True,False,True
613545696f0df38b,JFE,2024,2024,Importance of transaction costs for asset allocation in foreign exchange markets,10.1016/j.jfineco.2024.103886,original_package_used,True,17580,36,False,True,True,True,False,False,False,True,True,False,True,True,True
58dcf97f2d7ae03c,JFE,2024,2024,In-sample and out-of-sample Sharpe ratios of multi-factor asset pricing models,10.1016/j.jfineco.2024.103837,original_package_used,True,11035,23,False,True,False,True,False,True,True,True,False,False,True,True,True
feb6fbdad365da35,JFE,2024,2024,Independent regulators and financial stability evidence from gubernatorial election campaigns in the Progressive Era,10.1016/j.jfineco.2023.103773,original_package_used,True,14302,18,False,True,False,True,True,False,False,True,False,False,True,True,True
a6b9d27737b2ba5b,JFE,2024,2024,Inflation and Disintermediation,10.1016/j.jfineco.2024.103902,original_package_used,True,15401,28,False,True,False,True,True,True,True,True,True,True,True,True,True
eb67350219947d5d,JFE,2024,2024,Intermediary-based equity term structure,10.1016/j.jfineco.2024.103856,original_package_used,True,18464,45,False,True,False,True,False,True,True,True,False,True,True,True,True
e1972afe8a9ce850,JFE,2024,2024,Intermediation frictions in debt relief: Evidence from CARES Act forbearance,10.1016/j.jfineco.2024.103873,original_package_used,True,11729,28,False,True,True,True,False,True,False,True,False,True,True,True,True
b50ab1df9ccb6728,JFE,2024,2024,Investment when new capital is hard to find,10.1016/j.jfineco.2024.103806,original_package_used,True,10659,33,False,True,True,True,True,False,False,False,True,False,True,True,True
8e8080b2a6162cee,JFE,2024,2024,Is it alpha or beta? Decomposing hedge fund returns when models are misspecified,10.1016/j.jfineco.2024.103805,original_package_used,True,14639,53,False,True,False,True,False,True,True,True,False,True,True,True,True
02614bd617848d40,JFE,2024,2024,J’Accuse! Antisemitism and financial markets in the time of the Dreyfus Affair,10.1016/j.jfineco.2024.103809,original_package_used,True,14395,27,False,True,False,True,False,False,True,True,False,False,True,True,True
686bb712d11c0b03,JFE,2024,2024,Learning about the consumption risk exposure of firms,10.1016/j.jfineco.2023.103759,original_package_used,True,14707,46,False,True,True,True,False,True,True,True,True,False,True,True,True
ea4194b0abf59304,JFE,2024,2024,Limited attention to detail in financial markets: Evidence from reduced-form and structural estimation,10.1016/j.jfineco.2024.103811,original_package_used,True,18434,46,False,True,True,True,True,True,True,True,True,True,True,True,True
0634e8ed92b33bb7,JFE,2024,2024,Liquidity regulation and banks: Theory and evidence,10.1016/j.jfineco.2023.103747,original_package_used,True,18526,45,False,True,False,True,True,False,True,True,True,False,True,True,True
68851883e26365f3,JFE,2024,2024,"Macroeconomic perceptions, financial constraints, and anomalies",10.1016/j.jfineco.2024.103952,original_package_used,True,16969,27,False,True,False,True,False,False,False,True,False,True,True,True,True
0b552e8cef539d2b,JFE,2024,2024,Measuring macroeconomic tail risk,10.1016/j.jfineco.2024.103838,original_package_used,True,17955,29,False,False,False,True,False,True,True,True,False,False,True,True,True
3b395840e131859c,JFE,2024,2024,Missing values handling for machine learning portfolios,10.1016/j.jfineco.2024.103815,original_package_used,True,10873,41,False,True,True,True,False,True,True,True,True,False,True,True,True
00158acdaeff8545,JFE,2024,2024,Modeling volatility in dynamic term structure models,10.1016/j.jfineco.2024.103926,original_package_used,True,13143,35,False,True,False,True,False,True,True,True,True,False,True,True,True
a215fc6605dc1c71,JFE,2024,2024,Monetary policy and fragility in corporate bond mutual funds,10.1016/j.jfineco.2024.103931,original_package_used,True,14770,37,False,True,False,True,False,False,True,True,False,True,True,True,True
098443dd0f288da0,JFE,2024,2024,Monetary policy transmission in segmented markets,10.1016/j.jfineco.2023.103738,original_package_used,True,13793,36,False,True,False,True,True,True,True,True,False,False,True,True,True
181bbebe88f90aaa,JFE,2024,2024,Monetary tightening and U.S. bank fragility in 2023: Mark-to-market losses and uninsured depositor runs?,10.1016/j.jfineco.2024.103899,original_package_used,True,15775,40,False,True,True,True,True,True,True,False,True,False,True,True,True
8fcb2ff372174793,JFE,2024,2024,Motivating collusion,10.1016/j.jfineco.2024.103798,original_package_used,True,19783,36,False,False,False,True,True,True,False,True,True,True,True,True,True
8cdf88c6f7a9f197,JFE,2024,2024,Persistent and transitory components of firm characteristics: Implications for asset pricing,10.1016/j.jfineco.2024.103808,original_package_used,True,12512,32,False,True,True,True,False,False,True,True,False,False,True,True,True
47e83949067fbe4a,JFE,2024,2024,Personality differences and investment decision-making,10.1016/j.jfineco.2023.103776,original_package_used,True,12631,33,False,True,False,True,False,False,True,True,True,False,True,True,True
5784bbda66ba028e,JFE,2024,2024,Political polarization in financial news,10.1016/j.jfineco.2024.103816,original_package_used,True,13642,35,False,True,True,True,False,True,False,True,True,False,True,True,True
d31ff501aa501caf,JFE,2024,2024,Portfolio pumping in mutual fund families,10.1016/j.jfineco.2024.103839,original_package_used,True,12638,35,False,True,False,True,False,False,False,True,True,False,True,True,True
1dcbe1a0460de655,JFE,2024,2024,"Price ceilings, market structure, and payout policies",10.1016/j.jfineco.2024.103818,original_package_used,True,14607,36,False,True,False,True,True,False,False,True,True,True,True,True,True
b9964c33e9876f53,JFE,2024,2024,Pricing of sustainability-linked bonds,10.1016/j.jfineco.2024.103944,original_package_used,True,10704,29,False,True,False,True,False,True,True,True,False,False,True,True,True
5975c5ae02afe3fd,JFE,2024,2024,Production complementarity and information transmission across industries,10.1016/j.jfineco.2024.103812,original_package_used,True,15610,29,False,True,False,True,True,False,False,True,True,True,True,True,True
b1d33574354d5324,JFE,2024,2024,Quantifying the impact of red tape on investment: A survey data approach,10.1016/j.jfineco.2023.103763,original_package_used,True,10675,28,False,True,False,True,False,True,True,True,True,False,True,True,True
552f7aed01dd0a09,JFE,2024,2024,Racial disparities in the Paycheck Protection Program,10.1016/j.jfineco.2024.103911,original_package_used,True,17497,29,False,True,False,True,False,False,False,True,False,True,True,True,True
c61285b404dc0dc5,JFE,2024,2024,Real effects of supplying safe private money,10.1016/j.jfineco.2024.103868,original_package_used,True,15144,31,False,True,False,True,False,True,True,True,False,True,True,True,True
bec5e2cb8d27e606,JFE,2024,2024,Refinancing cross-subsidies in the mortgage market,10.1016/j.jfineco.2024.103876,original_package_used,True,15814,29,False,True,True,True,True,True,True,True,False,False,True,True,True
9ff96c3970cec3ea,JFE,2024,2024,"RegTech: Technology-driven compliance and its effects on profitability, operations, and market structure",10.1016/j.jfineco.2024.103792,original_package_used,True,11957,28,False,True,False,True,True,True,False,True,True,False,True,True,True
0e132fb493c8fdb6,JFE,2024,2024,Regulatory arbitrage or random errors? Implications of race prediction algorithms in fair lending analysis,10.1016/j.jfineco.2024.103857,original_package_used,True,18383,18,False,False,False,True,False,False,True,True,False,False,True,True,True
2dd9c42bdf415475,JFE,2024,2024,Regulatory costs of being public: Evidence from bunching estimation,10.1016/j.jfineco.2023.103775,original_package_used,True,16635,45,False,True,False,True,True,True,True,True,True,True,True,True,True
de1e1f6997519d02,JFE,2024,2024,Robo advisors and access to wealth management,10.1016/j.jfineco.2024.103829,original_package_used,True,17125,50,False,True,True,True,True,False,True,True,True,True,True,True,True
77a62784a54117de,JFE,2024,2024,Shattered housing,10.1016/j.jfineco.2024.103835,original_package_used,True,13421,29,False,True,False,True,True,True,False,True,True,False,True,True,True
31543be1b5b32506,JFE,2024,2024,Siphoned apart: A portfolio perspective on order flow segmentation,10.1016/j.jfineco.2024.103807,original_package_used,True,16447,31,False,True,False,True,False,False,True,False,True,False,True,True,True
2ea22a6f11413241,JFE,2024,2024,Specialization and performance in private equity: Evidence from the hotel industry,10.1016/j.jfineco.2024.103930,original_package_used,True,12699,31,False,True,False,True,False,False,False,True,True,True,True,True,True
419bd0312989867f,JFE,2024,2024,Stress tests and model monoculture,10.1016/j.jfineco.2023.103760,original_package_used,True,15768,36,False,True,True,True,False,False,True,True,True,False,True,True,True
71649e032fe4b219,JFE,2024,2024,Sustainability or performance? Ratings and fund managers’ incentives,10.1016/j.jfineco.2024.103831,original_package_used,True,13583,23,False,False,False,True,False,True,False,True,True,False,True,True,True
0a3784aa84957cc1,JFE,2024,2024,Systemic bank runs without aggregate risk: How a misallocation of liquidity may trigger a solvency crisis,10.1016/j.jfineco.2024.103929,original_package_used,True,18403,36,False,True,False,True,False,False,True,False,False,False,True,False,True
90018268c01a2b4f,JFE,2024,2024,The credit supply channel of monetary policy tightening and its distributional impacts,10.1016/j.jfineco.2024.103914,original_package_used,True,10512,29,False,True,False,True,True,True,False,True,True,True,True,True,True
a32eca765d15fad3,JFE,2024,2024,The cross-border effects of bank capital regulation,10.1016/j.jfineco.2024.103912,original_package_used,True,19541,35,False,True,False,True,False,False,True,True,True,False,True,True,True
a9bb10bc3fc1543d,JFE,2024,2024,"The death of a regulator: Strict supervision, bank lending, and business activity",10.1016/j.jfineco.2024.103871,original_package_used,True,17663,25,False,True,False,True,False,False,False,False,False,True,True,True,True
5b86861f5c3ef1d7,JFE,2024,2024,The diversification and welfare effects of robo-advising,10.1016/j.jfineco.2024.103869,original_package_used,True,15020,26,False,False,True,True,True,False,False,True,False,False,True,True,True
e449ec2a27af39b3,JFE,2024,2024,The effect of female leadership on contracting from Capitol Hill to Main Street,10.1016/j.jfineco.2024.103817,original_package_used,True,16002,49,False,False,False,True,True,False,False,True,True,True,True,True,True
3c0ff35982c13e29,JFE,2024,2024,The effects of policy interventions to limit illegal money lending,10.1016/j.jfineco.2024.103894,original_package_used,True,17916,45,False,True,False,True,True,True,True,True,False,False,True,True,True
2cc0a6604102034d,JFE,2024,2024,The governance of director compensation,10.1016/j.jfineco.2024.103813,original_package_used,True,9315,23,False,True,True,True,False,False,False,True,True,False,True,True,True
f987b58c030e9fcd,JFE,2024,2024,The passive ownership share is double what you think it is,10.1016/j.jfineco.2024.103860,original_package_used,True,16150,37,False,True,True,True,False,True,False,True,False,False,True,True,True
aa13bddd5f67cd34,JFE,2024,2024,The pricing of U.S. Treasury floating rate notes,10.1016/j.jfineco.2024.103833,original_package_used,True,8773,25,False,True,False,True,False,False,True,True,False,False,True,True,True
886fb205702bc094,JFE,2024,2024,The proxy advisory industry: Influencing and being influenced,10.1016/j.jfineco.2024.103810,original_package_used,True,12460,36,False,True,False,True,False,True,False,False,False,True,True,True,True
a46a9c022956bd15,JFE,2024,2024,The reserve supply channel of unconventional monetary policy,10.1016/j.jfineco.2024.103887,original_package_used,True,14116,35,False,True,True,True,False,True,True,True,False,True,True,True,True
a7a098ab117ced8a,JFE,2024,2024,The risk and return of equity and credit index options,10.1016/j.jfineco.2024.103932,original_package_used,True,18192,33,False,True,False,True,False,True,True,False,True,True,True,True,True
06e28ed9f4a15004,JFE,2024,2024,The risk and return of impact investing funds,10.1016/j.jfineco.2024.103928,original_package_used,True,16031,38,False,True,False,True,False,True,True,False,True,False,True,True,True
bc5c6acd7177099f,JFE,2024,2024,The short-termism trap: Catering to informed investors with limited horizons,10.1016/j.jfineco.2024.103884,original_package_used,True,24846,64,False,True,True,True,False,False,True,True,True,False,True,True,True
4e1291edd2e9c94f,JFE,2024,2024,The social signal,10.1016/j.jfineco.2024.103870,original_package_used,True,13090,39,False,True,False,True,False,False,False,True,True,True,True,True,True
0b3155920dbc0d55,JFE,2024,2024,The timing of voluntary delisting,10.1016/j.jfineco.2024.103832,original_package_used,True,16721,33,False,True,False,True,False,True,True,True,True,False,True,True,True
ae14b40d83066362,JFE,2024,2024,The use of asset growth in empirical asset pricing models,10.1016/j.jfineco.2023.103746,original_package_used,True,12044,16,False,True,False,True,False,False,True,True,True,True,True,True,True
a138faa1fa2518a7,JFE,2024,2024,"Tiny trades, big questions: Fractional shares",10.1016/j.jfineco.2024.103836,original_package_used,True,21366,24,False,True,False,True,False,True,False,False,False,False,True,True,True
73c7357b7c784540,JFE,2024,2024,Token-based platform governance,10.1016/j.jfineco.2024.103951,original_package_used,True,15775,40,False,True,False,True,False,False,True,False,False,False,True,True,True
1b2dae2cb25572d1,JFE,2024,2024,Trade credit and the stability of supply chains,10.1016/j.jfineco.2024.103830,original_package_used,True,15171,27,False,True,False,True,False,False,True,True,True,True,True,True,True
be27b27787cf870f,JFE,2024,2024,Uncertainty about what is in the price,10.1016/j.jfineco.2024.103915,original_package_used,True,16749,48,False,True,False,True,True,True,True,True,True,True,True,True,True
566478a442152ee1,JFE,2024,2024,When failure is an option: Fragile liquidity in over-the-counter markets,10.1016/j.jfineco.2024.103859,original_package_used,True,20226,33,False,True,False,True,True,True,False,True,False,False,True,True,True
b926c0db2e3688a5,JFE,2024,2024,"When the markets get CO.V.I.D: COntagion, Viruses, and Information Diffusion",10.1016/j.jfineco.2024.103850,original_package_used,True,12802,19,False,True,False,True,False,False,True,True,True,False,True,True,True
34440e90415b5106,JFE,2024,2024,Why did shareholder liability disappear?,10.1016/j.jfineco.2023.103761,original_package_used,True,12211,18,False,True,False,True,False,False,False,False,False,False,True,True,True
fa6603e79a5b17f6,JFE,2025,2025,A quantitative analysis of bank lending relationships,10.1016/j.jfineco.2025.104083,original_package_used,True,15635,42,False,True,False,True,False,False,True,True,False,False,True,True,True
f767f28aee75c3b9,JFE,2025,2025,Arbitrage-based recovery,10.1016/j.jfineco.2024.103969,original_package_used,True,16965,41,False,True,False,True,False,False,True,True,True,False,True,True,True
3951c7700244a8e9,JFE,2025,2025,Aspirational utility and investment behavior,10.1016/j.jfineco.2024.103970,original_package_used,True,18229,52,False,True,False,False,False,False,False,True,True,False,True,True,True
bbb20543907d60c8,JFE,2025,2025,"Asymmetric information, disagreement, and the valuation of debt and equity",10.1016/j.jfineco.2025.103995,original_package_used,True,17581,45,False,True,True,True,False,False,True,True,True,False,True,True,True
d1c300431860b247,JFE,2025,2025,Back to the 1980s or not? The drivers of inflation and real risks in Treasury bonds,10.1016/j.jfineco.2025.104027,original_package_used,True,13146,31,False,True,False,True,False,False,True,True,False,True,True,True,True
14082fe4c7f23ee1,JFE,2025,2025,Bank competition and household privacy in a digital payment monopoly,10.1016/j.jfineco.2025.104019,original_package_used,True,9952,38,False,True,True,True,False,False,True,True,True,False,True,True,True
36fdfd6bef810b14,JFE,2025,2025,"Bank stress testing, human capital investment and risk management",10.1016/j.jfineco.2025.104104,original_package_used,True,12774,20,False,True,False,True,False,False,True,True,False,False,True,True,True
71dcaeca2be6b4cf,JFE,2025,2025,Banks as regulated traders,10.1016/j.jfineco.2025.104080,original_package_used,True,15233,28,False,False,False,True,True,True,False,True,False,True,True,True,True
bf67f6bb4a7ec864,JFE,2025,2025,Benchmarking benchmarks,10.1016/j.jfineco.2025.104018,original_package_used,True,10004,21,False,True,False,True,True,True,True,True,True,False,True,True,True
fde94dd99e954913,JFE,2025,2025,Biodiversity finance,10.1016/j.jfineco.2024.103987,original_package_used,True,10788,25,False,True,False,True,False,False,True,True,False,True,True,True,True
7d4ccec94679aad6,JFE,2025,2025,CEO turnover and director reputation,10.1016/j.jfineco.2024.103971,original_package_used,True,18390,26,False,True,False,True,False,False,False,True,False,False,True,True,True
95f09e301c62aae1,JFE,2025,2025,CRISK: Measuring the climate risk exposure of the financial system,10.1016/j.jfineco.2025.104076,original_package_used,True,16882,57,False,True,False,True,False,True,True,True,True,True,True,True,True
b4b89a251aac7871,JFE,2025,2025,Can everyone tap into the housing piggy bank? Racial disparities in access to home equity,10.1016/j.jfineco.2025.104038,original_package_used,True,11643,25,False,True,True,True,False,False,False,True,False,True,True,True,True
c106e773dab4982c,JFE,2025,2025,Central Bank–Driven Mispricing,10.1016/j.jfineco.2025.104004,original_package_used,True,19484,36,False,True,True,True,True,True,False,True,True,False,True,True,True
63e4a40e3d644597,JFE,2025,2025,Central bank liquidity reallocation and bank lending: Evidence from the tiering system,10.1016/j.jfineco.2025.104058,original_package_used,True,15012,28,False,True,False,True,False,True,False,True,True,True,True,True,True
c147672d7bf560cd,JFE,2025,2025,Climbing and falling off the ladder: Asset pricing implications of labor market event risk,10.1016/j.jfineco.2025.104131,original_package_used,True,15744,27,False,True,False,True,False,False,True,True,False,False,True,True,True
482ae0505d82cb03,JFE,2025,2025,Collateral value uncertainty and mortgage credit provision,10.1016/j.jfineco.2025.104054,original_package_used,True,15275,37,False,True,False,True,False,True,True,True,True,True,True,True,True
3d6921a907082bd4,JFE,2025,2025,Conditional risk and the pricing kernel,10.1016/j.jfineco.2025.104106,original_package_used,True,14979,40,False,False,False,True,True,True,True,True,True,False,True,True,True
d211efe4a38cb95f,JFE,2025,2025,Constrained liquidity provision in currency markets,10.1016/j.jfineco.2025.104028,original_package_used,True,14970,22,False,True,True,True,False,False,True,True,True,False,True,True,True
3d173d626e2d0dc7,JFE,2025,2025,Credit supply and house prices: Evidence from mortgage market segmentation,10.1016/j.jfineco.2024.103958,original_package_used,True,12594,23,False,True,False,True,False,True,True,True,False,False,True,True,True
e460ebf75db04cc0,JFE,2025,2025,Customer data access and fintech entry: Early evidence from open banking,10.1016/j.jfineco.2024.103950,original_package_used,True,18699,32,False,False,True,True,True,True,True,True,False,False,True,True,True
d2368269e84ffbba,JFE,2025,2025,Data and welfare in credit markets,10.1016/j.jfineco.2025.104171,original_package_used,True,10387,32,False,True,False,True,False,True,True,True,False,False,True,True,True
f875c56c96bc59c5,JFE,2025,2025,Data sales and data dilution,10.1016/j.jfineco.2025.104053,original_package_used,True,12745,35,False,False,False,True,False,False,True,True,False,False,True,True,True
b9d86b802e27800f,JFE,2025,2025,Dealer balance sheets and bidding behavior in the Bank of England’s QE reverse auctions,10.1016/j.jfineco.2025.104182,original_package_used,True,11753,30,False,True,False,True,True,True,True,True,True,False,True,True,True
4ef98e4dd55a3245,JFE,2025,2025,Defunding controversial industries: Can targeted credit rationing choke firms?,10.1016/j.jfineco.2025.104133,original_package_used,True,11929,39,False,True,False,True,True,False,False,True,True,True,True,True,True
55de384e470dae9a,JFE,2025,2025,Differential access to dark markets and execution outcomes,10.1016/j.jfineco.2025.104086,original_package_used,True,14255,23,False,True,False,True,True,False,False,True,True,False,True,True,True
50b3f912ff86fa95,JFE,2025,2025,Distributed ledgers and the governance of money,10.1016/j.jfineco.2025.104026,original_package_used,True,12320,20,False,True,False,True,False,False,True,False,False,False,True,True,True
a92b85415ec144be,JFE,2025,2025,Diversification driven demand for large stock,10.1016/j.jfineco.2025.104109,original_package_used,True,14674,22,False,True,True,True,False,False,False,False,False,False,True,True,True
f1d2adee3f12abbb,JFE,2025,2025,Do bank CEOs learn from banking crises?,10.1016/j.jfineco.2025.104009,original_package_used,True,18209,36,False,True,False,True,True,True,False,True,True,False,True,True,True
43f77cacd29d6065,JFE,2025,2025,Do intermediaries improve GSE lending? Evidence from proprietary GSE data,10.1016/j.jfineco.2025.104082,original_package_used,True,18460,32,False,True,False,True,True,True,True,True,True,True,True,True,True
71d52da6ce8301d0,JFE,2025,2025,ESG lending,10.1016/j.jfineco.2025.104150,original_package_used,True,18323,48,False,True,False,True,True,False,False,True,False,False,True,True,True
759a3b6acc4a5e0f,JFE,2025,2025,ESG: A panacea for market power?,10.1016/j.jfineco.2024.103991,original_package_used,True,16593,41,False,True,True,True,False,False,True,True,True,False,True,True,True
d6827627f3e7d0ab,JFE,2025,2025,Economic links from bonds and cross-stock return predictability,10.1016/j.jfineco.2025.104110,original_package_used,True,16529,31,False,True,False,True,False,True,False,True,True,True,True,True,True
3d1fb51d28ab495b,JFE,2025,2025,Entrepreneurial spillovers across coworkers,10.1016/j.jfineco.2025.104077,original_package_used,True,13325,31,False,False,True,True,False,True,False,True,True,False,True,True,True
e53cbfc79d144df7,JFE,2025,2025,Entrepreneurship and the gig economy: Evidence from U.S. tax returns,10.1016/j.jfineco.2025.104156,original_package_used,True,16532,26,False,True,False,True,False,False,False,True,False,False,True,True,True
5415d46e134e378c,JFE,2025,2025,Equity duration and predictability,10.1016/j.jfineco.2025.104114,original_package_used,True,11497,33,False,True,False,True,False,True,True,True,False,False,True,True,True
14bc27b4f49865d7,JFE,2025,2025,Exorbitant privilege? Quantitative easing and the bond market subsidy of prospective fallen angels,10.1016/j.jfineco.2025.104084,original_package_used,True,16223,29,False,True,False,True,False,False,True,False,True,False,True,True,True
e611b7fb0049d59c,JFE,2025,2025,Expected idiosyncratic volatility,10.1016/j.jfineco.2025.104023,original_package_used,True,14977,36,False,True,False,True,False,False,True,True,True,True,True,True,True
c0b207010f5d951e,JFE,2025,2025,Extracting extrapolative beliefs from market prices: An augmented present-value approach,10.1016/j.jfineco.2024.103986,original_package_used,True,14691,38,False,True,False,True,False,True,True,True,True,False,True,True,True
e450fd035a720765,JFE,2025,2025,Fed information effects: Evidence from the equity term structure,10.1016/j.jfineco.2024.103988,original_package_used,True,17067,49,False,True,False,True,False,False,True,True,True,False,True,True,True
354d7b94c3d266fd,JFE,2025,2025,Finance without exotic risk,10.1016/j.jfineco.2025.104145,original_package_used,True,13306,21,False,True,False,True,False,True,False,True,False,False,False,True,True
b19f84ddb1563b4a,JFE,2025,2025,Financial Inclusion Across the United States,10.1016/j.jfineco.2025.104003,original_package_used,True,11816,41,False,True,False,True,False,False,False,True,True,False,True,True,True
0f5ca456bbfceef2,JFE,2025,2025,Financial constraints and the racial housing gap,10.1016/j.jfineco.2025.104142,original_package_used,True,21614,36,False,True,False,True,False,True,True,True,True,True,True,True,True
0decb25e9900c010,JFE,2025,2025,"Fintech entry, lending market competition, and welfare",10.1016/j.jfineco.2025.104040,original_package_used,True,16297,26,False,True,False,True,False,False,True,True,False,False,True,True,True
9f8733d8641b574a,JFE,2025,2025,"Firm uncertainty and households: Spending, savings, and risks",10.1016/j.jfineco.2025.104143,original_package_used,True,10872,27,False,True,False,True,False,True,False,True,True,True,True,True,True
78174d2334569f6f,JFE,2025,2025,Four facts about ESG beliefs and investor portfolios,10.1016/j.jfineco.2024.103984,original_package_used,True,11828,21,False,False,False,True,False,False,False,False,True,False,True,True,True
237c4e91d62f9e61,JFE,2025,2025,From employee to entrepreneur: The role of unemployment risk,10.1016/j.jfineco.2024.103966,original_package_used,True,10276,21,False,True,False,True,True,True,False,True,False,False,True,True,True
e4d899c63ef9efaf,JFE,2025,2025,Gig labor: Trading safety nets for steering wheels,10.1016/j.jfineco.2024.103956,original_package_used,True,14251,27,False,True,False,True,False,True,False,True,False,True,True,True,True
cdf00b93c34bea2b,JFE,2025,2025,Global Business Networks,10.1016/j.jfineco.2025.104007,original_package_used,True,12807,31,False,True,False,True,False,True,True,True,False,False,True,True,True
ea27d6f065c0b994,JFE,2025,2025,"Global sales, international currencies, and the currency denomination of debt",10.1016/j.jfineco.2025.104184,original_package_used,True,16086,28,False,True,False,True,False,False,False,True,True,False,True,True,True
c56cf260722fa5d1,JFE,2025,2025,Global volatility and firm-level capital flows,10.1016/j.jfineco.2025.104078,original_package_used,True,16151,20,False,True,False,True,True,True,True,True,True,True,True,True,True
b4279f87451abbfa,JFE,2025,2025,Green tilts,10.1016/j.jfineco.2025.104173,original_package_used,True,16774,42,False,True,False,True,True,True,True,False,False,False,True,True,True
1dc974bad1b55192,JFE,2025,2025,Growing the efficient frontier on panel trees,10.1016/j.jfineco.2025.104024,original_package_used,True,14063,32,False,True,False,True,False,False,True,True,True,False,True,True,True
1e3e06957e117fa8,JFE,2025,2025,Have CEOs changed?,10.1016/j.jfineco.2025.104169,original_package_used,True,12918,32,False,True,False,True,False,False,False,True,False,False,True,True,True
0d6fb49ef8fac930,JFE,2025,2025,Heterogeneous clienteles and dealer networks,10.1016/j.jfineco.2025.104185,original_package_used,True,13227,39,False,True,True,True,False,False,True,True,True,True,True,True,True
6a904a4bb1458ee2,JFE,2025,2025,Household debt overhang and human capital investment,10.1016/j.jfineco.2025.104141,original_package_used,True,15165,37,False,True,False,True,False,False,True,True,True,True,True,True,True
04912c3163a5f013,JFE,2025,2025,Household mobility and mortgage rate lock,10.1016/j.jfineco.2024.103973,original_package_used,True,9825,20,False,True,False,True,True,True,True,True,True,False,True,True,True
c757f6a339eccac1,JFE,2025,2025,How valuable is corporate adaptation to crisis? Estimates from Covid-19 work-from-home announcements,10.1016/j.jfineco.2025.104168,original_package_used,True,16895,36,False,True,False,True,False,True,True,True,False,True,True,True,True
ba531fad1f7afc4e,JFE,2025,2025,Inflation and Trading,10.1016/j.jfineco.2025.104166,original_package_used,True,13398,17,False,True,False,True,False,False,False,True,False,False,True,True,True
c6b7537c2b8b3948,JFE,2025,2025,Information sharing in financial markets,10.1016/j.jfineco.2024.103967,original_package_used,True,14924,36,False,True,False,True,False,False,True,False,True,False,True,True,True
aa52cef826dc990d,JFE,2025,2025,Information technology and lender competition,10.1016/j.jfineco.2024.103957,original_package_used,True,15080,22,False,True,False,True,False,False,True,True,False,True,True,True,True
b2c5a2d48f004b36,JFE,2025,2025,Information-based pricing in specialized lending,10.1016/j.jfineco.2025.104135,original_package_used,True,22395,46,False,False,True,True,False,False,True,True,True,False,True,False,True
769d73519a405a78,JFE,2025,2025,Innovation and capital,10.1016/j.jfineco.2025.104029,original_package_used,True,14231,31,False,True,False,True,False,False,False,True,False,True,True,True,True
3edcd31f3da672fc,JFE,2025,2025,Intermediary financing without commitment,10.1016/j.jfineco.2025.104025,original_package_used,True,13779,45,False,True,True,True,False,False,True,True,True,True,True,True,True
6bb76707d3bb4ae9,JFE,2025,2025,"Investor demand, firm investment, and capital misallocation",10.1016/j.jfineco.2025.104039,original_package_used,True,14950,34,False,True,False,True,False,True,True,True,True,True,True,True,True
6c9fb087bcc25e74,JFE,2025,2025,Investor learning about monetary-policy transmission and the stock market,10.1016/j.jfineco.2025.104154,original_package_used,True,9243,25,False,True,False,True,False,True,True,True,False,False,True,True,True
20759a86917e083d,JFE,2025,2025,"JAQ of all trades: Job mismatch, firm productivity and managerial quality",10.1016/j.jfineco.2024.103992,original_package_used,True,19672,24,False,True,False,True,False,False,False,True,True,False,True,True,True
73557814c12b3c61,JFE,2025,2025,"LTCM Redux? Hedge fund Treasury trading, funding fragility, and risk constraints",10.1016/j.jfineco.2025.104017,original_package_used,True,15432,31,False,True,True,True,True,False,False,True,False,False,True,True,True
a1a3628fe6c74f1b,JFE,2025,2025,Liquidity picking and fund performance,10.1016/j.jfineco.2025.104085,original_package_used,True,14841,26,False,True,False,True,False,False,False,True,True,False,True,True,True
8ca8deab935e148c,JFE,2025,2025,"Loan guarantees, bank lending and credit risk reallocation",10.1016/j.jfineco.2025.104137,original_package_used,True,16070,23,False,True,False,True,True,True,True,True,False,False,True,True,True
98a5078661aa5412,JFE,2025,2025,Machine learning from a “Universe” of signals: The role of feature engineering,10.1016/j.jfineco.2025.104138,original_package_used,True,14015,39,False,True,False,True,False,True,False,True,True,False,True,True,True
4acc2c3a06c25041,JFE,2025,2025,"Macroeconomic drivers and the pricing of uncertainty, inflation, and bonds",10.1016/j.jfineco.2025.104130,original_package_used,True,13660,29,False,True,False,True,False,False,True,True,True,False,True,True,True
256fb2f1c0e71d92,JFE,2025,2025,"Main Street’s Pain, Wall Street’s Gain",10.1016/j.jfineco.2025.104037,original_package_used,True,12937,24,False,True,True,True,False,False,False,True,True,True,True,True,True
b0bd58c72d6f0994,JFE,2025,2025,Maximal extractable value and allocative inefficiencies in public blockchains,10.1016/j.jfineco.2025.104132,original_package_used,True,16126,36,False,True,False,True,True,True,True,True,False,False,True,True,True
2cfd39af86c7a49a,JFE,2025,2025,Measurement and effects of bank exit policies,10.1016/j.jfineco.2025.104129,original_package_used,True,14242,40,False,True,False,True,True,True,False,True,True,False,True,True,True
a098eb6c3c8e49ca,JFE,2025,2025,Measuring regulatory complexity,10.1016/j.jfineco.2025.104186,original_package_used,True,14341,27,False,True,False,True,False,False,True,True,True,False,True,True,True
d995ad3ca11d415e,JFE,2025,2025,"Mergers and acquisitions, technological change, and inequality",10.1016/j.jfineco.2025.104136,original_package_used,True,14389,22,False,True,False,True,False,False,False,False,True,True,True,True,True
5bf38b899939e96d,JFE,2025,2025,Optimal illiquidity,10.1016/j.jfineco.2025.103996,original_package_used,True,14060,36,False,True,False,True,True,False,True,False,True,True,True,True,True
1ce08eebf9098375,JFE,2025,2025,Optimal policy for behavioral financial crises,10.1016/j.jfineco.2025.104005,original_package_used,True,15032,44,False,True,False,True,False,False,True,True,True,True,True,True,True
c6609bd3c301b445,JFE,2025,2025,Overvaluing simple bets: Evidence from the options market,10.1016/j.jfineco.2025.104140,original_package_used,True,12376,38,False,True,False,True,True,True,True,True,False,True,True,True,True
0325c063beffce34,JFE,2025,2025,Payments and privacy in the digital economy,10.1016/j.jfineco.2025.104050,original_package_used,True,11148,20,False,True,False,True,False,False,True,False,True,False,True,True,True
f9fdd643cce3db03,JFE,2025,2025,"Pension fund flows, exchange rates, and covered interest rate parity",10.1016/j.jfineco.2025.104075,original_package_used,True,13660,31,False,True,False,True,True,False,False,False,False,False,True,True,True
a8d9061336083c15,JFE,2025,2025,"Polarization, purpose and profit",10.1016/j.jfineco.2025.104147,original_package_used,True,10836,20,False,True,True,True,False,False,True,False,False,False,True,True,True
616cbe30811f6481,JFE,2025,2025,Price regulation in two-sided markets: Empirical evidence from debit cards,10.1016/j.jfineco.2025.104094,original_package_used,True,13131,35,False,True,False,True,True,False,True,True,True,False,True,True,True
efc1b617f742119a,JFE,2025,2025,Pricing and constructing international government bond portfolios,10.1016/j.jfineco.2025.104152,original_package_used,True,16531,48,False,True,False,True,False,True,True,True,True,False,True,True,True
6130acb819dabe3c,JFE,2025,2025,Printing away the mortgages: Fiscal inflation and the post-covid boom,10.1016/j.jfineco.2025.104072,original_package_used,True,16804,57,False,True,False,True,False,True,True,True,False,False,True,True,True
532257639f46bafe,JFE,2025,2025,Private equity in the hospital industry,10.1016/j.jfineco.2025.104107,original_package_used,True,19455,47,False,True,True,True,False,True,False,True,True,False,True,True,True
0433b122151abeb1,JFE,2025,2025,"Q: Risk, rents, or growth?",10.1016/j.jfineco.2024.103990,original_package_used,True,13565,27,False,True,False,True,False,True,True,True,False,False,True,True,True
eff957a7725a7fd5,JFE,2025,2025,Reaching for yield: Evidence from households,10.1016/j.jfineco.2025.104057,original_package_used,True,18979,75,False,True,False,True,True,True,True,True,True,True,True,True,True
df9c1eb1d144b692,JFE,2025,2025,Receiving investors in the block market for corporate bonds,10.1016/j.jfineco.2025.104061,original_package_used,True,17241,29,False,True,True,True,False,True,False,True,False,False,True,True,True
1aad2be80a991ebb,JFE,2025,2025,Redeploying dirty assets: The impact of environmental,10.1016/j.jfineco.2025.104070,original_package_used,True,13712,38,False,True,False,True,True,True,False,True,True,True,True,True,True
5018ce4fea6789ba,JFE,2025,2025,Regulating inattention in fee-based financial advice,10.1016/j.jfineco.2024.103985,original_package_used,True,10911,35,False,True,False,True,True,True,True,True,False,True,True,True,True
48118327a08cb4d9,JFE,2025,2025,Regulatory leakage among financial advisors: Evidence from FINRA regulation of “bad” brokers,10.1016/j.jfineco.2025.104170,original_package_used,True,13916,32,False,True,False,True,True,False,False,True,False,False,True,True,True
82823ec54ca0b083,JFE,2025,2025,Resilience in collective bargaining,10.1016/j.jfineco.2025.104157,original_package_used,True,12601,23,False,True,False,True,False,True,True,True,False,True,True,True,True
43db259204ddd43f,JFE,2025,2025,Responsible investing: Costs and benefits for university endowment funds,10.1016/j.jfineco.2025.104151,original_package_used,True,14539,38,False,True,False,True,True,False,False,True,True,False,True,True,True
45018811f87f3be1,JFE,2025,2025,Revenue collapses and the consumption of small business owners in the COVID-19 pandemic,10.1016/j.jfineco.2025.104079,original_package_used,True,11982,24,False,True,False,True,False,False,False,True,True,True,True,True,True
ba96102dd46e0b72,JFE,2025,2025,Robots and firm investment,10.1016/j.jfineco.2025.104183,original_package_used,True,17141,33,False,True,False,True,False,False,False,True,False,False,True,True,True
db5893a89384a03e,JFE,2025,2025,Robust difference-in-differences analysis when there is a term structure,10.1016/j.jfineco.2025.104081,original_package_used,True,18016,38,False,True,True,True,True,True,True,True,True,True,True,True,True
a780b7caea7d1fd0,JFE,2025,2025,Robustness and dynamic sentiment,10.1016/j.jfineco.2024.103953,original_package_used,True,16507,30,False,False,False,True,False,False,True,True,True,False,True,True,True
34c4c04796d3b2d6,JFE,2025,2025,Rules versus discretion in capital regulation,10.1016/j.jfineco.2025.104060,original_package_used,True,12906,52,False,True,False,True,False,False,True,False,False,False,True,True,True
1111c58eec193b9d,JFE,2025,2025,Screening using a menu of contracts: A structural model for lending markets,10.1016/j.jfineco.2025.104056,original_package_used,True,17431,57,False,True,False,True,True,True,True,True,True,False,True,True,True
e4eba5b0941c9ded,JFE,2025,2025,Self-Declared benchmarks and fund manager intent: “Cheating” or competing?,10.1016/j.jfineco.2024.103975,original_package_used,True,15221,38,False,True,False,True,True,True,False,True,False,True,True,True,True
cdf9e41e7c69598f,JFE,2025,2025,Show me the receipts: B2B payment timeliness and expected returns,10.1016/j.jfineco.2025.104108,original_package_used,True,13633,32,False,True,False,True,False,False,False,True,True,True,True,True,True
c734a803bb41b0c3,JFE,2025,2025,Signals and stigmas from banking interventions: Lessons from the Bank Holiday of 1933,10.1016/j.jfineco.2024.103968,original_package_used,True,19257,21,False,True,False,True,True,False,False,True,True,True,True,True,True
b9b5baa413647901,JFE,2025,2025,Social preferences and corporate investment,10.1016/j.jfineco.2025.104139,original_package_used,True,18390,30,False,True,False,True,False,False,False,True,False,False,True,True,True
bbb031a0dcf89957,JFE,2025,2025,Stakes and investor behaviors,10.1016/j.jfineco.2025.104146,original_package_used,True,17406,50,False,True,False,True,False,True,False,True,True,True,True,True,True
a52849ebf3e8e879,JFE,2025,2025,Stealthy shorts: Informed liquidity supply,10.1016/j.jfineco.2025.104155,original_package_used,True,16279,31,False,True,False,True,False,True,False,True,True,False,True,True,True
002c455d6367c431,JFE,2025,2025,Strategic arbitrage in segmented markets,10.1016/j.jfineco.2025.104008,original_package_used,True,16246,28,False,True,False,True,False,False,True,True,True,True,True,True,True
76341cf3313d2e8c,JFE,2025,2025,Strategic digitization in currency and payment competition,10.1016/j.jfineco.2025.104055,original_package_used,True,26170,57,False,False,False,True,False,True,True,True,True,False,True,True,True
691eb90d4e8cf5bc,JFE,2025,2025,Strategic insider trading and its consequences for outsiders: Evidence from the eighteenth century,10.1016/j.jfineco.2024.103974,original_package_used,True,15950,42,False,True,False,True,True,False,False,True,True,False,True,True,True
db278cfb3e76c121,JFE,2025,2025,Surviving the fintech disruption,10.1016/j.jfineco.2025.104071,original_package_used,True,17436,46,False,True,False,True,False,True,False,True,True,True,True,True,True
adfc61b5767d2bb1,JFE,2025,2025,Sustainable finance versus environmental policy: Does greenwashing justify a taxonomy for sustainable investments?,10.1016/j.jfineco.2024.103954,original_package_used,True,11923,22,False,True,False,False,False,False,True,False,False,False,True,True,True
1f40b44759a05d6e,JFE,2025,2025,Taking sides on return predictability,10.1016/j.jfineco.2025.104158,original_package_used,True,24087,30,False,False,False,True,True,False,False,True,False,False,True,True,True
477720c2653ca50e,JFE,2025,2025,The SOFR discount,10.1016/j.jfineco.2024.103989,original_package_used,True,11848,35,False,True,True,True,False,False,False,True,True,True,True,True,True
f0a109c747e5d086,JFE,2025,2025,"The economics of ‘‘Buy Now, Pay Later’’: A merchant’s perspective",10.1016/j.jfineco.2025.104093,original_package_used,True,16635,45,False,False,False,True,True,False,True,True,True,True,True,True,True
9712ba9d8da0f413,JFE,2025,2025,The financial consequences of undiagnosed memory disorders,10.1016/j.jfineco.2025.104149,original_package_used,True,15511,30,False,False,False,True,True,True,False,True,True,False,True,True,True
53511bbb79b7e1c3,JFE,2025,2025,The impact of bank financing on municipalities’ bond issuance and the real economy,10.1016/j.jfineco.2025.104022,original_package_used,True,13408,31,False,True,False,True,True,True,True,True,False,False,True,True,True
a1f71940c79bf248,JFE,2025,2025,The impact of impact investing,10.1016/j.jfineco.2024.103972,original_package_used,True,12848,21,False,False,False,True,True,False,True,True,False,False,True,True,True
b84623f1edd08a4f,JFE,2025,2025,The impact of prices on analyst cash flow expectations: Reconciling subjective beliefs data with rational discount rate variation,10.1016/j.jfineco.2025.104095,original_package_used,True,16514,41,False,True,True,True,False,True,True,True,True,False,True,True,True
5be7ee2ecca7b2ef,JFE,2025,2025,The marginal value of public pension wealth: Evidence from border house prices,10.1016/j.jfineco.2025.104134,original_package_used,True,14053,26,False,True,True,True,False,True,False,True,True,False,True,True,True
38f64cd30b34738e,JFE,2025,2025,The moral preferences of investors: Experimental evidence,10.1016/j.jfineco.2024.103955,original_package_used,True,10914,31,False,True,True,True,False,False,True,True,True,False,True,True,True
85d4306df6f494da,JFE,2025,2025,The real and financial effects of internal liquidity: Evidence from the Tax Cuts and Jobs Act,10.1016/j.jfineco.2025.104006,original_package_used,True,12829,18,False,False,False,True,False,False,False,True,False,False,True,True,True
bfde7103d9a392dc,JFE,2025,2025,The retail execution quality landscape,10.1016/j.jfineco.2025.104051,original_package_used,True,13747,24,False,True,True,True,True,False,False,True,False,False,True,True,True
12dae7482bf75e91,JFE,2025,2025,The retail habitat,10.1016/j.jfineco.2025.104144,original_package_used,True,15225,34,False,False,True,True,False,False,False,True,True,True,True,True,True
1dfea7c2fdab2483,JFE,2025,2025,The return of return dominance: Decomposing the cross-section of prices,10.1016/j.jfineco.2025.104059,original_package_used,True,18091,47,False,True,False,True,False,False,True,True,True,False,True,True,True
314a25057b07744b,JFE,2025,2025,The trade imbalance network and currency returns,10.1016/j.jfineco.2025.104112,original_package_used,True,19029,36,False,True,False,True,True,False,True,True,True,False,True,True,True
9662533459c8875a,JFE,2025,2025,The value of financial intermediation: Evidence from online debt crowdfunding,10.1016/j.jfineco.2025.104113,original_package_used,True,11791,27,False,True,False,True,True,True,True,True,True,False,True,True,True
a1e94c288ef5e49f,JFE,2025,2025,The value of privacy and the choice of limited partners by venture capitalists,10.1016/j.jfineco.2025.104063,original_package_used,True,17997,31,False,True,False,True,True,False,False,True,True,False,True,True,True
55a67c3c8f2636d5,JFE,2025,2025,The volatility puzzle of the beta anomaly,10.1016/j.jfineco.2025.103994,original_package_used,True,14000,27,False,True,False,True,True,False,True,False,False,True,True,True,True
bcf5073b25a11a58,JFE,2025,2025,"Too Levered for Pigou: Carbon pricing, financial constraints, and leverage regulation",10.1016/j.jfineco.2025.104105,original_package_used,True,15469,62,False,True,False,True,False,False,True,True,True,False,True,True,True
6ebb98dc2e7147b1,JFE,2025,2025,Trust as an entry barrier: Evidence from FinTech adoption,10.1016/j.jfineco.2025.104062,original_package_used,True,17327,33,False,True,False,True,False,True,False,True,True,True,True,True,True
5d21ce293e511441,JFE,2025,2025,Understanding the strength of the dollar,10.1016/j.jfineco.2025.104052,original_package_used,True,13703,19,False,False,False,True,False,True,False,False,False,False,True,True,True
a7c33d6d130fe40c,JFE,2025,2025,Warp speed price moves: Jumps after earnings announcements,10.1016/j.jfineco.2025.104010,original_package_used,True,19359,35,False,True,False,True,False,False,True,True,True,False,True,True,True
b1355a2404887cba,JFE,2025,2025,When do short sellers trade? Evidence from intraday data and implications for informed trading models,10.1016/j.jfineco.2025.104148,original_package_used,True,16648,36,False,True,False,True,False,True,True,True,True,False,True,True,True
c8201deb5e977b53,JFE,2025,2025,Why do portfolio choice models predict inelastic demand?,10.1016/j.jfineco.2025.104096,original_package_used,True,13734,45,False,True,False,True,False,False,True,True,True,False,True,True,True
22ac03c5a349e99c,JFE,2025,2025,Why does options market information predict stock returns?,10.1016/j.jfineco.2025.104153,original_package_used,True,17136,27,False,True,False,True,False,False,False,True,False,True,True,True,True
8f1d71ecc11c1509,JFE,2025,2025,Yield drifts when issuance comes before macro news,10.1016/j.jfineco.2025.103993,original_package_used,True,11392,32,False,True,False,True,False,False,True,True,True,True,True,True,True
fc4d891188adabf3,RFS,2020,2020,A Bound on Expected Stock Returns,10.1093/rfs/hhz075,original_package_used,True,15573,34,False,True,False,True,True,False,True,True,True,False,True,True,True
25af26a27b1b46f0,RFS,2020,2020,A Transaction-Cost Perspective on the Multitude of Firm Characteristics,10.1093/rfs/hhz085,original_package_used,True,13756,34,False,False,False,True,False,True,True,True,False,False,True,True,True
bc368fc4a1e8db37,RFS,2020,2020,"Advertising, Attention, and Financial Markets",10.1093/rfs/hhz142,original_package_used,True,15777,15,False,False,False,True,False,True,False,True,True,True,True,True,False
b1b03086f8d4484a,RFS,2020,2020,"Aggregation, Capital Heterogeneity, and the Investment CAPM",10.1093/rfs/hhz091,original_package_used,True,14701,17,False,False,False,True,False,True,True,True,True,True,True,False,True
bc2606f0dd36a32d,RFS,2020,2020,"Ambiguity, Volatility, and Credit Risk",10.1093/rfs/hhz082,original_package_used,True,17441,31,False,False,False,True,False,True,True,True,True,True,True,True,False
6e46e146275cbc34,RFS,2020,2020,Anomalies and False Rejections,10.1093/rfs/hhaa018,original_package_used,True,15851,30,False,False,False,True,False,True,False,True,True,False,True,True,False
c6d068ac0a841f99,RFS,2020,2020,Asset Price Bubbles and Systemic Risk,10.1093/rfs/hhaa011,original_package_used,True,14923,23,False,False,True,True,False,False,True,True,True,False,True,False,True
1e9efec40c45d953,RFS,2020,2020,Asymmetric or Incomplete Information about Asset Values?,10.1093/rfs/hhz096,original_package_used,True,14361,17,False,False,False,True,False,True,True,True,True,False,True,True,True
6e0102812b65f433,RFS,2020,2020,Attention to Global Warming,10.1093/rfs/hhz086,original_package_used,True,9768,18,False,True,False,True,False,True,False,True,False,True,True,False,True
7a0374f2f098a54b,RFS,2020,2020,Back-Running: Seeking and Hiding Fundamental Information in Order Flows,10.1093/rfs/hhz070,original_package_used,True,11121,29,False,False,False,False,False,False,True,False,False,False,True,True,True
173649981d5d87ee,RFS,2020,2020,Bank Deposits and the Stock Market,10.1093/rfs/hhz078,original_package_used,True,12589,19,False,False,False,True,False,True,False,True,True,True,True,False,False
5fa8d8f5dd3dd1ad,RFS,2020,2020,Bank Geographic Diversification and Systemic Risk,10.1093/rfs/hhz148,original_package_used,True,9444,20,False,False,False,True,False,True,True,True,True,True,True,True,True
c6ab5cec9594c848,RFS,2020,2020,Bank Regulation under Fire Sale Externalities,10.1093/rfs/hhz117,original_package_used,True,11690,15,False,False,True,False,False,False,True,False,True,False,True,False,True
266bda935fe711af,RFS,2020,2020,Banks’ Balance Sheets and Liquidation Values: Evidence from Real Estate Collateral,10.1093/rfs/hhz056,original_package_used,True,11057,14,False,False,False,True,False,False,True,True,False,True,True,True,True
88adebdd4fdce3e9,RFS,2020,2020,Banks’ Risk Dynamics and Distance to Default,10.1093/rfs/hhz125,original_package_used,True,16670,22,False,False,False,True,False,False,True,False,False,False,True,True,True
021b333f5bbdb496,RFS,2020,2020,Beta Risk in the Cross-Section of Equities,10.1093/rfs/hhz139,original_package_used,True,14218,30,False,False,False,True,False,True,True,True,False,False,True,True,False
152b33b00930d30b,RFS,2020,2020,Bubbles and Financial Professionals,10.1093/rfs/hhz093,original_package_used,True,13231,16,False,False,False,False,True,True,False,True,True,True,True,False,True
8c28447061337d5a,RFS,2020,2020,Career Risk and Market Discipline in Asset Management,10.1093/rfs/hhz062,original_package_used,True,16536,17,False,False,False,True,False,False,False,True,True,False,True,True,False
e702d82e929a3b88,RFS,2020,2020,Cheap Talk and Strategic Rounding in LIBOR Submissions,10.1093/rfs/hhz101,original_package_used,True,11604,17,False,False,False,True,False,False,True,True,True,True,True,False,True
468e5f902418db75,RFS,2020,2020,Communication within Banking Organizations and Small Business Lending,10.1093/rfs/hhaa036,original_package_used,True,12602,20,False,False,False,True,False,True,True,True,True,True,True,False,True
b658186140574e8c,RFS,2020,2020,Comparing Cross-Section and Time-Series Factor Models,10.1093/rfs/hhz089,original_package_used,True,10132,12,False,False,False,True,False,False,True,True,False,False,True,True,False
af6edec2daf3970d,RFS,2020,2020,"Competition, Markups, and Predictable Returns",10.1093/rfs/hhaa054,original_package_used,True,11874,22,False,False,False,True,False,True,True,True,True,True,True,False,False
3dec74186a9b92ec,RFS,2020,2020,Contracting on Credit Ratings: Adding Value to Public Information,10.1093/rfs/hhz083,original_package_used,True,14553,28,False,False,False,False,False,False,True,True,False,False,True,True,True
04ecfd7c3110e2bc,RFS,2020,2020,Core and ‘Crust’: Consumer Prices and the Term Structure of Interest Rates,10.1093/rfs/hhz094,original_package_used,True,16881,33,False,False,False,True,False,True,True,True,True,False,True,True,True
6698e2b67e799080,RFS,2020,2020,Corporate Governance and Pollution Externalities of Public and Private Firms,10.1093/rfs/hhz079,original_package_used,True,11280,16,False,False,False,True,False,False,False,True,False,False,True,False,True
4280c411646d4b6d,RFS,2020,2020,Countercyclical Bank Equity Issuance,10.1093/rfs/hhaa008,original_package_used,True,14566,25,False,False,False,True,True,False,True,True,True,True,True,False,True
ae5750440819a70d,RFS,2020,2020,Credit and Punishment: Are Corporate Bankers Disciplined for Risk-Taking?,10.1093/rfs/hhaa046,original_package_used,True,15263,23,False,False,False,True,False,True,True,True,True,True,True,True,True
cf1c27d135859d7a,RFS,2020,2020,"Creditor Rights, Technology Adoption, and Productivity: Plant-Level Evidence",10.1093/rfs/hhaa038,original_package_used,True,12766,24,False,False,True,True,False,True,True,True,False,True,True,True,True
9e261bff2603a1e6,RFS,2020,2020,Cross-Listings and the Dynamics between Credit and Equity Returns,10.1093/rfs/hhz052,original_package_used,True,14391,16,False,False,False,True,False,False,False,True,True,True,True,False,True
fc6d3d31f0adaa0d,RFS,2020,2020,Dash for Cash: Monthly Market Impact of Institutional Liquidity Needs,10.1093/rfs/hhz054,original_package_used,True,12463,20,False,False,False,True,True,False,False,True,False,False,True,False,False
e3ce0cfee16adf65,RFS,2020,2020,Deadlock on the Board,10.1093/rfs/hhaa006,original_package_used,True,16627,32,False,False,False,False,False,False,False,False,True,False,True,True,True
07b0f20a74ed91f8,RFS,2020,2020,Derivatives Supply and Corporate Hedging: Evidence from the Safe Harbor Reform of 2005,10.1093/rfs/hhaa015,original_package_used,True,12898,11,False,False,False,True,False,False,False,True,True,False,True,False,True
a46e0ef2fb54ffef,RFS,2020,2020,Destructive Creation at Work: How Financial Distress Spurs Entrepreneurship,10.1093/rfs/hhz110,original_package_used,True,15922,17,False,False,False,True,False,True,False,True,True,True,True,False,True
2ad536546593944a,RFS,2020,2020,Dissecting Characteristics Nonparametrically,10.1093/rfs/hhz123,original_package_used,True,14387,17,False,False,False,True,False,True,True,False,False,False,True,False,True
d31fde2c8de90bb2,RFS,2020,2020,Dividend Payouts and Rollover Crises,10.1093/rfs/hhz130,original_package_used,True,14306,26,False,False,True,False,False,False,True,True,False,False,True,True,True
59ed19d7f15088fe,RFS,2020,2020,Do CEOs Affect Employees’ Political Choices?,10.1093/rfs/hhz080,original_package_used,True,11761,15,False,False,False,True,True,False,False,True,False,True,True,True,False
07c222414cb366f2,RFS,2020,2020,Do Financial Regulations Shape the Functioning of Financial Institutions’ Risk Management in Asset-Backed Securities Investment?,10.1093/rfs/hhz067,original_package_used,True,15755,22,False,False,False,True,True,False,False,True,True,False,True,False,True
c88c8a6926b30cde,RFS,2020,2020,Do Fund Managers Misestimate Climatic Disaster Risk?,10.1093/rfs/hhz143,original_package_used,True,12844,18,False,True,True,True,False,False,False,True,True,True,True,False,True
be7715fbfa0a5e42,RFS,2020,2020,Does Climate Change Affect Real Estate Prices? Only If You Believe In It,10.1093/rfs/hhz073,original_package_used,True,13808,35,False,True,False,True,False,True,True,True,True,True,True,False,True
d979cb3d30da2b9c,RFS,2020,2020,Dynamic Asset Sales with a Feedback Effect,10.1093/rfs/hhz058,original_package_used,True,14724,33,False,False,False,False,False,False,True,True,True,False,True,True,True
c82545d825e82360,RFS,2020,2020,Economic Consequences of Housing Speculation,10.1093/rfs/hhaa030,original_package_used,True,12038,21,False,False,False,True,False,True,False,True,False,True,True,False,True
8d64fb6a45f0d871,RFS,2020,2020,Empirical Asset Pricing via Machine Learning,10.1093/rfs/hhaa009,original_package_used,True,16743,20,False,False,False,True,False,True,True,False,False,False,True,False,True
111c8ffb189bf8e7,RFS,2020,2020,"Employment Protection, Investment, and Firm Growth",10.1093/rfs/hhz066,original_package_used,True,16306,23,False,False,False,True,True,True,False,True,True,True,True,False,True
d2d1812e3a55e9ea,RFS,2020,2020,Equity Is Cheap for Large Financial Institutions,10.1093/rfs/hhaa001,original_package_used,True,15263,16,False,False,False,True,True,False,True,True,True,False,True,False,True
a68ec715cb4defcf,RFS,2020,2020,Equity Price Discovery with Informed Private Debt,10.1093/rfs/hhz128,original_package_used,True,13017,18,False,False,False,True,True,False,False,True,True,False,True,False,True
5292c0bf33a17b1f,RFS,2020,2020,Expectations Management and Stock Returns,10.1093/rfs/hhz141,original_package_used,True,16429,16,False,False,False,True,False,False,False,True,True,True,True,True,True
5adcf63e33d7820e,RFS,2020,2020,Factor Timing,10.1093/rfs/hhaa017,original_package_used,True,15116,23,False,False,False,True,False,True,True,False,True,False,True,False,True
62dd2a422e8b56d1,RFS,2020,2020,Factors That Fit the Time Series and Cross-Section of Stock Returns,10.1093/rfs/hhaa020,original_package_used,True,16866,19,False,False,False,False,False,True,True,True,True,False,True,True,True
c2e33df6445b21fb,RFS,2020,2020,"Financial Constraints, Monetary Policy Shocks, and the Cross-Section of Equity Returns",10.1093/rfs/hhz140,original_package_used,True,13522,12,False,False,False,True,False,True,False,True,True,False,True,False,True
13b921412945a082,RFS,2020,2020,Financial Frictions and the Great Productivity Slowdown,10.1093/rfs/hhz063,original_package_used,True,10803,17,False,False,False,True,False,True,False,True,True,False,True,False,False
307426c85a5588e4,RFS,2020,2020,Financial Illiteracy and Pension Contributions: A Field Experiment on Compound Interest in China,10.1093/rfs/hhz074,original_package_used,True,10848,11,False,False,False,True,False,True,True,True,False,True,True,False,True
5243c15cde35c667,RFS,2020,2020,"Financial Inclusion, Human Capital, and Wealth Accumulation: Evidence from the Freedman’s Savings Bank",10.1093/rfs/hhaa013,original_package_used,True,16611,19,False,False,False,True,True,True,False,True,True,True,True,False,False
c14348be1f3e1bf1,RFS,2020,2020,Financial Literacy Externalities,10.1093/rfs/hhz076,original_package_used,True,13822,21,False,False,False,True,False,True,True,True,True,True,True,True,True
f27e47fa5117ff20,RFS,2020,2020,Financing Efficiency of Securities-Based Crowdfunding,10.1093/rfs/hhaa025,original_package_used,True,13753,9,False,False,False,False,False,False,True,False,False,False,True,True,True
0ce87a6ac134b8c6,RFS,2020,2020,Flights to Safety,10.1093/rfs/hhz055,original_package_used,True,20180,28,False,False,False,False,False,True,True,True,True,False,True,False,True
2a36a248311a29b6,RFS,2020,2020,Geographic Lead-Lag Effects,10.1093/rfs/hhz145,original_package_used,True,15356,19,False,False,False,True,True,False,True,True,True,False,True,True,False
8859db6ed2fda440,RFS,2020,2020,Global Political Uncertainty and Asset Prices,10.1093/rfs/hhz087,original_package_used,True,14586,19,False,False,False,True,False,False,False,True,True,True,True,False,True
23a74adcb91fd9d3,RFS,2020,2020,Government as Customer of Last Resort: The Stabilizing Effects of Government Purchases on Firms,10.1093/rfs/hhz059,original_package_used,True,10813,20,False,True,True,True,True,True,False,True,False,True,True,True,False
187de814280b745c,RFS,2020,2020,Gravity in the Exchange Rate Factor Structure,10.1093/rfs/hhz103,original_package_used,True,16251,35,False,False,True,True,False,False,True,True,True,False,True,True,True
740f4b01a4fda37e,RFS,2020,2020,Hedging Climate Change News,10.1093/rfs/hhz072,original_package_used,True,11170,18,False,False,False,True,False,False,True,True,False,False,True,True,True
9b166960282e2f8f,RFS,2020,2020,History-Dependent Risk Preferences: Evidence from Individual Choices and Implications for the Disposition Effect,10.1093/rfs/hhz127,original_package_used,True,17520,20,False,False,False,True,False,True,True,True,True,False,True,True,True
cfd1996b7ff20c2d,RFS,2020,2020,Home Bias and Local Contagion: Evidence from Funds of Hedge Funds,10.1093/rfs/hhz138,original_package_used,True,12929,19,False,False,False,True,False,False,False,True,True,False,True,True,False
dbf7cf18f872f1ba,RFS,2020,2020,How Much Do Directors Influence Firm Value?,10.1093/rfs/hhz068,original_package_used,True,11763,23,False,False,False,True,False,False,False,True,True,False,True,True,True
33c9e20fc958eef8,RFS,2020,2020,Idiosyncratic Jump Risk Matters: Evidence from Equity Returns and Options,10.1093/rfs/hhz043,original_package_used,True,16745,31,False,False,False,True,False,True,True,True,True,False,True,True,False
b5a98af271b8a1e3,RFS,2020,2020,Impediments to Financial Trade: Theory and Applications,10.1093/rfs/hhz095,original_package_used,True,11436,22,False,False,False,False,False,False,True,False,True,False,True,True,True
c1adbb68f42c90be,RFS,2020,2020,Industry Structure and the Strategic Provision of Trade Credit by Upstream Firms,10.1093/rfs/hhaa002,original_package_used,True,19715,37,False,False,False,False,False,False,True,True,True,True,True,True,False
83aab0889ef405cf,RFS,2020,2020,Information Revealed through the Regulatory Process: Interactions between the SEC and Companies ahead of Their IPO,10.1093/rfs/hhaa007,original_package_used,True,16048,15,False,True,False,True,False,False,False,True,False,False,True,True,True
0d0a106aebc611f0,RFS,2020,2020,Informational Efficiency in Securitization after Dodd-Frank,10.1093/rfs/hhaa003,original_package_used,True,12699,24,False,False,False,True,True,False,False,True,True,False,True,True,True
6c4361abc7c7a364,RFS,2020,2020,Informing the Market: The Effect of Modern Information Technologies on Information Production,10.1093/rfs/hhz100,original_package_used,True,16197,12,False,False,True,True,True,False,False,True,True,False,True,False,True
2b0e71cf563025eb,RFS,2020,2020,Initial Coin Offerings: Financing Growth with Cryptocurrency Token Sales,10.1093/rfs/hhz131,original_package_used,True,18338,29,False,False,False,False,True,False,False,True,False,False,True,True,True
3deb4fab1fdc86fc,RFS,2020,2020,Innovation Activities and Integration through Vertical Acquisitions,10.1093/rfs/hhz106,original_package_used,True,14407,26,False,False,True,True,False,False,False,True,True,True,True,True,True
fd076a9c188a3bb3,RFS,2020,2020,Institutional Trading around Corporate News: Evidence from Textual Analysis,10.1093/rfs/hhz136,original_package_used,True,16614,20,False,False,True,True,True,False,False,True,True,True,True,True,True
d31902e817e62088,RFS,2020,2020,Investment Timing and Incentive Costs,10.1093/rfs/hhz051,original_package_used,True,17860,30,False,False,False,False,False,False,True,True,True,False,True,True,True
6e7fa99f168c017f,RFS,2020,2020,Investor Information Acquisition and Money Market Fund Risk Rebalancing during the 2011–2012 Eurozone Crisis,10.1093/rfs/hhz071,original_package_used,True,12905,13,False,False,False,True,True,False,False,True,False,False,True,False,False
2b524714af9ab0da,RFS,2020,2020,Is the Risk of Sea Level Rise Capitalized in Residential Real Estate?,10.1093/rfs/hhz134,original_package_used,True,14050,15,False,False,False,True,False,True,False,True,True,True,True,True,False
3ca34ec409b4a875,RFS,2020,2020,Liquidity Provision Contracts and Market Quality: Evidence from the New York Stock Exchange,10.1093/rfs/hhz040,original_package_used,True,10525,14,False,False,False,False,False,True,False,True,True,False,True,False,True
777c806ba7d75476,RFS,2020,2020,Macroeconomic Tail Risks and Asset Prices,10.1093/rfs/hhz105,original_package_used,True,13672,26,False,False,False,True,False,False,True,True,True,True,True,True,True
806cc9a9925651ff,RFS,2020,2020,Measuring Sovereign Bond Market Integration,10.1093/rfs/hhz107,original_package_used,True,15865,27,False,False,False,True,False,False,True,True,False,False,True,True,False
e46bdf2614faa53c,RFS,2020,2020,Monetary Transmission through Shadow Banks,10.1093/rfs/hhz112,original_package_used,True,12383,30,False,False,False,True,True,True,True,True,True,True,True,False,True
71f5a157e9b43d6a,RFS,2020,2020,Monitoring the Monitor: Distracted Institutional Investors and Board Governance,10.1093/rfs/hhaa014,original_package_used,True,13241,22,False,False,False,True,True,True,False,True,True,False,True,False,False
84073903be1a837b,RFS,2020,2020,Monthly Payment Targeting and the Demand for Maturity,10.1093/rfs/hhaa004,original_package_used,True,13804,18,False,True,True,True,False,True,True,False,False,True,True,False,True
04d5f546ce951d70,RFS,2020,2020,Mutual Funding,10.1093/rfs/hhz111,original_package_used,True,12325,16,False,False,True,True,False,False,False,True,False,False,True,True,True
c7d72df609be69c2,RFS,2020,2020,Negative Swap Spreads and Limited Arbitrage,10.1093/rfs/hhz030,original_package_used,True,9119,16,False,False,False,False,False,False,True,True,True,False,True,True,True
02492c4aea943cd7,RFS,2020,2020,On the Asset Market View of Exchange Rates,10.1093/rfs/hhz049,original_package_used,True,7784,20,False,False,False,False,False,False,True,False,False,False,True,False,True
d36176a046372108,RFS,2020,2020,On the Effects of Restricting Short-Term Investment,10.1093/rfs/hhz053,original_package_used,True,14245,35,False,False,False,False,True,False,True,True,True,False,True,True,True
8eb88d1dc8f78fff,RFS,2020,2020,On the Rise of FinTechs: Credit Scoring Using Digital Footprints,10.1093/rfs/hhz099,original_package_used,True,14948,23,False,False,False,True,True,False,False,True,True,True,True,True,True
205122ec4852f66b,RFS,2020,2020,Options Trading Costs Are Lower than You Think,10.1093/rfs/hhaa010,original_package_used,True,17749,17,False,False,False,True,False,False,False,True,False,False,True,True,True
097eaa129cf392e4,RFS,2020,2020,"Order Cancellations, Fees, and Execution Quality in U.S. Equity Options",10.1093/rfs/hhz088,original_package_used,True,11391,11,False,False,False,True,False,False,False,True,True,True,True,False,True
98edaa17df3d215e,RFS,2020,2020,Over-the-Counter versus Limit-Order Markets: The Role of Traders’ Expertise,10.1093/rfs/hhz061,original_package_used,True,18372,42,False,False,False,True,True,False,True,False,True,False,True,True,True
ba5c0127ea96e1a9,RFS,2020,2020,Overcoming Discount Window Stigma: An Experimental Investigation,10.1093/rfs/hhaa055,original_package_used,True,11515,27,False,False,True,False,True,False,True,True,True,True,True,False,True
f8e0a7b74b5ee346,RFS,2020,2020,Peer Financial Distress and Individual Leverage,10.1093/rfs/hhz077,original_package_used,True,14388,26,False,False,True,True,False,True,False,True,True,True,True,False,True
1ed3603dccd141e1,RFS,2020,2020,Peers’ Income and Financial Distress: Evidence from Lottery Winners and Neighboring Bankruptcies,10.1093/rfs/hhz047,original_package_used,True,15176,26,False,False,True,True,False,True,False,True,True,True,True,False,True
fcdca12663dadbd0,RFS,2020,2020,Pipeline Risk in Leveraged Loan Syndication,10.1093/rfs/hhaa029,original_package_used,True,16229,31,False,False,False,True,False,False,True,True,True,False,True,True,True
270b4b6b720d5ead,RFS,2020,2020,Political Investment Cycles of State-Owned Enterprises,10.1093/rfs/hhz090,original_package_used,True,12919,18,False,False,False,True,True,False,False,True,True,True,True,True,True
7080ef3c3cdf0c66,RFS,2020,2020,"Politics, State Ownership, and Corporate Investments",10.1093/rfs/hhz102,original_package_used,True,18397,19,False,False,False,True,False,False,False,True,True,False,True,True,True
1218b3b27dac4ffd,RFS,2020,2020,Pricing Uncertainty Induced by Climate Change,10.1093/rfs/hhz144,original_package_used,True,14476,27,False,True,False,True,False,False,True,False,True,False,True,False,True
91bb0c000868b418,RFS,2020,2020,Priority Spreading of Corporate Debt,10.1093/rfs/hhz045,original_package_used,True,17422,26,False,False,False,True,True,False,False,True,True,True,True,True,True
7ec60cff7960921b,RFS,2020,2020,Production Networks and Stock Returns: The Role of Vertical Creative Destruction,10.1093/rfs/hhaa034,original_package_used,True,16304,32,False,False,False,True,False,True,True,True,True,True,True,True,True
7deba58b80a9b225,RFS,2020,2020,Public Oversight and Reporting Credibility: Evidence from the PCAOB Audit Inspection Regime,10.1093/rfs/hhz149,original_package_used,True,15842,18,False,True,False,True,True,True,False,True,True,True,True,True,False
793dc9a80c56c35b,RFS,2020,2020,Real Option Exercise: Empirical Evidence,10.1093/rfs/hhz092,original_package_used,True,19315,24,False,False,False,True,False,False,True,True,False,False,True,True,True
9823403590a36d45,RFS,2020,2020,Renting Balance Sheet Space: Intermediary Balance Sheet Rental Costs and the Valuation of Derivatives,10.1093/rfs/hhaa033,original_package_used,True,14577,23,False,False,True,True,False,False,False,True,False,False,True,False,False
9fae61ecf5f00946,RFS,2020,2020,Replicating Anomalies,10.1093/rfs/hhy131,original_package_used,True,49707,23,False,False,False,True,False,False,False,True,False,False,True,True,True
47fdb04fb8c6fd5c,RFS,2020,2020,Resiliency and Stock Returns,10.1093/rfs/hhz048,original_package_used,True,10682,15,False,False,False,True,False,False,True,True,False,False,True,True,True
291361e81bd76bef,RFS,2020,2020,Risk Management Failures,10.1093/rfs/hhz115,original_package_used,True,14232,30,False,False,False,False,False,False,True,True,True,False,True,True,False
2fcf6b3e555cc523,RFS,2020,2020,Role of the Community Reinvestment Act in Mortgage Supply and the U.S. Housing Boom,10.1093/rfs/hhaa023,original_package_used,True,17904,23,False,False,True,True,True,True,False,True,False,False,True,True,True
7361bb6af28d09b7,RFS,2020,2020,Rules versus Discretion in Bank Resolution,10.1093/rfs/hhaa032,original_package_used,True,14756,26,False,False,False,False,True,False,True,True,False,False,True,True,False
dd1f99d99357a63f,RFS,2020,2020,"Safe Collateral, Arm’s-Length Credit: Evidence from the Commercial Real Estate Market",10.1093/rfs/hhaa031,original_package_used,True,13302,12,False,False,False,True,False,True,True,True,False,False,True,True,True
75cfde98f521b4e1,RFS,2020,2020,Shareholder Governance and CEO Compensation: The Peer Effects of Say on Pay,10.1093/rfs/hhz104,original_package_used,True,11206,16,False,False,False,True,False,True,False,True,False,True,True,True,True
a1599277b85cd60d,RFS,2020,2020,Shock Transmission Through Cross-Border Bank Lending: Credit and Real Effects,10.1093/rfs/hhz147,original_package_used,True,13941,21,False,False,False,True,False,True,False,True,True,True,True,False,True
60e32580712aa5ee,RFS,2020,2020,Short- and Long-Horizon Behavioral Factors,10.1093/rfs/hhz069,original_package_used,True,19983,51,False,False,False,True,False,True,True,True,False,False,True,True,True
56efb5630068d602,RFS,2020,2020,Should I Stay or Should I Grow? Using Voluntary Disclosure to Elicit Market Feedback,10.1093/rfs/hhz132,original_package_used,True,11775,17,False,False,False,True,True,False,True,True,True,False,True,True,True
c060f718ba6cb87b,RFS,2020,2020,Socioeconomic Status and Macroeconomic Expectations,10.1093/rfs/hhz041,original_package_used,True,14068,11,False,False,False,True,False,False,False,True,False,True,True,False,False
c16c49fd2d41a425,RFS,2020,2020,Speculators and Middlemen: The Strategy and Performance of Investors in the Housing Market,10.1093/rfs/hhaa042,original_package_used,True,13338,19,False,False,True,True,False,True,False,True,True,False,True,False,True
96cab8d2c57191d3,RFS,2020,2020,Stock Market Rumors and Credibility,10.1093/rfs/hhz120,original_package_used,True,17481,29,False,True,True,True,False,False,True,True,True,True,True,True,True
925f1a7429ab6d93,RFS,2020,2020,Symmetric and Asymmetric Market Betas and Downside Risk,10.1093/rfs/hhz108,original_package_used,True,9089,17,False,False,False,True,False,True,False,True,False,False,False,False,True
2411f747f7713782,RFS,2020,2020,Symmetry in Pay for Luck,10.1093/rfs/hhz057,original_package_used,True,11832,21,False,False,True,True,False,False,False,True,True,False,True,False,True
423bb99290fb8631,RFS,2020,2020,Temperature Shocks and Establishment Sales,10.1093/rfs/hhz126,original_package_used,True,9880,18,False,False,False,True,False,True,False,True,True,False,True,True,True
e0d30f694df484e8,RFS,2020,2020,Testing Beta-Pricing Models Using Large Cross-Sections,10.1093/rfs/hhz064,original_package_used,True,12753,19,False,False,False,True,False,True,True,True,False,False,True,True,True
9eea698a880473a7,RFS,2020,2020,Testing for Multiple-Horizon Predictability: Direct Regression Based versus Implication Based,10.1093/rfs/hhz135,original_package_used,True,12120,18,False,False,False,True,False,False,True,True,False,False,True,True,True
eba5dcdf987f2854,RFS,2020,2020,The Collateralizability Premium,10.1093/rfs/hhaa063,original_package_used,True,12009,22,False,False,False,False,False,False,True,True,False,True,True,True,True
9a9e6f5436410144,RFS,2020,2020,The Cross-Section of Risk and Returns,10.1093/rfs/hhaa021,original_package_used,True,15207,30,False,False,False,True,False,True,True,True,False,False,True,True,True
c55bf1a00beeb8db,RFS,2020,2020,The Cultural Origin of CEOs’ Attitudes toward Uncertainty: Evidence from Corporate Acquisitions,10.1093/rfs/hhz109,original_package_used,True,16928,39,False,False,False,True,True,False,False,True,True,True,True,True,True
4f9f40c4ceee174d,RFS,2020,2020,The Deregulation of the Private Equity Markets and the Decline in IPOs,10.1093/rfs/hhaa053,original_package_used,True,16465,19,False,False,False,True,False,True,False,True,False,False,True,False,True
0b2f4628f2865f3d,RFS,2020,2020,The Effect of Cash Injections: Evidence from the 1980s Farm Debt Crisis,10.1093/rfs/hhaa012,original_package_used,True,13340,15,False,False,False,True,False,True,False,True,False,True,True,False,True
2ff0acb77f43a699,RFS,2020,2020,The Effects of Competition in Consumer Credit Markets,10.1093/rfs/hhaa035,original_package_used,True,13226,9,False,False,False,True,True,False,False,True,False,False,True,False,False
d041b93e9197abe8,RFS,2020,2020,The Equity Premium and the One Percent,10.1093/rfs/hhz121,original_package_used,True,13489,17,False,False,False,True,False,False,True,True,False,False,True,False,False
b502f7d3904e6604,RFS,2020,2020,The Importance of Climate Risks for Institutional Investors,10.1093/rfs/hhz137,original_package_used,True,14909,21,False,False,False,False,True,True,False,False,False,False,True,True,False
7eceffde402ba92d,RFS,2020,2020,The Life Cycle of Corporate Venture Capital,10.1093/rfs/hhz042,original_package_used,True,13663,24,False,False,False,True,False,False,True,True,False,False,True,True,True
f03d829dcb1b2342,RFS,2020,2020,The Limits of Lending? Banks and Technology Adoption across Russia,10.1093/rfs/hhz060,original_package_used,True,18963,23,False,False,False,True,False,True,False,True,True,True,True,True,False
83821646059b513c,RFS,2020,2020,The Role of Government in Firm Outcomes,10.1093/rfs/hhaa005,original_package_used,True,12023,17,False,False,False,True,True,False,True,True,True,False,True,True,False
cfaaf1cde3f5025f,RFS,2020,2020,The Strategic Effects of Trademark Protection,10.1093/rfs/hhz084,original_package_used,True,10065,20,False,True,False,True,True,True,False,True,True,True,True,False,False
685ef8375eb30112,RFS,2020,2020,The Value of Green Energy: Optimal Investment in Mutually Exclusive Projects and Operating Leverage,10.1093/rfs/hhz097,original_package_used,True,15391,24,False,False,False,True,False,True,True,False,True,False,True,True,True
4878c977023b6346,RFS,2020,2020,Time-Varying Risk Premium and Unemployment Risk across Age Groups,10.1093/rfs/hhz122,original_package_used,True,17886,25,False,False,False,True,False,False,True,True,True,False,True,True,False
a4c608843297f691,RFS,2020,2020,Transparency and Talent Allocation in Money Management,10.1093/rfs/hhz116,original_package_used,True,14451,13,False,False,False,False,False,False,True,True,False,False,True,True,True
d20da2dc36e8546b,RFS,2020,2020,Uncertainty and Economic Activity: A Multicountry Perspective,10.1093/rfs/hhz098,original_package_used,True,17142,38,False,False,False,True,True,True,True,True,True,True,True,True,True
8ef93398bb0c31a7,RFS,2020,2020,When Investor Incentives and Consumer Interests Diverge: Private Equity in Higher Education,10.1093/rfs/hhz129,original_package_used,True,12638,22,False,False,False,True,True,True,False,True,False,True,True,False,True
ea7973bc89c60b9e,RFS,2020,2020,Why Do Firms Hold Cash? Evidence from Demographic Demand Shifts,10.1093/rfs/hhz124,original_package_used,True,12474,19,False,False,False,True,False,True,False,True,False,False,True,True,False
9211f9711be4d362,RFS,2020,2020,Why Does an IPO Affect Rival Firms?,10.1093/rfs/hhz081,original_package_used,True,14884,28,False,False,True,True,False,False,True,True,False,True,True,True,True
6380b74d970b6866,RFS,2021,2021,(Debt) Overhang: Evidence from Resource Extraction,10.1093/rfs/hhaa070,original_package_used,True,16097,19,False,False,False,True,True,True,False,True,True,False,True,True,False
5e4b8eaf74ce2f21,RFS,2021,2021,A Crisis of Missed Opportunities? Foreclosure Costs and Mortgage Modification During the Great Recession,10.1093/rfs/hhaa059,original_package_used,True,15619,22,False,False,False,True,False,True,False,True,True,False,True,False,True
cdcc97162e388bbe,RFS,2021,2021,A Model of Endogenous Risk Intolerance and LSAPs: Asset Prices and Aggregate Demand in a “COVID-19” Shock,10.1093/rfs/hhab036,original_package_used,True,20937,25,False,False,False,False,False,False,True,False,True,False,False,True,True
0b138ae845160d35,RFS,2021,2021,Arbitrage Portfolios,10.1093/rfs/hhaa102,original_package_used,True,13965,21,False,False,False,True,False,True,True,True,True,False,True,True,True
58b85a3e165a3e67,RFS,2021,2021,Asset Insulators,10.1093/rfs/hhaa061,original_package_used,True,12096,15,False,True,False,True,True,False,True,True,True,True,True,False,True
e7640c35ee42e63d,RFS,2021,2021,Asset-Level Risk and Return in Real Estate Investments,10.1093/rfs/hhaa122,original_package_used,True,16846,27,False,False,True,True,False,True,True,True,True,True,True,False,True
f9381a475690a72e,RFS,2021,2021,"Bank Cleanups, Capitalization, and Lending: Evidence from India",10.1093/rfs/hhaa119,original_package_used,True,14040,23,False,False,False,True,True,True,False,True,False,False,True,False,True
392e6190ea67d436,RFS,2021,2021,Bank Concentration and Product Market Competition,10.1093/rfs/hhab005,original_package_used,True,15127,12,False,False,False,True,False,True,False,True,False,False,True,False,True
32d15a5dfcbcc073,RFS,2021,2021,Bank Lending in the Knowledge Economy,10.1093/rfs/hhaa144,original_package_used,True,14563,17,False,False,True,True,False,True,False,True,False,True,True,False,True
04e3098cc5c58f8f,RFS,2021,2021,Best Buys and Own Brands: Investment Platforms’ Recommendations of Mutual Funds,10.1093/rfs/hhaa057,original_package_used,True,13259,13,False,False,False,True,True,False,True,True,False,False,True,True,True
b14ea52e9c261bd4,RFS,2021,2021,Blockchain without Waste: Proof-of-Stake,10.1093/rfs/hhaa075,original_package_used,True,14530,35,False,False,False,False,True,False,True,True,True,False,True,True,True
72f746fb6d4efc1e,RFS,2021,2021,Bond Risk Premiums with Machine Learning,10.1093/rfs/hhaa062,original_package_used,True,15360,25,False,False,False,True,False,True,True,True,False,False,True,False,True
4ea7d9f03741d0a7,RFS,2021,2021,Break Risk,10.1093/rfs/hhaa084,original_package_used,True,18337,35,False,False,False,True,False,True,True,True,True,False,True,True,True
f3847d0da2efc977,RFS,2021,2021,Business Restrictions and COVID-19 Fatalities,10.1093/rfs/hhab069,original_package_used,True,13070,18,False,False,True,True,False,False,False,True,False,False,True,True,True
d7db989937facedb,RFS,2021,2021,CAPM-Based Company (Mis)valuations,10.1093/rfs/hhaa049,original_package_used,True,19031,35,False,False,False,True,False,True,True,True,True,True,True,True,True
02f35750dbe2b7fa,RFS,2021,2021,"CEO Noncompete Agreements, Job Risk, and Compensation",10.1093/rfs/hhaa103,original_package_used,True,12563,22,False,False,False,True,False,True,False,True,True,False,True,True,True
bfa0674380bcc07c,RFS,2021,2021,Can Strong Creditors Inhibit Entrepreneurial Activity?,10.1093/rfs/hhaa050,original_package_used,True,12929,18,False,False,False,True,True,True,True,True,True,True,True,True,True
93efba7f3ef4caec,RFS,2021,2021,"Capital Flows, Real Estate, and Local Cycles: Evidence from German Cities, Banks, and Firms",10.1093/rfs/hhab017,original_package_used,True,21366,28,False,False,False,True,False,True,True,True,False,False,True,False,True
1d025040afda09dc,RFS,2021,2021,Carbon Tail Risk,10.1093/rfs/hhaa071,original_package_used,True,10923,20,False,False,False,True,False,False,True,True,False,False,True,True,True
af34760338d1e7af,RFS,2021,2021,Climate Change and Long-Run Discount Rates: Evidence from Real Estate,10.1093/rfs/hhab032,original_package_used,True,16731,15,False,False,False,False,False,False,True,True,False,False,True,False,True
5ae9fe6662c1802e,RFS,2021,2021,Collateral Runs,10.1093/rfs/hhaa139,original_package_used,True,15065,21,False,False,False,False,False,False,True,True,False,False,True,False,True
287dc7e5d5a7eceb,RFS,2021,2021,Corporate Bond Liquidity during the COVID-19 Crisis,10.1093/rfs/hhab063,original_package_used,True,15333,34,False,False,False,True,True,True,True,True,True,False,True,True,True
940bca7ec5a3115d,RFS,2021,2021,Corporate Cash Shortfalls and Financing Decisions,10.1093/rfs/hhaa099,original_package_used,True,15218,17,False,False,False,True,False,False,True,True,False,True,True,True,False
5daee891e4e1502c,RFS,2021,2021,Corporate Money Demand,10.1093/rfs/hhaa083,original_package_used,True,12045,20,False,False,False,False,False,True,True,True,True,False,True,False,True
f3cef841bf2db853,RFS,2021,2021,"Cyclical Fluctuations, Financial Shocks, and the Entry of Fast-Growing Entrepreneurial Startups",10.1093/rfs/hhaa112,original_package_used,True,14370,31,False,False,True,True,False,True,True,True,True,False,True,True,True
b553a80dca042b16,RFS,2021,2021,Debt Maturity and the Dynamics of Leverage,10.1093/rfs/hhaa148,original_package_used,True,15077,22,False,False,False,True,False,False,True,True,False,False,True,True,True
842076daf8ab2eab,RFS,2021,2021,Decentralized Mining in Centralized Pools,10.1093/rfs/hhaa040,original_package_used,True,15472,43,False,False,False,True,True,False,True,True,True,False,True,True,True
3ae865c5fc7c1209,RFS,2021,2021,Demand Effects in the FX Forward Market: Micro Evidence from Banks’ Dollar Hedging,10.1093/rfs/hhaa123,original_package_used,True,13849,12,False,False,False,True,True,True,False,True,True,True,True,False,True
76345448feb6aaa9,RFS,2021,2021,"Demand for Information, Uncertainty, and the Response of U.S. Treasury Securities to News",10.1093/rfs/hhaa072,original_package_used,True,17963,25,False,False,True,True,False,False,True,True,True,True,True,True,True
8ab769e39b51f737,RFS,2021,2021,Do Foreign Institutional Investors Improve Price Efficiency?,10.1093/rfs/hhaa076,original_package_used,True,16002,21,False,False,False,True,True,True,True,True,True,True,True,False,True
7537a9f9d8d6ea78,RFS,2021,2021,Do Minorities Pay More for Mortgages?,10.1093/rfs/hhaa047,original_package_used,True,8884,14,False,False,False,True,True,False,False,False,False,False,True,False,True
b8136bf60e20c616,RFS,2021,2021,Do Neighborhoods Affect the Credit Market Decisions of Low-Income Borrowers? Evidence from the Moving to Opportunity Experiment,10.1093/rfs/hhaa060,original_package_used,True,15168,23,False,False,False,True,True,False,True,True,True,True,True,False,True
503c728b3cb95921,RFS,2021,2021,Does Borrower and Broker Race Affect the Cost of Mortgage Credit?,10.1093/rfs/hhaa087,original_package_used,True,11940,18,False,False,False,True,False,False,True,True,True,False,True,False,True
32e7132296e4daa5,RFS,2021,2021,Does Collateral Value Affect Asset Prices? Evidence from a Natural Experiment in Texas,10.1093/rfs/hhaa117,original_package_used,True,13464,28,False,False,True,True,True,True,True,True,True,True,True,True,True
acd2aea1dd7e4958,RFS,2021,2021,Does Household Finance Affect the Political Process? Evidence from Voter Turnout During a Housing Crisis,10.1093/rfs/hhaa064,original_package_used,True,13818,22,False,False,True,True,False,True,False,True,True,True,True,False,True
62715c4563c16e88,RFS,2021,2021,Does Option Trading Have a Pervasive Impact on Underlying Stock Prices?,10.1093/rfs/hhaa082,original_package_used,True,13696,17,False,False,False,True,False,False,False,True,True,False,True,True,False
5f5fbcc7a0c3732b,RFS,2021,2021,Evaluating Firm-Level Expected-Return Proxies: Implications for Estimating Treatment Effects,10.1093/rfs/hhaa066,original_package_used,True,17577,35,False,False,True,True,False,True,True,True,True,False,True,True,False
1e11df0c7d15ae7d,RFS,2021,2021,Experience Does Not Eliminate Bubbles: Experimental Evidence,10.1093/rfs/hhaa121,original_package_used,True,12918,22,False,False,False,False,False,False,True,True,True,False,True,False,True
3e255449c2ea8d5c,RFS,2021,2021,Financing Corporate Growth,10.1093/rfs/hhaa133,original_package_used,True,26902,42,False,False,False,True,False,True,True,True,True,True,True,False,True
3dd00256c6dcc5ef,RFS,2021,2021,Fintech Borrowers: Lax Screening or Cream-Skimming?,10.1093/rfs/hhaa142,original_package_used,True,15546,15,False,False,False,True,False,False,False,False,False,False,True,True,False
bc4c185ee1c22c46,RFS,2021,2021,Firm Characteristics and Empirical Factor Models: A Model Mining Experiment,10.1093/rfs/hhaa126,original_package_used,True,12830,23,False,False,False,True,False,True,True,True,True,False,True,True,False
38d49b3d5698e32c,RFS,2021,2021,Funding Constraints and Informational Efficiency,10.1093/rfs/hhaa124,original_package_used,True,15091,29,False,False,False,False,False,False,True,False,True,False,True,True,True
af4974ea6142f0b3,RFS,2021,2021,Gendered Prices,10.1093/rfs/hhab046,original_package_used,True,14394,20,False,False,False,True,False,False,False,True,False,False,True,True,False
60bc3c053b04f7e5,RFS,2021,2021,Get Real! Individuals Prefer More Sustainable Investments,10.1093/rfs/hhab037,original_package_used,True,23568,52,False,False,False,True,True,False,False,True,True,False,True,True,True
08db5ca916cd8ee2,RFS,2021,2021,Heterogeneous Taxes and Limited Risk Sharing: Evidence from Municipal Bonds,10.1093/rfs/hhaa028,original_package_used,True,18031,21,False,False,False,True,True,False,True,True,True,True,True,False,True
eb4ee73d6fdcbfdb,RFS,2021,2021,Home Equity and Labor Income: The Role of Constrained Mobility,10.1093/rfs/hhaa136,original_package_used,True,14996,22,False,False,True,True,False,True,False,True,True,True,True,False,True
d5c582e8590f578c,RFS,2021,2021,"Household Inequality, Entrepreneurial Dynamism, and Corporate Financing",10.1093/rfs/hhaa097,original_package_used,True,15423,20,False,False,False,True,True,True,True,True,False,True,True,True,False
764919286cd8eae7,RFS,2021,2021,Household Portfolio Underdiversification and Probability Weighting: Evidence from the Field,10.1093/rfs/hhaa131,original_package_used,True,13269,23,False,False,False,True,False,False,False,True,True,False,True,True,False
5c5f702ccd2aad42,RFS,2021,2021,"Housing, Mortgages, and Self-Control",10.1093/rfs/hhaa096,original_package_used,True,14407,17,False,False,False,True,False,False,True,True,False,False,True,True,True
7e8d6cf1b7cb4682,RFS,2021,2021,How Did Depositors Respond to COVID-19?,10.1093/rfs/hhab062,original_package_used,True,12646,25,False,False,False,True,False,True,False,True,False,True,True,False,False
67dd8f360f08996f,RFS,2021,2021,How Do Consumers Fare When Dealing with Debt Collectors? Evidence from Out-of-Court Settlements,10.1093/rfs/hhaa085,original_package_used,True,17356,25,False,False,False,True,True,True,False,True,True,True,True,True,True
31aa2db8ae94525d,RFS,2021,2021,How Important Are Inflation Expectations for the Nominal Yield Curve?,10.1093/rfs/hhaa039,original_package_used,True,19436,43,False,False,False,True,False,True,True,True,False,False,True,True,True
3847be6cf934c5bc,RFS,2021,2021,How Much Information Is Incorporated into Financial Asset Prices? Experimental Evidence,10.1093/rfs/hhaa143,original_package_used,True,13591,23,False,False,False,True,True,True,True,True,False,False,True,False,True
fcb2ffba64296646,RFS,2021,2021,How Valuable Is Financial Flexibility when Revenue Stops? Evidence from the COVID-19 Crisis,10.1093/rfs/hhaa134,original_package_used,True,16715,28,False,False,False,True,False,False,True,True,True,False,True,True,True
e5457c5fd4df5c58,RFS,2021,2021,How is Liquidity Priced in Global Markets?,10.1093/rfs/hhaa125,original_package_used,True,17039,25,False,False,False,True,False,True,True,True,True,False,True,True,True
29e5634ddfd932e3,RFS,2021,2021,Hysteresis in Price Efficiency and the Economics of Slow-Moving Capital,10.1093/rfs/hhaa110,original_package_used,True,16400,37,False,False,True,False,False,False,True,True,False,False,True,True,True
bef1af5c28389735,RFS,2021,2021,Idiosyncratic Risk in Housing Markets,10.1093/rfs/hhab033,original_package_used,True,17613,16,False,False,False,True,False,False,True,False,False,False,True,False,True
751eb66f45448a40,RFS,2021,2021,Illiquidity and Stock Returns II: Cross-section and Time-series Effects,10.1093/rfs/hhaa080,original_package_used,True,7436,12,False,False,False,False,False,False,False,True,True,False,True,True,True
a8a26fa17aea0cef,RFS,2021,2021,Implications of Stochastic Transmission Rates for Managing Pandemic Risks,10.1093/rfs/hhaa132,original_package_used,True,13202,33,False,False,True,True,False,True,True,False,False,False,True,True,True
c1021533498fbe1e,RFS,2021,2021,Implied Stochastic Volatility Models,10.1093/rfs/hhaa041,original_package_used,True,18165,26,False,False,False,True,False,True,True,True,True,False,True,True,True
13de5c028947cf92,RFS,2021,2021,Impulsive Consumption and Financial Well-Being: Evidence from an Increase in the Availability of Alcohol,10.1093/rfs/hhaa094,original_package_used,True,12582,23,False,False,False,True,True,True,False,True,False,False,True,True,True
beea287acbf8cf85,RFS,2021,2021,Incentivizing Financial Regulators,10.1093/rfs/hhaa138,original_package_used,True,12815,19,False,False,False,True,True,True,False,True,True,False,True,False,False
7da0f5565dc0222f,RFS,2021,2021,"Information Choice, Uncertainty, and Expected Returns",10.1093/rfs/hhaa146,original_package_used,True,19044,24,False,False,False,True,False,True,True,False,True,False,True,True,False
e696cd703d801082,RFS,2021,2021,Information Dispersion across Employees and Stock Returns,10.1093/rfs/hhaa105,original_package_used,True,16489,16,False,False,False,True,False,False,True,True,True,True,True,True,False
645d89fe95a4bacd,RFS,2021,2021,Innovation and Informed Trading: Evidence from Industry ETFs,10.1093/rfs/hhaa077,original_package_used,True,12528,24,False,False,False,True,False,False,False,True,True,False,True,False,True
2ad18fcd4454f0ef,RFS,2021,2021,Institutional Investors and Infrastructure Investing,10.1093/rfs/hhab048,original_package_used,True,21147,10,False,False,False,False,True,False,False,False,False,False,True,False,True
9bc096da2b2f6d8b,RFS,2021,2021,Institutional Order Handling and Broker-Affiliated Trading Venues,10.1093/rfs/hhab004,original_package_used,True,13959,15,False,False,False,True,True,False,False,True,False,False,True,True,True
d6bb463c59c53640,RFS,2021,2021,International Trade and the Propagation of Merger Waves,10.1093/rfs/hhaa104,original_package_used,True,13669,27,False,True,False,True,False,True,False,True,True,True,True,True,True
453e87862c031fa5,RFS,2021,2021,Investor Protection and Capital Fragility: Evidence from Hedge Funds around the World,10.1093/rfs/hhaa051,original_package_used,True,15014,15,False,False,False,True,False,False,False,True,True,False,True,True,True
4fcfd2f3eca9cc69,RFS,2021,2021,Investors’ Attention to Corporate Governance,10.1093/rfs/hhab003,original_package_used,True,13207,16,False,False,False,True,False,False,False,True,False,False,True,True,True
d7298b2d85c5c922,RFS,2021,2021,Kicking the Can Down the Road: Government Interventions in the European Banking Sector,10.1093/rfs/hhab002,original_package_used,True,12625,26,False,False,True,True,False,True,False,True,False,False,True,True,True
0a78c6b8ea39b06d,RFS,2021,2021,Learning about Competitors: Evidence from SME Lending,10.1093/rfs/hhaa109,original_package_used,True,14904,24,False,False,True,True,True,True,True,True,False,True,True,False,True
673ecd0bff03c733,RFS,2021,2021,Learning about the Neighborhood,10.1093/rfs/hhaa130,original_package_used,True,15410,23,False,False,False,False,False,False,True,True,False,False,True,True,False
4e157a9496b6c838,RFS,2021,2021,"Liquidity Restrictions, Runs, and Central Bank Interventions: Evidence from Money Market Funds",10.1093/rfs/hhab065,original_package_used,True,14071,14,False,False,False,True,True,False,False,True,True,True,True,False,True
defdb36eddd1274c,RFS,2021,2021,Marketing Mutual Funds,10.1093/rfs/hhaa095,original_package_used,True,19086,26,False,False,False,True,False,True,True,True,True,False,True,True,True
372f414b42dd2c9a,RFS,2021,2021,"Marketplace Lending, Information Aggregation, and Liquidity",10.1093/rfs/hhaa101,original_package_used,True,16563,19,False,False,False,True,False,True,False,True,True,False,True,False,False
0cb50cbd15e3c3b4,RFS,2021,2021,Measuring Corporate Culture Using Machine Learning,10.1093/rfs/hhaa079,original_package_used,True,11794,26,False,False,False,True,False,False,True,True,False,False,True,True,False
0028ef84ca4217e3,RFS,2021,2021,Microstructure in the Machine Age,10.1093/rfs/hhaa078,original_package_used,True,14893,28,False,False,False,True,False,False,False,True,True,False,True,False,True
257583c6cfc60468,RFS,2021,2021,Minimum Wages and Consumer Credit: Effects on Access and Borrowing,10.1093/rfs/hhaa091,original_package_used,True,11420,11,False,False,True,False,False,False,True,True,True,False,True,False,True
7c520a5c4f976553,RFS,2021,2021,Models or Stars: The Role of Asset Pricing Models and Heuristics in Investor Risk Adjustment,10.1093/rfs/hhaa043,original_package_used,True,12848,17,False,False,False,True,True,False,True,True,True,False,True,True,False
331dee3b770b76df,RFS,2021,2021,Momentum and Reversals When Overconfident Investors Underestimate Their Competition,10.1093/rfs/hhaa016,original_package_used,True,12421,17,False,False,False,False,False,False,True,True,False,False,True,True,True
34c63e76fab0e6c9,RFS,2021,2021,Monitoring in Originate-to-Distribute Lending: Reputation versus Skin in the Game,10.1093/rfs/hhab012,original_package_used,True,17209,17,False,False,True,False,False,False,True,False,False,False,True,True,True
e06e76aae51ce1c8,RFS,2021,2021,Mortgage Securitization and Shadow Bank Lending,10.1093/rfs/hhaa088,original_package_used,True,13515,35,False,False,False,True,False,True,True,True,True,True,True,False,True
cc14e69a1aaffa9f,RFS,2021,2021,Mutual Fund Trading Style and Bond Market Fragility,10.1093/rfs/hhaa120,original_package_used,True,16489,18,False,False,True,True,False,False,False,True,True,False,True,True,False
921c0b48dfa4a97c,RFS,2021,2021,Mutual Funds as Venture Capitalists? Evidence from Unicorns,10.1093/rfs/hhaa100,original_package_used,True,15722,22,False,False,False,True,True,False,True,True,False,False,True,True,True
613427e800ba7cab,RFS,2021,2021,Optimal Mitigation Policies in a Pandemic: Social Distancing and Working from Home,10.1093/rfs/hhab076,original_package_used,True,10330,38,False,False,False,False,False,False,True,True,False,True,True,True,True
cf1fff34b2d53f05,RFS,2021,2021,Out-of-Sample Performance of Mutual Fund Predictors,10.1093/rfs/hhaa026,original_package_used,True,14733,16,False,False,False,True,False,False,False,True,False,False,True,False,False
483f2d571046d325,RFS,2021,2021,Paying by Donating: Corporate Donations Affiliated with Independent Directors,10.1093/rfs/hhaa056,original_package_used,True,11848,23,False,False,False,True,False,False,True,True,True,True,True,True,True
8413559ca08feab9,RFS,2021,2021,Performance-Induced CEO Turnover,10.1093/rfs/hhaa069,original_package_used,True,15189,32,False,False,False,True,True,True,True,False,True,False,True,True,True
4d0dbbb464b4eb8e,RFS,2021,2021,"Personal Wealth, Self-Employment, and Business Ownership",10.1093/rfs/hhab044,original_package_used,True,13046,16,False,False,False,True,True,False,False,True,True,True,True,False,True
5b81743c8ee1a214,RFS,2021,2021,Political Cycles in Bank Lending to the Government,10.1093/rfs/hhaa118,original_package_used,True,15082,18,False,False,False,True,True,True,True,True,True,False,True,True,True
16fd27103ce81aeb,RFS,2021,2021,Political Influence and the Renegotiation of Government Contracts,10.1093/rfs/hhaa093,original_package_used,True,15113,23,False,False,False,True,False,True,False,True,True,False,True,True,True
fc96b856de6852d0,RFS,2021,2021,Portfolio Liquidity and Security Design with Private Information,10.1093/rfs/hhaa147,original_package_used,True,16897,23,False,False,False,False,False,False,True,False,False,False,True,True,False
a0494abacb9e51fc,RFS,2021,2021,Portfolio Pumping and Managerial Structure,10.1093/rfs/hhaa027,original_package_used,True,12026,19,False,False,False,False,False,True,False,True,True,True,True,True,True
4645ec46491e3383,RFS,2021,2021,Private Equity Buyouts and Workplace Safety,10.1093/rfs/hhab001,original_package_used,True,15448,23,False,False,False,True,False,True,False,True,True,False,True,True,True
75ce304a9dc92c26,RFS,2021,2021,Public Market Players in the Private World: Implications for the Going-Public Process,10.1093/rfs/hhaa092,original_package_used,True,13049,22,False,False,True,True,True,False,False,True,False,True,True,False,False
1143fdcbaf1d0d4a,RFS,2021,2021,Risks and Returns of Cryptocurrency,10.1093/rfs/hhaa113,original_package_used,True,14239,21,False,False,False,True,False,False,False,True,True,False,True,False,True
f164a231e43c8ed9,RFS,2021,2021,Savings Gluts and Financial Fragility,10.1093/rfs/hhaa074,original_package_used,True,13625,19,False,False,False,False,False,False,True,True,True,False,True,False,False
549b58c0318338ae,RFS,2021,2021,Selecting Directors Using Machine Learning,10.1093/rfs/hhab050,original_package_used,True,13094,24,False,False,False,True,False,False,True,True,True,False,True,True,True
84a4b82931f89d7a,RFS,2021,2021,Self-Fulfilling Fire Sales: Fragility of Collateralized Short-Term Debt Markets,10.1093/rfs/hhaa115,original_package_used,True,13052,31,False,False,False,False,False,False,True,False,False,False,True,True,True
54591104a8e1f1d9,RFS,2021,2021,Shareholder Perks and Firm Value,10.1093/rfs/hhaa141,original_package_used,True,15440,26,False,False,False,True,False,False,False,True,True,True,True,True,False
f84eb3bb8b9dd14e,RFS,2021,2021,Sharing the Pain? Credit Supply and Real Effects of Bank Bail-ins,10.1093/rfs/hhaa067,original_package_used,True,15147,17,False,False,False,True,True,True,False,True,False,False,True,False,True
962f50050a7e128c,RFS,2021,2021,Side Effects of Nudging: Evidence from a Randomized Intervention in the Credit Card Market,10.1093/rfs/hhaa108,original_package_used,True,10041,9,False,False,False,False,False,False,False,True,False,False,True,False,True
2ed366f02c7fd6cf,RFS,2021,2021,Skilled Labor Mobility and Firm Value: Evidence from Green Card Allocations,10.1093/rfs/hhab014,original_package_used,True,13853,26,False,False,False,True,False,False,False,True,False,False,True,True,True
1bac8cc5bc47a8b4,RFS,2021,2021,"Taper Tantrums: Quantitative Easing, Its Aftermath, and Emerging Market Capital Flows",10.1093/rfs/hhaa044,original_package_used,True,20216,20,False,False,False,True,False,True,False,True,True,False,True,True,True
a7faea3c8bbef4a5,RFS,2021,2021,Term Structure of Risk in Expected Returns,10.1093/rfs/hhab013,original_package_used,True,16648,23,False,False,False,True,False,True,True,True,False,False,True,True,True
858da0b83442f166,RFS,2021,2021,The Babies of Mortgage Market Deregulation,10.1093/rfs/hhaa073,original_package_used,True,16766,26,False,False,False,True,True,True,False,True,False,True,True,False,True
d67934eb491cf8e7,RFS,2021,2021,The Chinese Warrants Bubble: Evidence from Brokerage Account Records,10.1093/rfs/hhaa037,original_package_used,True,15547,19,False,False,False,True,True,False,True,True,False,True,True,True,False
e2b1241aad98577e,RFS,2021,2021,The Costs and Benefits of Shareholder Democracy: Gadflies and Low-Cost Activism,10.1093/rfs/hhaa128,original_package_used,True,13958,18,False,False,False,True,True,False,False,True,True,False,True,False,True
75379d3e7baddc56,RFS,2021,2021,The Economics of the Fed Put,10.1093/rfs/hhaa116,original_package_used,True,14267,23,False,False,False,True,False,False,False,True,False,False,True,False,True
752094cfa0fd6a68,RFS,2021,2021,The Effect of Bank Supervision and Examination on Risk Taking: Evidence from a Natural Experiment,10.1093/rfs/hhaa090,original_package_used,True,11482,12,False,False,False,True,True,True,False,True,True,True,True,False,True
92286cadff965b8d,RFS,2021,2021,The Effects of a Targeted Financial Constraint on the Housing Market,10.1093/rfs/hhab047,original_package_used,True,16434,19,False,False,False,True,True,True,True,True,False,False,True,False,True
00dc39c562f20d50,RFS,2021,2021,The Macroeconomics of Epidemics,10.1093/rfs/hhab040,original_package_used,True,12812,30,False,False,True,False,False,False,True,False,True,False,True,True,True
e233d1c4a88fb1e2,RFS,2021,2021,The Origins and Real Effects of the Gender Gap: Evidence from CEOs' Formative Years,10.1093/rfs/hhaa068,original_package_used,True,22369,42,False,False,False,True,False,False,True,True,False,True,True,True,True
60d05835d3416736,RFS,2021,2021,The PPP View of Multihorizon Currency Risk Premiums,10.1093/rfs/hhaa114,original_package_used,True,13817,32,False,False,False,True,False,False,True,True,False,False,True,True,True
f08e4c4173388540,RFS,2021,2021,The Price of Law: The Case of the Eurozone Collective Action Clauses,10.1093/rfs/hhaa140,original_package_used,True,11884,18,False,False,False,True,True,False,True,True,False,True,True,True,True
a20a93fa0093f8f0,RFS,2021,2021,The Rate of Return on Real Estate: Long-Run Micro-Level Evidence,10.1093/rfs/hhab028,original_package_used,True,11057,21,False,False,True,True,False,False,False,True,False,False,True,False,True
57805abaf3da5647,RFS,2021,2021,The Rise of Shadow Banking: Evidence from Capital Regulation,10.1093/rfs/hhaa106,original_package_used,True,16933,13,False,False,False,True,False,True,False,True,False,False,True,False,False
30e4c364fc00d8b5,RFS,2021,2021,The Skewness of the Stock Market over Long Horizons,10.1093/rfs/hhaa048,original_package_used,True,14325,29,False,False,False,True,False,False,True,True,True,False,True,True,True
cda33aed209f66b7,RFS,2021,2021,The Total Return and Risk to Residential Real Estate,10.1093/rfs/hhab042,original_package_used,True,14652,19,False,False,False,True,False,False,False,True,False,False,True,False,True
854b810684520882,RFS,2021,2021,The Whack-a-Mole Game: Tobin Taxes and Trading Frenzy,10.1093/rfs/hhaa135,original_package_used,True,10552,15,False,False,False,False,True,False,False,True,True,True,True,False,False
9450e933c7c412d8,RFS,2021,2021,The Yield Spread and Bond Return Predictability in Expansions and Recessions,10.1093/rfs/hhaa107,original_package_used,True,13067,23,False,False,False,True,False,True,True,True,True,False,True,True,True
189cb07dde9c0203,RFS,2021,2021,Thousands of Alpha Tests,10.1093/rfs/hhaa111,original_package_used,True,14009,26,False,False,False,True,False,True,True,True,True,False,True,False,True
5756102214601bf2,RFS,2021,2021,Tokenomics: Dynamic Adoption and Valuation,10.1093/rfs/hhaa089,original_package_used,True,18758,29,False,False,False,False,False,False,True,True,True,False,True,True,True
cd6d686da7625bf8,RFS,2021,2021,"Uncertainty, Investor Sentiment, and Innovation",10.1093/rfs/hhaa065,original_package_used,True,16220,18,False,False,False,False,False,False,True,False,False,False,True,True,True
019ad2b35956a3f6,RFS,2021,2021,Untangling the Value Premium with Labor Shares,10.1093/rfs/hhaa022,original_package_used,True,16824,21,False,False,False,True,False,False,True,True,False,False,True,True,True
451c17b4eb09b18c,RFS,2021,2021,User Interface and Firsthand Experience in Retail Investing,10.1093/rfs/hhaa127,original_package_used,True,12926,20,False,False,False,True,True,False,False,False,False,False,True,False,True
3634199e5ec242e5,RFS,2021,2021,Weak Governance by Informed Active Shareholders,10.1093/rfs/hhaa052,original_package_used,True,14776,22,False,False,False,False,False,False,True,True,True,False,True,True,True
4b5e919bd6522ab4,RFS,2021,2021,What Do Fund Flows Reveal about Asset Pricing Models and Investor Sophistication?,10.1093/rfs/hhaa045,original_package_used,True,13967,23,False,False,False,True,False,False,True,True,True,False,True,True,False
7ffab17da6996927,RFS,2021,2021,What If Dividends Were Tax-Exempt? Evidence from a Natural Experiment,10.1093/rfs/hhab010,original_package_used,True,13253,15,False,False,False,True,False,False,True,True,False,False,True,False,True
938cef29b5912f63,RFS,2021,2021,When Selling Becomes Viral: Disruptions in Debt Markets in the COVID-19 Crisis and the Fed's Response,10.1093/rfs/hhaa145,original_package_used,True,16516,19,False,False,False,False,False,False,False,True,False,True,True,False,True
8c64ce766b415e72,RFS,2021,2021,When a Master Dies: Speculation and Asset Float,10.1093/rfs/hhab006,original_package_used,True,15015,29,False,False,False,True,False,True,True,True,True,True,True,True,True
ae26567073846e6f,RFS,2021,2021,Who Is Afraid of BlackRock?,10.1093/rfs/hhaa081,original_package_used,True,16627,27,False,False,False,True,True,False,False,True,True,True,True,True,True
d4d86379215b801a,RFS,2021,2021,Why Does Equity Capital Flow out of High Tobin's q Industries?,10.1093/rfs/hhaa086,original_package_used,True,15039,15,False,False,False,True,False,False,False,True,True,True,True,True,True
2887afc9e69cbb7b,RFS,2021,2021,"Winners, Losers, and Regulators in a Derivatives Market Bubble",10.1093/rfs/hhaa058,original_package_used,True,12814,19,False,False,False,True,True,True,False,True,False,True,True,True,True
120db4a4947ea4cb,RFS,2022,2022,"A Fistful of Dollars: Financial Incentives, Peer Information, and Retirement Savings",10.1093/rfs/hhab088,original_package_used,True,15181,19,False,False,False,True,True,False,False,True,True,False,True,False,True
635103a709054192,RFS,2022,2022,A Model of Two Days: Discrete News and Asset Prices,10.1093/rfs/hhab080,original_package_used,True,17220,27,False,False,False,True,False,True,True,True,True,False,True,True,True
4c96331046c45f54,RFS,2022,2022,A Theory of Liquidity Spillover between Bond and CDS Markets,10.1093/rfs/hhab094,original_package_used,True,17076,33,False,False,False,False,False,False,True,True,True,False,True,True,True
0c5bf5cc862fe1ef,RFS,2022,2022,Acquiring Innovation under Information Frictions,10.1093/rfs/hhac006,original_package_used,True,17049,27,False,False,False,True,False,True,True,True,True,False,True,False,True
b4186dd3c2c53fa1,RFS,2022,2022,Activism and Takeovers,10.1093/rfs/hhab039,original_package_used,True,11707,24,False,False,False,False,False,False,False,False,False,False,True,True,True
1ffdb7e8dc5f5dd2,RFS,2022,2022,An Analytic Framework for Interpreting Investment Regressions in the Presence of Financial Constraints,10.1093/rfs/hhab130,original_package_used,True,16572,24,False,False,True,False,False,False,True,False,False,False,True,True,True
c5ec48bcbc94edfe,RFS,2022,2022,Asset Price Dynamics with Limited Attention,10.1093/rfs/hhab045,original_package_used,True,14373,24,False,False,False,True,False,True,True,True,False,False,True,False,True
2aa77ce4be71d36c,RFS,2022,2022,Asset Pricing with Fading Memory,10.1093/rfs/hhab086,original_package_used,True,19621,44,False,False,False,True,False,False,True,True,True,False,True,True,False
464424d411f2b667,RFS,2022,2022,Beyond Home Bias: International Portfolio Holdings and Information Heterogeneity,10.1093/rfs/hhab135,original_package_used,True,13205,14,False,False,False,True,False,False,True,True,True,True,True,False,True
0e40ad6385fabd40,RFS,2022,2022,Biased by Choice: How Financial Constraints Can Reduce Financial Mistakes,10.1093/rfs/hhab073,original_package_used,True,14931,16,False,False,False,True,False,False,False,True,True,True,True,False,True
b0cbb4e7fc14253d,RFS,2022,2022,Buy-Side Competition and Momentum Profits,10.1093/rfs/hhab016,original_package_used,True,12777,24,False,False,True,True,False,False,True,True,True,True,True,False,True
1b670d7f0f7542c0,RFS,2022,2022,Can Corporate Debt Foster Innovation and Growth?,10.1093/rfs/hhab129,original_package_used,True,16109,23,False,False,False,False,False,False,True,True,False,True,True,True,True
7c45af744deb5a82,RFS,2022,2022,Can Cross-Border Funding Frictions Explain Financial Integration Reversals?,10.1093/rfs/hhab009,original_package_used,True,14336,18,False,False,False,True,True,True,True,True,True,False,True,True,True
0be9cf34420b812b,RFS,2022,2022,Can Environmental Policy Encourage Technical Change? Emissions Taxes and R&D Investment in Polluting Firms,10.1093/rfs/hhac003,original_package_used,True,15178,23,False,False,False,True,False,False,False,True,True,False,True,True,False
627b4f9aa80ba976,RFS,2022,2022,Can Risk Be Shared across Investor Cohorts? Evidence from a Popular Savings Product,10.1093/rfs/hhac054,original_package_used,True,19731,28,False,False,False,True,True,False,True,True,False,False,True,False,True
264d66c2bcf2bca8,RFS,2022,2022,Can Shorts Predict Returns? A Global Perspective,10.1093/rfs/hhab079,original_package_used,True,14059,17,False,False,False,True,False,False,False,False,False,False,True,False,True
2c771ee1f962953a,RFS,2022,2022,"Capital Spillover, House Prices, and Consumer Spending: Quasi-Experimental Evidence from House Purchase Restrictions",10.1093/rfs/hhab091,original_package_used,True,14716,19,False,False,False,True,True,False,True,True,True,True,True,False,True
e2129e34274578ce,RFS,2022,2022,Commonality in Credit Spread Changes: Dealer Inventory and Intermediary Distress,10.1093/rfs/hhac004,original_package_used,True,14230,19,False,False,False,True,True,False,True,True,False,True,True,False,True
a1a89b183662a9b6,RFS,2022,2022,Comomentum: Inferring Arbitrage Activity from Return Correlations,10.1093/rfs/hhab117,original_package_used,True,11297,11,False,False,False,True,False,True,True,True,True,False,True,False,True
37439bf8dff54521,RFS,2022,2022,"Competing for Talent: Firms, Managers, and Social Networks",10.1093/rfs/hhab021,original_package_used,True,17513,22,False,False,True,True,True,True,True,True,True,True,True,False,True
37d7ae4cfd7775c0,RFS,2022,2022,Competition Links and Stock Returns,10.1093/rfs/hhab133,original_package_used,True,14646,25,False,False,False,True,False,False,False,True,True,False,True,True,False
69ac821416c73431,RFS,2022,2022,Conditional Dynamics and the Multihorizon Risk-Return Trade-Off,10.1093/rfs/hhab053,original_package_used,True,12584,23,False,False,False,True,False,False,True,True,False,False,True,True,False
962262c72fbba252,RFS,2022,2022,Conflicting Interests and the Effect of Fiduciary Duty: Evidence from Variable Annuities,10.1093/rfs/hhac047,original_package_used,True,18437,21,False,False,False,True,True,True,True,True,False,True,True,False,True
d113db8217f90237,RFS,2022,2022,"Consumers as Financiers: Consumer Surplus, Crowdfunding, and Initial Coin Offerings",10.1093/rfs/hhab058,original_package_used,True,11691,25,False,False,False,False,False,False,True,True,True,False,True,True,True
b374676daa6b8d9e,RFS,2022,2022,Consuming Dividends,10.1093/rfs/hhac010,original_package_used,True,19214,29,False,False,False,True,True,True,False,True,True,True,True,False,True
ef3c088300a8e881,RFS,2022,2022,Consumption Imputation Errors in Administrative Data,10.1093/rfs/hhab087,original_package_used,True,13978,21,False,False,True,True,False,True,False,False,False,True,True,False,True
442b7fc07479fb0f,RFS,2022,2022,Contractual Restrictions and Debt Traps,10.1093/rfs/hhab054,original_package_used,True,17383,40,False,False,False,False,False,False,True,True,True,False,True,True,True
e416e2ddbea7cfe1,RFS,2022,2022,Corporate ESG Profiles and Banking Relationships,10.1093/rfs/hhab125,original_package_used,True,15382,23,False,False,False,True,False,True,False,True,True,False,True,False,False
31cf975b9509074a,RFS,2022,2022,Countercyclical Labor Income Risk and Portfolio Choices over the Life Cycle,10.1093/rfs/hhab136,original_package_used,True,13854,28,False,False,False,True,False,True,True,True,True,False,True,False,True
25306a5ae1992b93,RFS,2022,2022,Covered Interest Parity Arbitrage,10.1093/rfs/hhac026,original_package_used,True,16083,19,False,False,False,False,True,False,True,True,False,False,True,False,True
9abf8c1790f92f1b,RFS,2022,2022,Credit Default Swaps around the World,10.1093/rfs/hhab092,original_package_used,True,15941,23,False,False,True,True,False,True,True,True,True,False,True,True,False
2f6f0a65910bfc7a,RFS,2022,2022,Credit Ratings and Market Information,10.1093/rfs/hhac005,original_package_used,True,17989,35,False,False,False,False,False,False,True,True,True,False,True,True,True
1321b3a5448f56e5,RFS,2022,2022,Credit Supply and Housing Speculation,10.1093/rfs/hhab034,original_package_used,True,14364,21,False,False,False,True,False,True,False,True,False,False,True,False,True
e79a8943bd98265e,RFS,2022,2022,Creditor Control of Corporate Acquisitions,10.1093/rfs/hhab075,original_package_used,True,11282,18,False,False,False,True,False,False,False,False,False,True,True,True,False
3b03485f09a0c3ea,RFS,2022,2022,Cross-Border Bank Flows and Monetary Policy,10.1093/rfs/hhab019,original_package_used,True,14652,23,False,False,True,True,False,True,False,True,True,True,True,True,True
af921709474f455a,RFS,2022,2022,Crowded Trades and Tail Risk,10.1093/rfs/hhab107,original_package_used,True,15282,13,False,False,False,True,False,False,False,False,False,False,True,False,True
5e56973af8b1fd36,RFS,2022,2022,Dark Pool Trading and Information Acquisition,10.1093/rfs/hhab098,original_package_used,True,12792,17,False,False,False,True,False,False,False,True,True,True,True,True,False
4510ee4d3a0f0564,RFS,2022,2022,Decentralizing Money: Bitcoin Prices and Blockchain Security,10.1093/rfs/hhaa149,original_package_used,True,13823,36,False,False,False,False,True,False,True,False,False,False,True,True,False
29624acc489df13b,RFS,2022,2022,Decision Weights for Experimental Asset Prices Based on Visual Salience,10.1093/rfs/hhac027,original_package_used,True,12472,19,False,False,False,False,False,True,True,True,False,False,True,False,True
bed1d5b80c3f5041,RFS,2022,2022,Director Appointments: It Is Who You Know,10.1093/rfs/hhab064,original_package_used,True,17758,21,False,False,True,True,False,False,False,False,True,False,True,True,True
1eb7d8156a322277,RFS,2022,2022,Disagreement in the Equity Options Market and Stock Returns,10.1093/rfs/hhab078,original_package_used,True,12011,26,False,False,False,True,False,False,True,True,True,False,True,True,False
a687a93341bc09d3,RFS,2022,2022,Distortions and Efficiency in Production Economies with Heterogeneous Beliefs,10.1093/rfs/hhab068,original_package_used,True,13111,19,False,False,False,False,False,False,True,False,False,True,True,True,False
c7953e21c8419ac8,RFS,2022,2022,Do Index Funds Monitor?,10.1093/rfs/hhab023,original_package_used,True,14903,18,False,False,True,True,False,True,False,True,False,False,True,True,True
bc066c0edf2bb271,RFS,2022,2022,Do Investment-Based Models Explain Equity Returns? Evidence from Euler Equations,10.1093/rfs/hhab099,original_package_used,True,14667,22,False,False,False,True,False,True,True,True,True,False,True,True,False
55cb533437933541,RFS,2022,2022,Does Career Risk Deter Potential Entrepreneurs?,10.1093/rfs/hhab105,original_package_used,True,16309,22,False,False,False,True,False,True,False,True,True,True,True,False,True
b488c828bd678f09,RFS,2022,2022,Dynamics of Research and Strategic Trading,10.1093/rfs/hhab029,original_package_used,True,17383,22,False,False,True,False,False,False,True,True,False,False,True,True,True
00facdbd04a6ba62,RFS,2022,2022,Efficiency of Dynamic Portfolio Choices: An Experiment,10.1093/rfs/hhab071,original_package_used,True,7659,13,False,False,False,False,False,False,False,True,True,False,True,True,True
6fff593277b785a5,RFS,2022,2022,"Exchange Competition, Entry, and Welfare",10.1093/rfs/hhab101,original_package_used,True,15844,27,False,False,True,False,False,False,True,True,True,False,True,True,True
49d458dc21a22889,RFS,2022,2022,Extrapolative Bubbles and Trading Volume,10.1093/rfs/hhab070,original_package_used,True,14287,20,False,False,False,True,True,False,True,True,False,True,True,False,False
d5d11fececb00ac0,RFS,2022,2022,Financial Constraints and Corporate Environmental Policies,10.1093/rfs/hhab056,original_package_used,True,16874,18,False,False,False,True,True,True,False,True,False,True,True,False,True
8b7d3584d9582dbb,RFS,2022,2022,Fiscal Cyclicality and Currency Risk Premia,10.1093/rfs/hhab061,original_package_used,True,8668,16,False,False,False,False,False,False,True,True,True,False,True,False,True
cf9a69cbc8375825,RFS,2022,2022,Foreign Exchange Volume,10.1093/rfs/hhab095,original_package_used,True,13244,22,False,False,True,True,False,False,True,True,True,False,True,False,True
d9dbbc94614aa6c7,RFS,2022,2022,Global Portfolio Rebalancing and Exchange Rates,10.1093/rfs/hhac023,original_package_used,True,16173,23,False,False,False,True,False,False,True,True,True,True,True,True,False
f683da0039a7bbb1,RFS,2022,2022,Going Underwater? Flood Risk Belief Heterogeneity and Coastal Home Price Dynamics,10.1093/rfs/hhab122,original_package_used,True,14724,16,False,False,False,False,False,False,True,True,False,True,True,False,False
61d54df8b914ea71,RFS,2022,2022,Group-Managed Real Options,10.1093/rfs/hhab100,original_package_used,True,16469,27,False,False,False,False,True,False,True,False,False,False,True,True,True
63f8bf46006bf642,RFS,2022,2022,Housing Consumption and Investment: Evidence from Shared Equity Mortgages,10.1093/rfs/hhab119,original_package_used,True,17858,20,False,False,False,True,False,False,False,True,False,False,True,False,True
9c0e748c9c165f3d,RFS,2022,2022,How Global Is Your Mutual Fund? International Diversification from Multinationals,10.1093/rfs/hhab103,original_package_used,True,11274,27,False,False,False,True,False,False,True,True,True,True,True,False,False
93ae4f9619fc849b,RFS,2022,2022,How Should Performance Signals Affect Contracts?,10.1093/rfs/hhab026,original_package_used,True,15963,18,False,False,False,False,False,False,True,False,True,False,True,False,True
c99effb294294978,RFS,2022,2022,Inflating Away the Public Debt? An Empirical Assessment,10.1093/rfs/hhab018,original_package_used,True,15752,24,False,False,False,True,False,False,True,True,False,False,True,False,True
7d186748f3fd1f72,RFS,2022,2022,Insurers as Asset Managers and Systemic Risk,10.1093/rfs/hhac056,original_package_used,True,16925,23,False,False,False,True,True,False,True,False,True,True,True,False,True
dd8b3c8e1e0138d0,RFS,2022,2022,Intermediaries and Asset Prices: International Evidence since 1870,10.1093/rfs/hhab077,original_package_used,True,11013,24,False,False,False,True,False,True,True,True,True,True,True,False,True
26bea1c0d5eea393,RFS,2022,2022,Lest We Forget: Learn from Out-of-Sample Forecast Errors When Optimizing Portfolios,10.1093/rfs/hhab041,original_package_used,True,19487,33,False,False,True,True,False,True,False,True,True,False,True,False,True
c910ea2c00c87b90,RFS,2022,2022,Macroeconomic Attention and Announcement Risk Premia,10.1093/rfs/hhac011,original_package_used,True,10184,14,False,False,False,False,False,False,False,True,True,False,True,False,True
0c87b641341a5419,RFS,2022,2022,Managing Households’ Expectations with Unconventional Policies,10.1093/rfs/hhab083,original_package_used,True,15247,28,False,False,False,True,True,True,True,True,False,True,True,False,True
69e2efb1e7d8aa90,RFS,2022,2022,Markets versus Mechanisms,10.1093/rfs/hhab131,original_package_used,True,13797,19,False,False,False,False,True,False,True,False,True,True,True,False,True
bebf0466572561c7,RFS,2022,2022,Methodological Variation in Empirical Corporate Finance,10.1093/rfs/hhab030,original_package_used,True,13210,21,False,False,False,True,False,True,False,True,True,False,True,True,True
6130e5cff5c041f9,RFS,2022,2022,Missing Novelty in Drug Development,10.1093/rfs/hhab024,original_package_used,True,16301,20,False,False,False,True,False,True,True,True,True,True,True,False,True
8cc7d5d03df569a0,RFS,2022,2022,Monetary Policy Risk: Rules versus Discretion,10.1093/rfs/hhab090,original_package_used,True,13089,27,False,False,False,True,False,True,True,True,False,False,True,True,True
13e262db76e872e5,RFS,2022,2022,Moral Hazard during the Housing Boom: Evidence from Private Mortgage Insurance,10.1093/rfs/hhab060,original_package_used,True,15584,14,False,False,False,True,True,False,True,True,True,True,True,False,True
1a848695b63b591e,RFS,2022,2022,Mutual Fund Liquidity Transformation and Reverse Flight to Liquidity,10.1093/rfs/hhac007,original_package_used,True,12601,14,False,False,False,True,False,False,False,True,False,False,True,False,True
6ae6ecd6991ece98,RFS,2022,2022,Opioid Crisis Effects on Municipal Finance,10.1093/rfs/hhab066,original_package_used,True,17753,26,False,False,True,True,False,True,False,True,True,False,True,False,True
afd7d0ce8b38b087,RFS,2022,2022,Option Return Predictability,10.1093/rfs/hhab067,original_package_used,True,13321,24,False,False,False,True,False,False,True,True,True,True,True,False,True
6f28022c493ba625,RFS,2022,2022,Order Flows and Financial Investor Impacts in Commodity Futures Markets,10.1093/rfs/hhac008,original_package_used,True,14552,21,False,False,False,True,False,False,False,True,False,False,True,False,True
c8a0bdd4b40bc809,RFS,2022,2022,Outraged by Compensation: Implications for Public Pension Performance,10.1093/rfs/hhab109,original_package_used,True,16230,36,False,False,False,True,True,True,True,True,False,True,True,True,True
44fb4e7dc17f51ed,RFS,2022,2022,Peer Effects in Corporate Governance Practices: Evidence from Universal Demand Laws,10.1093/rfs/hhab025,original_package_used,True,11896,23,False,False,False,True,True,True,False,True,True,True,True,True,True
5da322fe2dcf54f8,RFS,2022,2022,Persistent Blessings of Luck: Theory and an Application to Venture Capital,10.1093/rfs/hhab049,original_package_used,True,14759,31,False,False,False,False,False,False,True,False,True,True,True,True,False
c32bdc996666a810,RFS,2022,2022,Political Determinants of Competition in the Mobile Telecommunication Industry,10.1093/rfs/hhab074,original_package_used,True,8998,24,False,False,False,True,True,False,True,True,False,False,True,False,True
ce64a8ca6676df1e,RFS,2022,2022,"Private Information, Securities Lending, and Asset Prices",10.1093/rfs/hhab043,original_package_used,True,18101,27,False,False,False,False,False,False,True,True,True,True,True,True,True
570e52ac384830ad,RFS,2022,2022,Product Life Cycles in Corporate Finance,10.1093/rfs/hhab134,original_package_used,True,16443,22,False,False,True,True,False,True,True,False,True,False,True,False,True
5e92208210d8490c,RFS,2022,2022,"Public Debt, Consumption Growth, and the Slope of the Term Structure",10.1093/rfs/hhab123,original_package_used,True,11932,20,False,False,False,True,False,False,True,True,True,False,True,False,True
bd51142ebb34d6b3,RFS,2022,2022,Quick or Broad Patents? Evidence from U.S. Startups,10.1093/rfs/hhab097,original_package_used,True,13320,24,False,False,False,True,True,True,False,True,True,False,True,True,True
7c3a559534e36e46,RFS,2022,2022,Ratings-Driven Demand and Systematic Price Fluctuations,10.1093/rfs/hhab104,original_package_used,True,15211,32,False,False,False,True,True,True,False,True,True,True,True,True,True
1bfadc412df90cd3,RFS,2022,2022,Reconsidering Returns,10.1093/rfs/hhab015,original_package_used,True,19853,19,False,False,False,True,False,False,True,True,False,False,True,True,True
cd33f80a655a8906,RFS,2022,2022,Regressive Mortgage Credit Redistribution in the Post-Crisis Era,10.1093/rfs/hhab008,original_package_used,True,15201,20,False,False,True,True,False,False,False,True,True,True,True,False,True
fddc0caef5a8e949,RFS,2022,2022,Regulatory Forbearance in the U.S. Insurance Industry: The Effects of Removing Capital Requirements for an Asset Class,10.1093/rfs/hhab102,original_package_used,True,14829,20,False,False,False,True,False,False,False,True,False,False,True,True,False
7d80c349c5bc8747,RFS,2022,2022,"Replicating Private Equity with Value Investing, Homemade Leverage, and Hold-to-Maturity Accounting",10.1093/rfs/hhab020,original_package_used,True,16353,18,False,False,False,True,False,True,True,True,False,False,True,True,True
da588649057c6571,RFS,2022,2022,Risk Price Variation: The Missing Half of Empirical Asset Pricing,10.1093/rfs/hhac012,original_package_used,True,20199,24,False,False,False,True,False,True,True,True,True,True,True,True,False
cc671ec9ce27fa01,RFS,2022,2022,"Selection, Leverage, and Default in the Mortgage Market",10.1093/rfs/hhab052,original_package_used,True,17852,25,False,False,False,True,True,True,True,True,True,False,True,False,True
d768ea232034fee4,RFS,2022,2022,Short-Termism Spillovers from the Financial Industry,10.1093/rfs/hhab108,original_package_used,True,20562,25,False,False,False,True,False,False,True,True,True,True,True,True,True
4247a3ed27244215,RFS,2022,2022,Short-term Momentum,10.1093/rfs/hhab055,original_package_used,True,13385,26,False,False,False,True,False,False,True,True,True,False,True,True,False
842bfd31dda39726,RFS,2022,2022,Small Bank Lending in the Era of Fintech and Shadow Banks: A Sideshow?,10.1093/rfs/hhac038,original_package_used,True,12946,20,False,False,True,True,False,False,False,False,False,False,True,True,False
db51d17032924d94,RFS,2022,2022,Social Proximity to Capital: Implications for Investors and Firms,10.1093/rfs/hhab111,original_package_used,True,12992,21,False,False,False,True,True,True,False,True,False,True,True,True,True
185c2d8a461a1715,RFS,2022,2022,Socially Responsible Investing in Good and Bad Times,10.1093/rfs/hhab072,original_package_used,True,10686,20,False,False,False,True,False,False,False,True,True,False,True,False,True
8f4f40330012dded,RFS,2022,2022,"Sovereign Risk, Currency Risk, and Corporate Balance Sheets",10.1093/rfs/hhac001,original_package_used,True,12991,15,False,False,False,False,False,False,True,True,False,False,True,False,True
d2e3a4c0aaa10b90,RFS,2022,2022,"Stock Return Extrapolation, Option Prices, and Variance Risk Premium",10.1093/rfs/hhab051,original_package_used,True,15409,14,False,False,False,False,False,False,True,True,False,False,True,True,True
cbb9f934bd3cdfc5,RFS,2022,2022,Subjective Bond Returns and Belief Aggregation,10.1093/rfs/hhab115,original_package_used,True,9913,18,False,False,False,True,False,False,True,False,False,True,True,False,False
9c335fa4df6acd2f,RFS,2022,2022,Swing Pricing and Fragility in Open-End Mutual Funds,10.1093/rfs/hhab022,original_package_used,True,17471,17,False,False,False,True,True,False,False,True,True,False,True,True,False
1d8a4332f2689fe6,RFS,2022,2022,The Cross-Section of Bank Value,10.1093/rfs/hhab089,original_package_used,True,16074,25,False,False,True,True,True,True,True,False,True,False,True,False,True
e8949e463d80c9b0,RFS,2022,2022,The Equilibrium Consequences of Indexing,10.1093/rfs/hhab106,original_package_used,True,17645,40,False,False,False,False,False,False,True,True,False,False,True,True,True
0a31848421b60d50,RFS,2022,2022,The Geography of Value Creation,10.1093/rfs/hhab128,original_package_used,True,15406,25,False,False,False,True,False,False,False,True,True,False,True,True,False
4b88fe5e6103266f,RFS,2022,2022,"The Good, the Bad, and the Missed Boom",10.1093/rfs/hhac014,original_package_used,True,11262,37,False,False,True,False,False,False,True,False,False,False,True,True,True
ea89599cc4a3a598,RFS,2022,2022,The Life Cycle Effects of Corporate Takeover Defenses,10.1093/rfs/hhab113,original_package_used,True,17769,27,False,False,False,True,False,True,False,True,True,False,True,True,False
843100a979a364a1,RFS,2022,2022,The Market Risk Premium for Unsecured Consumer Credit Risk,10.1093/rfs/hhac002,original_package_used,True,15449,23,False,False,False,True,False,True,True,True,True,True,True,False,True
a8794fd268865491,RFS,2022,2022,The Momentum Gap and Return Predictability,10.1093/rfs/hhab093,original_package_used,True,12609,16,False,False,True,True,False,True,False,True,True,False,True,True,True
31eefa94a2d48ecb,RFS,2022,2022,The Oligopoly Lucas Tree,10.1093/rfs/hhab120,original_package_used,True,21971,18,False,False,False,True,False,False,True,False,False,True,True,True,True
1643a86220ad23b2,RFS,2022,2022,The Party Structure of Mutual Funds,10.1093/rfs/hhab082,original_package_used,True,13452,24,False,False,False,True,False,False,True,False,True,False,True,False,True
9ae1c3084e734b93,RFS,2022,2022,The Real Effects of Secondary Market Trading Structure: Evidence from the Mortgage Market,10.1093/rfs/hhab116,original_package_used,True,15821,25,False,False,False,True,True,False,False,True,True,True,True,True,False
35ea1e72c89a82f5,RFS,2022,2022,The Relationship Dilemma: Why Do Banks Differ in the Pace at Which They Adopt New Technology?,10.1093/rfs/hhab118,original_package_used,True,17903,28,False,False,True,True,True,False,False,False,False,True,True,False,True
a328bd08212aa806,RFS,2022,2022,The Return Expectations of Public Pension Funds,10.1093/rfs/hhab126,original_package_used,True,16711,15,False,False,False,False,False,False,False,False,False,True,True,False,False
1ee4b8be87716959,RFS,2022,2022,The Rise of Finance Companies and FinTech Lenders in Small Business Lending,10.1093/rfs/hhac034,original_package_used,True,15302,20,False,False,False,True,True,True,False,True,True,False,True,False,True
ef3af86d4db691f5,RFS,2022,2022,The State Price Density Implied by Crude Oil Futures and Option Prices,10.1093/rfs/hhab011,original_package_used,True,11892,21,False,False,False,True,False,True,False,False,False,False,True,False,True
ff2fa610766344f4,RFS,2022,2022,The Unintended Consequences of Corporate Bond ETFs: Evidence from the Taper Tantrum,10.1093/rfs/hhab031,original_package_used,True,10667,10,False,False,False,True,False,False,False,True,False,False,True,True,False
bf732b26d2dac63d,RFS,2022,2022,The Use and Misuse of Patent Data: Issues for Finance and Beyond,10.1093/rfs/hhab084,original_package_used,True,15630,20,False,False,False,True,False,False,False,True,True,False,False,True,True
8585b8369fcae5ca,RFS,2022,2022,Too Much Skin-in-the-Game? The Effect of Mortgage Market Concentration on Credit and House Prices,10.1093/rfs/hhab027,original_package_used,True,18779,45,False,False,True,True,False,False,True,True,True,False,True,True,True
edc4832ac14097b1,RFS,2022,2022,Trust and Insurance Contracts,10.1093/rfs/hhab112,original_package_used,True,13400,24,False,False,False,True,False,False,True,True,False,False,True,True,False
86e03a15fca6bc5b,RFS,2022,2022,Understanding Cash Flow Risk,10.1093/rfs/hhab127,original_package_used,True,19504,32,False,False,False,True,False,True,True,True,True,False,True,True,True
613c43276f8ed4a7,RFS,2022,2022,Unemployment Insurance as a Subsidy to Risky Firms,10.1093/rfs/hhac013,original_package_used,True,18673,22,False,False,False,True,True,False,False,True,True,False,True,True,False
9cb5fc069a9fa187,RFS,2022,2022,Volatility Risk Pass-Through,10.1093/rfs/hhab096,original_package_used,True,13632,21,False,False,False,True,False,True,True,True,True,False,True,True,True
fa0312b393ad563f,RFS,2022,2022,What Do Mutual Fund Investors Really Care About?,10.1093/rfs/hhab081,original_package_used,True,19139,28,False,False,True,True,False,True,True,True,True,False,True,True,True
669f8312d527b2fc,RFS,2022,2022,"What Moves Stock Prices? The Roles of News, Noise, and Information",10.1093/rfs/hhab137,original_package_used,True,16145,23,False,False,False,True,False,True,True,True,False,False,True,True,True
33327a6469aa7430,RFS,2022,2022,When FinTech Competes for Payment Flows,10.1093/rfs/hhac022,original_package_used,True,15780,23,False,False,False,True,False,False,True,True,False,False,True,False,True
3ee67a844f4034de,RFS,2022,2022,When Shareholders Disagree: Trading after Shareholder Meetings,10.1093/rfs/hhab059,original_package_used,True,18604,30,False,False,False,True,True,False,True,True,True,True,True,True,False
e9998404800c82ec,RFS,2022,2022,Where Has All the Data Gone?,10.1093/rfs/hhab110,original_package_used,True,13155,31,False,False,False,True,False,True,True,True,True,False,True,True,True
2f2044bae1b283c2,RFS,2022,2022,Why Do Firms Borrow Directly from Nonbanks?,10.1093/rfs/hhac016,original_package_used,True,15275,16,False,False,False,True,False,False,True,False,False,False,True,True,False
684a299e97538dc9,RFS,2022,2022,Zombies at Large? Corporate Debt Overhang and the Macroeconomy,10.1093/rfs/hhac018,original_package_used,True,9742,15,False,False,False,True,True,True,False,True,True,False,True,False,True
734d40841112b1f3,RFS,2023,2023,A Model-Free Term Structure of U.S. Dividend Premiums,10.1093/rfs/hhac035,original_package_used,True,10522,17,False,False,False,True,False,True,True,True,True,False,True,True,False
33a4945488f6eb3b,RFS,2023,2023,A Quantitative Model of Dynamic Moral Hazard,10.1093/rfs/hhac059,original_package_used,True,18160,34,False,False,False,True,False,True,True,True,False,False,True,True,True
710aed017e5bfa7c,RFS,2023,2023,Adjusting to Macroprudential Policies: Loan-to-Value Limits and Housing Choice,10.1093/rfs/hhad035,original_package_used,True,13825,28,False,False,False,True,True,True,False,True,True,False,True,True,True
398269c15bc71ce9,RFS,2023,2023,Advising the Management: A Theory of Shareholder Engagement,10.1093/rfs/hhac061,original_package_used,True,17610,27,False,False,False,False,False,False,True,True,True,False,True,True,False
c8178a662e2c2324,RFS,2023,2023,Are CLO Collateral and Tranche Ratings Disconnected?,10.1093/rfs/hhac078,original_package_used,True,14623,20,False,False,False,True,False,True,True,True,False,False,True,False,False
9e7e3bca760d1840,RFS,2023,2023,Are Intermediary Constraints Priced?,10.1093/rfs/hhac050,original_package_used,True,16102,20,False,False,False,True,False,False,True,True,True,False,True,False,True
f35a8d5470d548e1,RFS,2023,2022,Bank Bonus Pay as a Risk Sharing Contract,10.1093/rfs/hhac030,original_package_used_relocated_from_source_folder_year,True,15469,18,False,False,True,True,True,False,True,True,True,False,True,False,True
314ff2fccf4e867a,RFS,2023,2023,Benchmarking Intensity,10.1093/rfs/hhac055,original_package_used,True,15745,17,False,False,False,True,False,False,True,False,True,True,True,True,True
a445aadc7c6e63af,RFS,2023,2023,Climate Risk Disclosure and Institutional Investors,10.1093/rfs/hhad002,original_package_used,True,10317,15,False,False,False,True,True,False,True,True,False,False,True,True,True
79c0decb3eef02c4,RFS,2023,2023,Competition for Attention in the ETF Space,10.1093/rfs/hhac048,original_package_used,True,19679,36,False,False,False,True,False,False,False,True,True,False,True,True,True
044350e894172483,RFS,2023,2023,Connected Funds,10.1093/rfs/hhad030,original_package_used,True,13587,17,False,False,False,True,True,False,True,True,False,False,True,False,True
4bae1e9a3b2b5ead,RFS,2023,2023,Corporate Capture of Blockchain Governance,10.1093/rfs/hhac051,original_package_used,True,14842,31,False,False,True,False,True,False,True,True,True,True,True,True,False
a21299a56b7713fe,RFS,2023,2023,Counterparty Risk: Implications for Network Linkages and Asset Prices,10.1093/rfs/hhac044,original_package_used,True,18694,25,False,False,False,True,False,False,True,False,True,True,True,False,False
490c00548181b67c,RFS,2023,2023,Credit Building or Credit Crumbling? A Credit Builder Loan’s Effects on Consumer Behavior and Market Efficiency in the United States,10.1093/rfs/hhac060,original_package_used,True,11519,14,False,False,False,True,True,False,False,True,False,True,True,False,True
83f2838c115f3865,RFS,2023,2022,Cybersecurity Risk,10.1093/rfs/hhac024,original_package_used_relocated_from_source_folder_year,True,16460,36,False,False,True,True,False,True,False,True,True,True,True,True,True
128a2c96d3714689,RFS,2023,2023,Deposit Insurance and Depositor Behavior: Evidence from Colombia,10.1093/rfs/hhac092,original_package_used,True,13830,20,False,False,False,True,True,False,True,True,True,True,True,False,True
6ed1362a6204adc8,RFS,2023,2023,Designing Securities for Scrutiny,10.1093/rfs/hhad013,original_package_used,True,17837,27,False,False,True,False,False,False,True,False,True,False,True,True,True
417305eb47a397e8,RFS,2023,2023,Disloyal Managers and Shareholders’ Wealth,10.1093/rfs/hhac070,original_package_used,True,14531,18,False,False,False,False,False,False,False,True,True,True,True,True,True
6134c220f900954e,RFS,2023,2023,Do Cash Windfalls Affect Wages? Evidence from R&D Grants to Small Firms,10.1093/rfs/hhac076,original_package_used,True,14518,22,False,False,False,True,True,True,False,True,False,True,True,False,True
ee7bfce8bb3582f9,RFS,2023,2023,Do Corporate Disclosures Constrain Strategic Analyst Behavior?,10.1093/rfs/hhad008,original_package_used,True,17974,27,False,False,False,True,True,True,False,False,False,True,True,True,True
33797d0dbbdc61b3,RFS,2023,2023,Do Corporations Retain Too Much Cash? Evidence from a Natural Experiment,10.1093/rfs/hhac094,original_package_used,True,14285,26,False,False,False,True,True,True,False,True,True,True,True,True,True
7a5f50ab4d3fdb3e,RFS,2023,2023,Do Investors Care about Impact?,10.1093/rfs/hhac066,original_package_used,True,18288,30,False,False,False,True,False,True,False,True,True,True,True,True,True
145ee637bc3c7f2c,RFS,2023,2022,Do Temporary Demand Shocks Have Long-Term Effects for Startups?,10.1093/rfs/hhac028,original_package_used_relocated_from_source_folder_year,True,12545,22,False,False,False,True,True,True,False,True,True,True,True,False,True
c9a39ffbe2fa9fe9,RFS,2023,2022,Do Wall Street Landlords Undermine Renters’ Welfare?,10.1093/rfs/hhac017,original_package_used_relocated_from_source_folder_year,True,18224,20,False,False,False,True,True,True,True,True,False,False,True,False,True
032f3e65fab0ed3d,RFS,2023,2023,Does the Federal Reserve Obtain Competitive and Appropriate Prices in Monetary Policy Implementation?,10.1093/rfs/hhad032,original_package_used,True,17376,17,False,False,False,True,True,False,True,True,True,False,True,True,True
d2ffe8d267fe5890,RFS,2023,2023,Dollar and Exports,10.1093/rfs/hhad005,original_package_used,True,13541,15,False,False,True,False,False,False,False,True,True,True,True,False,True
e1819d34572a2af6,RFS,2023,2023,ES Risks and Shareholder Voice,10.1093/rfs/hhad033,original_package_used,True,14569,16,False,False,False,True,False,True,False,True,False,False,True,True,True
cbf2a7351890c508,RFS,2023,2023,Echo Chambers,10.1093/rfs/hhac058,original_package_used,True,15413,16,False,False,False,True,True,False,False,True,False,True,True,False,True
7c301f7227e36ab3,RFS,2023,2023,Estimating General Equilibrium Spillovers of Large-Scale Shocks,10.1093/rfs/hhac057,original_package_used,True,14789,33,False,False,True,True,True,True,True,True,False,True,True,False,True
2fba6ad4c2371e73,RFS,2023,2023,Exchange-Traded Funds and Real Investment,10.1093/rfs/hhac043,original_package_used,True,16543,28,False,False,False,True,False,False,True,True,True,True,True,True,True
7648ee88461d19d6,RFS,2023,2023,Factor Momentum,10.1093/rfs/hhad006,original_package_used,True,12885,20,False,False,False,True,False,False,False,True,False,False,True,False,True
a58953899212e344,RFS,2023,2023,Field of Study and Financial Problems: How Economics Reduces the Risk of Default,10.1093/rfs/hhad034,original_package_used,True,14146,19,False,False,False,True,True,True,False,True,True,True,True,False,True
a8ad4db8c70c9bfd,RFS,2023,2023,Financial Crises and the Transmission of Monetary Policy to Consumer Credit Markets,10.1093/rfs/hhad036,original_package_used,True,13355,21,False,False,False,True,True,True,True,True,True,True,True,False,True
5f092ad92aba5004,RFS,2023,2023,Financial Disruptions and the Organization of Innovation: Evidence from the Great Depression,10.1093/rfs/hhad023,original_package_used,True,19184,19,False,False,True,True,True,False,False,True,False,False,True,False,True
4d9f441439609f99,RFS,2023,2023,Financial Market Ethics,10.1093/rfs/hhac015,original_package_used,True,15865,22,False,False,True,False,False,False,True,False,False,True,True,True,True
f056575119f00f7e,RFS,2023,2023,Financing Competitors: Shadow Banks’ Funding and Mortgage Market Competition,10.1093/rfs/hhad031,original_package_used,True,16442,17,False,False,False,True,True,False,True,False,False,False,True,False,False
f2243c7308cdfcac,RFS,2023,2023,Finding Fortune: How Do Institutional Investors Pick Asset Managers?,10.1093/rfs/hhac090,original_package_used,True,20335,25,False,False,False,True,True,False,True,True,True,True,True,True,True
01a21f703ef0c84a,RFS,2023,2023,"Firm-Level Exposure to Epidemic Diseases: COVID-19, SARS, and H1N1",10.1093/rfs/hhad044,original_package_used,True,15707,24,False,False,False,True,False,True,False,True,True,True,True,False,True
aabd5f316d841465,RFS,2023,2023,Freeze! Financial Sanctions and Bank Responses,10.1093/rfs/hhad043,original_package_used,True,15966,24,False,False,False,True,True,True,False,True,True,False,True,False,True
d40ba7f99d746523,RFS,2023,2023,From Market Making to Matchmaking: Does Bank Regulation Harm Market Liquidity?,10.1093/rfs/hhac068,original_package_used,True,16439,28,False,False,True,False,False,False,True,False,True,False,True,True,True
ee87f30867a14328,RFS,2023,2023,High Inflation: Low Default Risk and Low Equity Valuations,10.1093/rfs/hhac021,original_package_used,True,20864,47,False,False,False,True,False,False,True,True,True,False,True,True,True
002d7fd4cb5b404f,RFS,2023,2023,Horizon Bias and the Term Structure of Equity Returns,10.1093/rfs/hhac032,original_package_used,True,12961,36,False,False,False,True,False,True,False,True,True,False,True,True,True
0df2591991c88afe,RFS,2023,2023,How ETFs Amplify the Global Financial Cycle in Emerging Markets,10.1093/rfs/hhad014,original_package_used,True,13915,17,False,False,False,True,True,True,False,True,True,True,True,False,True
f27c58215af81f8f,RFS,2023,2023,How Fast Do Investors Learn? Asset Management Investors and Bayesian Learning,10.1093/rfs/hhac086,original_package_used,True,12741,18,False,False,False,True,False,False,True,False,False,False,True,False,True
d4390239252889ba,RFS,2023,2023,How Has COVID-19 Impacted Research Production in Economics and Finance?,10.1093/rfs/hhac087,original_package_used,True,11490,10,False,False,False,True,False,False,False,False,True,False,True,False,True
fd5164ce75bca703,RFS,2023,2023,How Large Are Bequest Motives? Estimates Based on Health Shocks,10.1093/rfs/hhac093,original_package_used,True,14207,28,False,False,False,True,True,True,True,True,True,True,True,True,True
6e1e5da469ddd381,RFS,2023,2023,How to Talk When a Machine Is Listening: Corporate Disclosure in the Age of AI,10.1093/rfs/hhad021,original_package_used,True,14096,20,False,False,False,True,False,False,True,True,False,False,True,True,True
3d58705be14dae2c,RFS,2023,2023,Human Capital Investment after the Storm,10.1093/rfs/hhad003,original_package_used,True,12580,13,False,False,False,True,True,True,False,True,False,True,True,False,True
68c49c75d0dab9a0,RFS,2023,2023,Illiquidity and Higher Cumulants,10.1093/rfs/hhac069,original_package_used,True,11655,22,False,False,True,False,False,False,True,False,False,False,True,True,True
dabc5243cb1ee529,RFS,2023,2022,Import Penetration and Executive Compensation,10.1093/rfs/hhac020,original_package_used_relocated_from_source_folder_year,True,10879,20,False,False,False,True,False,True,False,False,False,False,True,True,True
8b1cbe51f6ca0347,RFS,2023,2023,Inflation and Individual Investors’ Behavior: Evidence from the German Hyperinflation,10.1093/rfs/hhad047,original_package_used,True,12209,21,False,False,False,True,True,False,False,True,True,True,True,False,True
4b1635f76dc7c082,RFS,2023,2023,Information versus Investment,10.1093/rfs/hhac052,original_package_used,True,15510,24,False,False,False,True,False,True,True,True,False,False,True,False,True
cac565003102545f,RFS,2023,2023,Intellectual Property Rights and Debt Financing,10.1093/rfs/hhac067,original_package_used,True,11916,22,False,False,False,True,True,True,False,True,True,True,True,False,True
f3241cfd0565cda9,RFS,2023,2023,International Portfolio Choice with Frictions: Evidence from Mutual Funds,10.1093/rfs/hhad027,original_package_used,True,13417,22,False,False,False,True,False,False,True,True,True,False,True,True,True
28fbb722a5271e5a,RFS,2023,2023,Is There Investment Value in the Soft-Dollar Arrangement? Evidence from Mutual Funds,10.1093/rfs/hhad010,original_package_used,True,14329,20,False,False,False,True,False,True,False,True,True,False,True,True,False
fdd917eb422ed7d7,RFS,2023,2022,"It Takes Two to Borrow: The Effects of the Equal Credit Opportunity Act on Housing, Credit, and Labor Market Decisions of Married Couples",10.1093/rfs/hhac042,original_package_used_relocated_from_source_folder_year,True,13276,13,False,False,False,True,False,False,True,True,False,False,True,False,True
ab66b0bf129580f9,RFS,2023,2023,Joining Forces: The Spillover Effects of EPA Enforcement Actions and the Role of Socially Responsible Investors,10.1093/rfs/hhad015,original_package_used,True,16680,25,False,False,True,True,True,False,False,True,False,False,True,True,False
c06d09ddc91adc64,RFS,2023,2023,Labor Force Demographics and Corporate Innovation,10.1093/rfs/hhac079,original_package_used,True,13639,20,False,False,False,True,False,True,True,True,False,False,True,False,True
cf3f4c9375159406,RFS,2023,2023,"Liquidity Constraints, Consumption, and Debt Repayment: Evidence from Macroprudential Policy in Turkey",10.1093/rfs/hhad024,original_package_used,True,17396,14,False,False,False,True,True,True,False,True,False,True,True,False,True
e24bc4c1cc9eb077,RFS,2023,2023,Macroprudential Policy with Liquidity Panics,10.1093/rfs/hhac071,original_package_used,True,14769,27,False,False,False,False,False,False,True,False,True,False,True,True,True
8351e31eff88ad1a,RFS,2023,2022,Making the House a Home: The Stimulative Effect of Home Purchases on Consumption and Investment,10.1093/rfs/hhac041,original_package_used_relocated_from_source_folder_year,True,11582,21,False,False,False,True,False,True,True,True,True,True,True,False,True
bc16b4b4385ef26e,RFS,2023,2023,Man versus Machine Learning: The Term Structure of Earnings Expectations and Conditional Biases,10.1093/rfs/hhac085,original_package_used,True,11875,23,False,False,False,True,False,True,True,True,False,False,True,True,True
71ed55442cc0cf54,RFS,2023,2023,Mandatory Financial Disclosure and M&A Activity,10.1093/rfs/hhad052,original_package_used,True,11883,25,False,False,False,True,True,True,False,True,True,True,True,True,True
0cf6845d75456a32,RFS,2023,2023,Measuring the Expected Effects of the Global Tax Reform,10.1093/rfs/hhad038,original_package_used,True,18906,15,False,False,False,True,True,True,False,True,False,False,True,False,True
00d48b045103737f,RFS,2023,2023,"Monetary Policy, Business Liquidity and Survival: Evidence from the Refinancing Channel",10.1093/rfs/hhad016,original_package_used,True,15000,11,False,False,False,True,False,True,False,True,False,True,True,False,True
422b05b9d074fc77,RFS,2023,2023,Money Market Disconnect,10.1093/rfs/hhad022,original_package_used,True,10293,14,False,False,False,True,False,False,False,True,True,False,True,False,True
0035c5299d5cf726,RFS,2023,2023,"More Risk, More Information: How Passive Ownership Can Improve Informational Efficiency",10.1093/rfs/hhad046,original_package_used,True,13166,39,False,False,False,False,False,False,True,False,True,False,True,True,True
229818e36ea644dc,RFS,2023,2023,Narrative Asset Pricing: Interpretable Systematic Risk Factors from News Text,10.1093/rfs/hhad042,original_package_used,True,9629,20,False,False,False,True,False,True,True,True,True,False,True,False,True
b168f9f7af0cccef,RFS,2023,2023,Neglected Peers in Merger Valuations,10.1093/rfs/hhad004,original_package_used,True,18327,39,False,False,True,True,True,False,False,True,True,True,True,True,True
1ccbcbd46a4ae0e6,RFS,2023,2023,Nowcasting Net Asset Values: The Case of Private Equity,10.1093/rfs/hhac045,original_package_used,True,15185,23,False,False,False,True,False,True,True,True,False,True,True,False,True
f467dfb3af545ba4,RFS,2023,2023,OTC Intermediaries,10.1093/rfs/hhac062,original_package_used,True,23080,28,False,False,False,True,False,False,True,True,True,True,True,True,True
591c81a5cce914f7,RFS,2023,2023,Option Return Predictability with Machine Learning and Big Data,10.1093/rfs/hhad017,original_package_used,True,19743,21,False,False,True,True,False,True,False,False,True,False,True,False,True
9d4ebf0f2271d22c,RFS,2023,2023,Persistent Crises and Levered Asset Prices,10.1093/rfs/hhac081,original_package_used,True,15715,37,False,False,False,True,False,True,True,True,False,False,True,True,True
a77d697ebe99c137,RFS,2023,2023,Precautionary Saving in a Financially Constrained Firm,10.1093/rfs/hhad007,original_package_used,True,13965,22,False,False,False,False,False,False,False,True,True,False,True,True,True
30a3afebbfeca494,RFS,2023,2023,Pricing Implications of Noise,10.1093/rfs/hhac082,original_package_used,True,12668,24,False,False,False,True,False,False,True,True,True,True,True,True,True
538e802e58eadb89,RFS,2023,2023,Private Renegotiations and Government Interventions in Credit Chains,10.1093/rfs/hhad045,original_package_used,True,17338,19,False,False,False,False,False,False,True,True,True,True,True,True,True
878bb98249de5207,RFS,2023,2023,Product Innovation and Credit Market Disruptions,10.1093/rfs/hhac064,original_package_used,True,15376,15,False,False,False,True,True,False,False,True,False,True,True,False,True
a5624541f1f7a820,RFS,2023,2022,Racial Disparities in the Auto Loan Market,10.1093/rfs/hhac029,original_package_used_relocated_from_source_folder_year,True,15137,19,False,False,False,True,True,True,True,True,True,True,True,False,True
a70555b628ec4499,RFS,2023,2023,Rating Agency Fees: Pay to Play in Public Finance?,10.1093/rfs/hhac073,original_package_used,True,13464,18,False,False,True,True,True,False,False,True,True,False,True,True,True
fb21341a1339119d,RFS,2023,2023,Real Effects of Search Frictions in Consumer Credit Markets,10.1093/rfs/hhac088,original_package_used,True,13705,13,False,False,False,True,False,True,True,True,False,False,True,False,True
e646f801e279bf61,RFS,2023,2023,Recommendations with Feedback,10.1093/rfs/hhac019,original_package_used,True,13905,24,False,False,False,False,False,False,True,False,False,True,True,True,True
58bcbedc43b93fac,RFS,2023,2023,Redemption in Kind and Mutual Fund Liquidity Management,10.1093/rfs/hhac080,original_package_used,True,14001,24,False,False,False,True,True,False,False,False,True,True,True,True,False
4246576809856ae8,RFS,2023,2023,Reference Points Spillovers: Micro-Level Evidence from Real Estate,10.1093/rfs/hhad037,original_package_used,True,13807,20,False,False,False,True,False,False,True,True,False,False,True,False,True
e5402610dfe180a2,RFS,2023,2023,Regulatory Intensity and Firm-Specific Exposure,10.1093/rfs/hhad001,original_package_used,True,12621,20,False,False,False,True,True,True,False,True,False,False,True,True,True
febac5bfc760c4e8,RFS,2023,2023,Regulatory Limits to Risk Management,10.1093/rfs/hhac083,original_package_used,True,17974,27,False,False,False,True,True,False,True,True,True,True,True,False,True
113f10392af8ed05,RFS,2023,2023,Remote Board Meetings and Board Monitoring Effectiveness: Evidence from China,10.1093/rfs/hhad026,original_package_used,True,14891,20,False,False,False,True,True,False,False,True,True,False,True,True,True
503715bb89e1d036,RFS,2023,2023,Risking or Derisking: How Management Fees Affect Hedge Fund Risk-Taking Choices,10.1093/rfs/hhac046,original_package_used,True,15487,22,False,False,True,True,False,True,True,True,True,False,True,True,True
60c253f227b15f9a,RFS,2023,2023,Roads and Loans,10.1093/rfs/hhac053,original_package_used,True,16073,20,False,False,False,True,False,True,False,True,True,True,True,False,True
70a2af09ef32a491,RFS,2023,2023,SPACs,10.1093/rfs/hhad019,original_package_used,True,15161,13,False,False,False,True,False,False,False,False,False,False,True,False,True
2bfbffbde7a2d0b0,RFS,2023,2023,Sea-Level Rise Exposure and Municipal Bond Yields,10.1093/rfs/hhad041,original_package_used,True,18642,14,False,False,False,True,True,True,True,True,False,False,True,False,True
770c5d9a00672ee4,RFS,2023,2023,Secret and Overt Information Acquisition in Financial Markets,10.1093/rfs/hhad018,original_package_used,True,19959,38,False,False,False,False,True,False,True,True,True,False,True,True,True
dd8272fe56a78e7f,RFS,2023,2023,Shocked by Bank Funding Shocks: Evidence from Consumer Credit Cards,10.1093/rfs/hhad039,original_package_used,True,15141,21,False,False,False,True,False,True,False,True,False,True,True,False,False
904c75146a7cd57a,RFS,2023,2023,Simultaneous Multilateral Search,10.1093/rfs/hhac009,original_package_used,True,16464,30,False,False,False,False,False,False,True,False,False,False,True,True,True
733dc3ab551724fe,RFS,2023,2023,Stock Market Stimulus,10.1093/rfs/hhad025,original_package_used,True,10362,19,False,False,False,False,False,False,False,True,False,False,True,False,True
f273d597d4a82745,RFS,2023,2023,"The Demand for Money, Near-Money, and Treasury Bonds",10.1093/rfs/hhac074,original_package_used,True,13177,26,False,False,False,True,False,True,True,True,True,False,True,False,True
cc6f546a581bf879,RFS,2023,2023,The Design of Macroprudential Stress Tests,10.1093/rfs/hhad040,original_package_used,True,16189,20,False,False,False,False,False,False,True,True,False,True,True,False,True
f52c7da54e95bb82,RFS,2023,2022,The Distribution of Nonwage Benefits: Maternity Benefits and Gender Diversity,10.1093/rfs/hhac039,original_package_used_relocated_from_source_folder_year,True,14822,20,False,False,False,True,False,False,False,True,True,True,True,True,True
9b83d4cdc839aff5,RFS,2023,2023,The Disutility of Stock Market Losses: Evidence From Domestic Violence,10.1093/rfs/hhac049,original_package_used,True,11627,20,False,False,True,True,False,True,False,True,True,False,True,False,True
7e7e542393fee732,RFS,2023,2023,The Dynamics of Disagreement,10.1093/rfs/hhac075,original_package_used,True,13151,16,False,False,True,True,False,False,True,True,False,True,True,False,True
8d78745c53f966ac,RFS,2023,2023,The Effect of Stock Liquidity on the Firm's Investment and Production,10.1093/rfs/hhac036,original_package_used,True,17385,15,False,False,False,True,False,True,False,True,True,False,True,True,False
3ee41ea40723bd05,RFS,2023,2023,The Effects of Capital Requirements on Good and Bad Risk-Taking,10.1093/rfs/hhac037,original_package_used,True,15816,23,False,False,True,False,False,False,True,True,True,True,True,False,True
1d1d7a98b5b61b7d,RFS,2023,2023,The Impact of Risk Cycles on Business Cycles: A Historical View,10.1093/rfs/hhac091,original_package_used,True,13898,19,False,False,False,True,False,True,True,True,True,False,True,True,True
673a4965bded0885,RFS,2023,2023,The Incidence of Student Loan Subsidies: Evidence from the PLUS Program,10.1093/rfs/hhac031,original_package_used,True,16381,28,False,False,False,True,False,True,True,True,True,False,True,True,True
e7afed93c54a7fd1,RFS,2023,2023,The Leading Premium,10.1093/rfs/hhad009,original_package_used,True,12161,16,False,False,False,False,False,False,True,True,True,False,True,True,False
a94d443b65fa699f,RFS,2023,2023,The Missing Homebuyers: Regional Heterogeneity and Credit Contractions,10.1093/rfs/hhac077,original_package_used,True,13882,26,False,False,False,True,False,False,True,True,True,True,True,False,True
34f242c03c4eb252,RFS,2023,2023,The Overnight Drift,10.1093/rfs/hhad020,original_package_used,True,12862,21,False,False,False,True,False,False,False,True,False,False,True,False,True
b8200782b59dac71,RFS,2023,2023,The Partisanship of Financial Regulators,10.1093/rfs/hhad029,original_package_used,True,14005,20,False,False,False,True,False,True,False,True,True,False,True,False,True
5e24164664e38b31,RFS,2023,2023,The Value of Differing Points of View: Evidence from Financial Analysts' Geographic Diversity,10.1093/rfs/hhac033,original_package_used,True,14703,17,False,False,False,True,False,False,False,True,True,False,True,False,True
146ae6604ec7cc91,RFS,2023,2023,Trade Credit and the Transmission of Unconventional Monetary Policy,10.1093/rfs/hhac040,original_package_used,True,13801,20,False,False,False,True,False,True,False,True,True,True,True,True,False
8ea7e432d42bdbf6,RFS,2023,2023,Trendy Business Cycles and Asset Prices,10.1093/rfs/hhac084,original_package_used,True,21189,36,False,False,False,True,False,True,True,True,True,True,True,True,True
9a0d6019a0448084,RFS,2023,2023,"Trust, Transparency, and Complexity",10.1093/rfs/hhad011,original_package_used,True,15775,33,False,False,False,False,False,False,True,True,True,False,True,True,True
21de1c74ea0fa55a,RFS,2023,2023,"Tuition, Debt, and Human Capital",10.1093/rfs/hhac065,original_package_used,True,12942,22,False,False,False,True,True,True,False,True,True,True,True,False,True
5314d5ca6ea72298,RFS,2023,2023,"Watch What They Do, Not What They Say: Estimating Regulatory Costs from Revealed Preferences",10.1093/rfs/hhac089,original_package_used,True,14378,36,False,False,False,True,True,True,True,True,True,True,True,True,True
efe1c694cc54beaf,RFS,2023,2023,Welfare Consequences of Sustainable Finance,10.1093/rfs/hhad048,original_package_used,True,16778,41,False,False,False,False,False,False,True,True,False,False,True,True,True
e2e04f8d8f60ab88,RFS,2023,2022,What Determines Consumer Financial Distress? Place- and Person-Based Factors,10.1093/rfs/hhac025,original_package_used_relocated_from_source_folder_year,True,9402,11,False,False,False,True,False,False,True,True,False,True,True,False,True
f0fbbe4b359a5868,RFS,2023,2023,What Drives Firms' Hiring Decisions? An Asset Pricing Perspective,10.1093/rfs/hhad012,original_package_used,True,13085,28,False,False,False,True,False,True,True,True,True,True,True,True,True
80522888acdf1d77,RFS,2023,2023,When Do Low-Frequency Measures Really Measure Effective Spreads? Evidence from Equity and Foreign Exchange Markets,10.1093/rfs/hhad028,original_package_used,True,15510,19,False,False,False,True,False,False,False,True,False,False,True,True,True
dab3e5e9f1034817,RFS,2023,2023,Why Do Boards Exist? Governance Design in the Absence of Corporate Law,10.1093/rfs/hhac072,original_package_used,True,16080,28,False,False,True,True,True,False,False,False,False,False,True,True,False
26f6c8a10917f290,RFS,2024,2024,A Comprehensive 2022 Look at the Empirical Performance of Equity Premium Prediction,10.1093/rfs/hhae044,original_package_used,True,20854,23,False,False,False,True,False,False,False,False,False,False,True,True,False
c292956cc2e390a8,RFS,2024,2024,A Dynamic Theory of Lending Standards,10.1093/rfs/hhae010,original_package_used,True,16573,45,False,False,False,False,False,False,True,True,True,False,True,True,False
30d0b0ef551b44e6,RFS,2024,2024,A Theory of the Term Structure of Interest Rates under Limited Household Risk Sharing,10.1093/rfs/hhae011,original_package_used,True,17560,26,False,False,False,True,False,False,True,True,True,True,True,True,True
093f7fe03a8480a5,RFS,2024,2024,Are Analyst “Top Picks” Informative?,10.1093/rfs/hhad099,original_package_used,True,14511,12,False,False,False,True,True,False,False,False,False,False,True,True,False
ab4a68d144826901,RFS,2024,2024,Are Bankruptcy Professional Fees Excessively High?,10.1093/rfs/hhae057,original_package_used,True,18382,38,False,False,False,True,True,True,True,True,True,False,True,True,True
e4ce7b3ba62f9ef3,RFS,2024,2024,Banking on Carbon: Corporate Lending and Cap-and-Trade Policy,10.1093/rfs/hhad085,original_package_used,True,14317,21,False,False,False,True,True,True,False,True,True,False,True,True,True
65efa834ac501e8d,RFS,2024,2023,Banks as Liquidity Multipliers,10.1093/rfs/hhad053,original_package_used_relocated_from_source_folder_year,True,15013,29,False,False,False,False,False,False,True,True,True,False,True,True,True
7e95876ac1204377,RFS,2024,2024,Blood Money: Selling Plasma to Avoid High-Interest Loans,10.1093/rfs/hhae018,original_package_used,True,14066,21,False,False,True,True,True,True,False,True,False,True,True,False,True
076b72df9a5567f7,RFS,2024,2023,Bond Price Fragility and the Structure of the Mutual Fund Industry,10.1093/rfs/hhad095,original_package_used_relocated_from_source_folder_year,True,14791,25,False,False,False,True,False,False,True,True,True,True,True,True,True
4192be0fcdedaaa5,RFS,2024,2023,Business Group Spillovers,10.1093/rfs/hhad057,original_package_used_relocated_from_source_folder_year,True,12892,19,False,False,False,True,True,True,False,True,True,True,True,False,True
65dc9b6e47712fa8,RFS,2024,2024,Climate Change and Adaptation in Global Supply-Chain Networks,10.1093/rfs/hhad093,original_package_used,True,14904,18,False,False,False,True,False,True,False,True,False,False,True,True,True
51cedaab7cdb1409,RFS,2024,2024,Committee-Based Blockchains as Games between Opportunistic Players and Adversaries,10.1093/rfs/hhad051,original_package_used,True,12895,15,False,False,True,False,False,False,True,False,False,False,True,True,True
b6a9deda22d1c896,RFS,2024,2024,Common Venture Capital Investors and Startup Growth,10.1093/rfs/hhad071,original_package_used,True,16200,26,False,False,True,True,True,False,False,True,True,True,True,False,True
d37e597c3bf09dba,RFS,2024,2024,"Computational Reproducibility in Finance: Evidence from 1,000 Tests",10.1093/rfs/hhae029,original_package_used,True,13378,21,False,False,False,True,False,False,False,True,False,False,True,False,True
8a1491e50502c4ff,RFS,2024,2024,Conflicts of Interest in Municipal Bond Advising and Underwriting,10.1093/rfs/hhae037,original_package_used,True,15943,14,False,False,False,True,False,False,False,True,True,True,True,False,True
9aaecfc1da7d526e,RFS,2024,2024,Corporate Climate Risk: Measurements and Responses,10.1093/rfs/hhad094,original_package_used,True,15170,40,False,False,True,True,False,False,False,True,True,False,True,True,True
167b50ef7cec631f,RFS,2024,2024,"Credit Cycles, Expectations, and Corporate Investment",10.1093/rfs/hhae047,original_package_used,True,20473,23,False,False,False,True,False,False,True,False,True,False,True,False,True
e5df84c1798d4b1d,RFS,2024,2024,"Credit Freezes, Equilibrium Multiplicity, and Optimal Bailouts in Financial Networks",10.1093/rfs/hhad096,original_package_used,True,19700,25,False,False,False,False,True,False,True,True,False,False,True,True,True
9deff0897028921e,RFS,2024,2024,Currency Risk Premiums Redux,10.1093/rfs/hhad049,original_package_used,True,18201,16,False,False,False,True,False,True,False,True,True,False,True,False,True
6baf8550cffae4e8,RFS,2024,2024,Desperate House Sellers: Distress among Developers,10.1093/rfs/hhad076,original_package_used,True,13521,18,False,False,False,True,False,True,False,True,True,True,True,False,True
01f4e8491f9512f4,RFS,2024,2024,Digital Payments and Consumption: Evidence from the 2016 Demonetization in India,10.1093/rfs/hhae005,original_package_used,True,12718,22,False,False,False,True,False,True,True,True,True,False,True,False,True
ae0fb1c4d95df395,RFS,2024,2024,Digitalization and Retirement Contribution Behavior: Evidence from Administrative Data,10.1093/rfs/hhae015,original_package_used,True,13993,22,False,False,False,True,True,True,True,True,False,True,True,False,True
0bc8216b1c8089ce,RFS,2024,2024,Disclosure of Bank-Specific Information and the Stability of Financial Systems,10.1093/rfs/hhad089,original_package_used,True,18386,49,False,False,False,False,False,False,True,True,True,True,True,True,True
58f98bd7e468cd7a,RFS,2024,2024,Diverse Hedge Funds,10.1093/rfs/hhad064,original_package_used,True,13612,15,False,False,False,True,False,True,False,True,True,True,True,False,True
e64925688a6c4626,RFS,2024,2023,Do Robots Increase Wealth Dispersion?,10.1093/rfs/hhad050,original_package_used_relocated_from_source_folder_year,True,13434,21,False,False,False,True,False,False,True,True,True,True,True,False,True
4ce3ac54b7781770,RFS,2024,2024,Dynamic Equilibrium with Costly Short-Selling and Lending Market,10.1093/rfs/hhad060,original_package_used,True,20713,22,False,False,False,False,False,False,True,False,False,False,True,True,True
fd5ee9e36f2a9c74,RFS,2024,2024,Equity Return Expectations and Portfolios: Evidence from Large Asset Managers,10.1093/rfs/hhae008,original_package_used,True,15427,27,False,False,False,True,False,False,True,True,False,True,True,True,False
7883f935aae44da4,RFS,2024,2024,Exchange Rate Dynamics and Monetary Spillovers with Imperfect Financial Markets,10.1093/rfs/hhad078,original_package_used,True,15259,25,False,False,False,False,False,False,True,True,True,True,True,True,True
9ff6c71cac3de629,RFS,2024,2024,Existence of the Wealth-Consumption Ratio in Asset Pricing Models with Recursive Preferences,10.1093/rfs/hhad069,original_package_used,True,13767,34,False,False,False,False,False,False,True,True,False,False,True,True,True
1f5d23004bcc4cc4,RFS,2024,2024,Financial Effects of Remote Product Delivery: Evidence from Hospitals,10.1093/rfs/hhae024,original_package_used,True,13668,18,False,False,False,True,True,True,True,True,True,False,True,False,True
744089fae3c0482c,RFS,2024,2024,Firm Networks and Asset Returns,10.1093/rfs/hhae032,original_package_used,True,12501,29,False,False,False,True,False,False,True,False,False,True,True,True,True
62d81866b8f94245,RFS,2024,2024,Flight to Safety: How Economic Downturns Affect Talent Flows to Startups,10.1093/rfs/hhad075,original_package_used,True,16238,24,False,False,False,True,False,True,False,True,True,False,True,False,True
7eb308788812352a,RFS,2024,2024,Gender Bias in Promotions: Evidence from Financial Institutions,10.1093/rfs/hhad079,original_package_used,True,16300,22,False,False,False,True,True,False,False,True,True,True,True,True,True
7fc5b0f494ac191c,RFS,2024,2024,Health Care Costs and Corporate Investment,10.1093/rfs/hhad088,original_package_used,True,14761,17,False,False,False,True,True,True,False,True,True,True,True,False,True
d738f91a7431d2c7,RFS,2024,2024,Heterogeneous Real Estate Agents and the Housing Cycle,10.1093/rfs/hhae048,original_package_used,True,20916,22,False,False,False,True,False,True,True,True,True,True,True,False,True
d6f2ea7df9093f08,RFS,2024,2024,Holding Period Effects in Dividend Strip Returns,10.1093/rfs/hhae002,original_package_used,True,9575,28,False,False,False,True,False,True,True,True,True,False,True,False,True
ee0f0f8ee4a78fcc,RFS,2024,2024,Horizon-Dependent Risk Aversion and the Timing and Pricing of Uncertainty,10.1093/rfs/hhae049,original_package_used,True,16829,41,False,False,False,True,False,False,True,False,False,False,True,True,True
8d40ae8b5e6fd357,RFS,2024,2024,Human Capital Portability and Careers in Finance,10.1093/rfs/hhae033,original_package_used,True,17953,23,False,False,False,True,False,True,True,True,True,True,True,False,True
a3e97bf6c87886cd,RFS,2024,2024,Institutional Brokerage Networks: Facilitating Liquidity Provision,10.1093/rfs/hhae026,original_package_used,True,12597,22,False,False,True,True,True,False,False,True,False,True,True,False,True
ef8b089902307868,RFS,2024,2024,Learning in Financial Markets: Implications for Debt-Equity Conflicts,10.1093/rfs/hhad083,original_package_used,True,19273,29,False,False,False,False,False,False,True,False,True,False,True,False,True
7a858005e3893b4d,RFS,2024,2024,Local Effects of Global Capital Flows: A China Shock in the U.S. Housing Market,10.1093/rfs/hhad067,original_package_used,True,13727,17,False,False,False,True,False,False,True,True,True,True,True,False,True
b4540752e4199173,RFS,2024,2024,Machine Learning for Continuous-Time Finance,10.1093/rfs/hhae043,original_package_used,True,15868,25,False,False,False,False,False,True,True,False,False,False,True,False,True
00fddf5434ff637b,RFS,2024,2024,"Macroprudential Policy, Mortgage Cycles, and Distributional Effects: Evidence from the United Kingdom",10.1093/rfs/hhad070,original_package_used,True,12711,11,False,False,False,True,True,True,False,True,False,False,True,False,True
38bc6becfe8fadce,RFS,2024,2024,Managing Mental Accounts: Payment Cards and Consumption Expenditures,10.1093/rfs/hhae013,original_package_used,True,15432,21,False,False,False,True,True,False,False,True,True,True,True,True,True
9f6fc5384429fab7,RFS,2024,2024,Market Discipline in the Direct Lending Space,10.1093/rfs/hhad081,original_package_used,True,26902,35,False,False,False,True,True,True,True,True,True,False,True,True,True
629dc43a4c614e0d,RFS,2024,2024,Noise in Expectations: Evidence from Analyst Forecasts,10.1093/rfs/hhad091,original_package_used,True,15453,21,False,False,False,True,False,True,True,True,False,False,True,True,True
3227ff9987c07fb8,RFS,2024,2024,Owner Incentives and Performance in Healthcare: Private Equity Investment in Nursing Homes,10.1093/rfs/hhad082,original_package_used,True,18500,18,False,False,False,True,True,True,False,True,False,True,True,False,True
6611a3fde1f0d522,RFS,2024,2024,"Pay, Stay, or Delay? How to Settle a Run",10.1093/rfs/hhad084,original_package_used,True,14290,10,False,False,False,False,False,False,False,False,False,False,True,True,True
c0f01fbc769ae158,RFS,2024,2024,Pay-As-You-Go Insurance: Experimental Evidence on Consumer Demand and Behavior,10.1093/rfs/hhad080,original_package_used,True,11229,15,False,False,False,True,True,False,False,True,False,True,True,False,True
8b7687795f3106ff,RFS,2024,2024,Place Your Bets? The Value of Investment Research on Reddit’s Wallstreetbets,10.1093/rfs/hhad098,original_package_used,True,18381,33,False,False,False,True,True,False,False,True,True,False,True,True,True
11a9371813552a12,RFS,2024,2024,Price elasticity of demand and risk-bearing capacity in sovereign bond auctions,10.1093/rfs/hhae027,original_package_used,True,13925,15,False,True,True,True,True,False,False,True,True,False,True,False,False
20e3aa00bee0f43e,RFS,2024,2024,Proxy Advisory Firms and Corporate Shareholder Engagement,10.1093/rfs/hhae045,original_package_used,True,17407,32,False,False,False,True,True,True,True,True,True,False,True,True,True
bb2f3490b52801eb,RFS,2024,2024,Scale or Yield? A Present-Value Identity,10.1093/rfs/hhad068,original_package_used,True,12986,22,False,False,False,True,False,False,True,False,False,False,True,True,True
a92d815bb8d722cc,RFS,2024,2024,Selective Default Expectations,10.1093/rfs/hhad087,original_package_used,True,13150,13,False,False,False,False,False,False,False,True,False,False,True,False,True
bd5ca5c7d74dec39,RFS,2024,2024,Seller Debt in Acquisitions of Private Firms: A Security Design Approach,10.1093/rfs/hhad063,original_package_used,True,15494,27,False,False,True,False,False,False,True,False,True,True,True,False,True
aaee3e9919d889db,RFS,2024,2024,Shareholder Monitoring through Voting: New Evidence from Proxy Contests,10.1093/rfs/hhad066,original_package_used,True,17605,24,False,False,False,True,True,False,False,True,False,True,True,False,True
e8127b978f2de4ba,RFS,2024,2024,Short Campaigns by Hedge Funds,10.1093/rfs/hhad092,original_package_used,True,11910,22,False,False,False,True,False,False,False,True,False,True,True,False,True
810829014e9dbc7a,RFS,2024,2024,Size Discount and Size Penalty: Trading Costs in Bond Markets,10.1093/rfs/hhae007,original_package_used,True,11901,19,False,False,False,True,True,False,True,True,True,True,True,False,True
1a956c3047ac6386,RFS,2024,2024,Stress Testing and Bank Lending,10.1093/rfs/hhad086,original_package_used,True,21072,41,False,False,False,False,False,False,True,True,True,False,True,True,True
ca6a4b45138b2ec1,RFS,2024,2024,"Student Loans, Access to Credit, and Consumer Credit Demand",10.1093/rfs/hhae046,original_package_used,True,15075,14,False,False,False,True,False,True,True,True,False,False,True,False,True
f6ed200d3d9fb2b3,RFS,2024,2024,"Syndicated Lending, Competition, and Relative Performance Evaluation",10.1093/rfs/hhae052,original_package_used,True,10244,21,False,False,False,False,True,False,False,True,True,False,True,True,False
15c6cf75cdcd0980,RFS,2024,2024,Systemic Risk and Monetary Policy: The Haircut Gap Channel of the Lender of Last Resort,10.1093/rfs/hhad100,original_package_used,True,16824,28,False,False,False,True,True,True,False,True,True,True,True,False,True
81e36bad6d3b4fb0,RFS,2024,2024,Tax Policy and Abnormal Investment Behavior,10.1093/rfs/hhae040,original_package_used,True,19009,27,False,False,False,True,True,False,True,True,False,False,True,True,True
1f75e133643aa1e7,RFS,2024,2024,Teams and Bankruptcy,10.1093/rfs/hhae017,original_package_used,True,17657,23,False,False,False,True,True,True,False,True,True,False,True,True,True
5231694b69b17ae2,RFS,2024,2024,The Bright Side of Political Uncertainty: The Case of R&D,10.1093/rfs/hhae023,original_package_used,True,12969,16,False,False,False,True,False,False,False,True,True,False,True,False,False
ca3455e357ffbf82,RFS,2024,2023,The Changing Economics of Knowledge Production,10.1093/rfs/hhad059,original_package_used_relocated_from_source_folder_year,True,11300,25,False,False,True,True,False,True,True,True,False,False,True,False,True
587e5c858faaad33,RFS,2024,2024,The Cost of Bank Regulatory Capital,10.1093/rfs/hhad077,original_package_used,True,15421,24,False,False,False,True,True,True,False,True,True,True,False,False,True
d0a31fefbf420ba5,RFS,2024,2024,The Dynamics of Loan Sales and Lender Incentives,10.1093/rfs/hhae021,original_package_used,True,21075,29,False,False,False,False,False,False,True,True,True,False,True,True,False
91bc58edae0f3f12,RFS,2024,2024,The Effect of Carbon Pricing on Firm Emissions: Evidence from the Swedish CO2 Tax,10.1093/rfs/hhad097,original_package_used,True,12583,17,False,False,False,True,False,True,False,True,False,True,True,False,True
088bcb8a439e0049,RFS,2024,2024,The Effect of Political Frictions on the Pricing and Supply of Insurance,10.1093/rfs/hhad073,original_package_used,True,14197,15,False,False,True,True,True,False,False,True,False,False,True,False,True
c982b5a56e029274,RFS,2024,2024,The Human Factor in Acquisitions: Cross-industry Labor Mobility and Corporate Diversification,10.1093/rfs/hhad056,original_package_used,True,16090,18,False,False,False,True,False,True,False,False,True,False,True,False,True
2e6f6549a49b966a,RFS,2024,2024,The Imitation Game: How Encouraging Renegotiation Makes Good Borrowers Bad,10.1093/rfs/hhae060,original_package_used,True,17320,21,False,False,False,True,True,True,True,True,True,False,True,False,False
b9b9b85254d5d40d,RFS,2024,2024,The Impact of Crisis-Period Interest Rate Declines on Distressed Borrowers,10.1093/rfs/hhae051,original_package_used,True,16408,17,False,False,False,True,True,True,False,True,True,False,True,False,True
7a3baf104f314fa5,RFS,2024,2023,The Impact of Restricting Labor Mobility on Corporate Investment and Entrepreneurship,10.1093/rfs/hhad054,original_package_used_relocated_from_source_folder_year,True,16051,20,False,False,False,True,True,True,False,True,False,True,True,True,False
f7cc2373d8b927b9,RFS,2024,2024,The Labor Market Effects of Loan Guarantee Programs,10.1093/rfs/hhae014,original_package_used,True,13976,30,False,False,False,True,True,True,True,True,True,True,True,False,True
212b673fda8107cf,RFS,2024,2023,The Psychological Externalities of Investing: Evidence from Stock Returns and Crime,10.1093/rfs/hhad090,original_package_used_relocated_from_source_folder_year,True,15519,25,False,False,False,True,False,False,True,True,True,False,True,False,True
99c27d1891e69cde,RFS,2024,2024,The Rise of Star Firms: Intangible Capital and Competition,10.1093/rfs/hhad065,original_package_used,True,20757,23,False,False,True,True,False,True,True,True,True,False,True,True,True
8b7104e00902a1d0,RFS,2024,2024,The Savings of Corporate Giants,10.1093/rfs/hhae030,original_package_used,True,8906,12,False,False,False,True,False,False,False,False,False,True,True,False,False
4726bb88b1df30f7,RFS,2024,2024,The Technical Default Spread,10.1093/rfs/hhae042,original_package_used,True,14362,22,False,False,False,True,False,False,True,True,True,True,True,True,True
fcdec860d71d523e,RFS,2024,2024,The Value of ETF Liquidity,10.1093/rfs/hhae041,original_package_used,True,17361,23,False,False,False,True,False,False,True,True,True,False,True,True,False
efc7d5c9260738c9,RFS,2024,2024,Unsmoothing Returns of Illiquid Funds,10.1093/rfs/hhae006,original_package_used,True,14269,21,False,False,False,True,False,True,True,True,False,False,True,True,True
e21d986e2ea152e5,RFS,2024,2024,Using Social Media to Identify the Effects of Congressional Viewpoints on Asset Prices,10.1093/rfs/hhae001,original_package_used,True,11776,17,False,False,False,True,False,True,False,True,True,False,True,False,True
b1f0c43a1589b62b,RFS,2024,2024,Valuing Financial Data,10.1093/rfs/hhae034,original_package_used,True,16217,42,False,False,False,True,False,True,True,True,True,False,True,True,True
6484214cd7114c92,RFS,2024,2024,War Discourse and Disaster Premium: 160 Years of Evidence from the Stock Market,10.1093/rfs/hhae081,original_package_used,True,15203,28,False,False,False,True,False,True,True,True,True,True,True,False,True
ecc95868a5b39328,RFS,2024,2023,What Private Equity Does Differently: Evidence from Life Insurance,10.1093/rfs/hhad055,original_package_used_relocated_from_source_folder_year,True,10397,19,False,False,False,True,False,False,False,True,False,False,True,False,True
117d2b18fdadd6ca,RFS,2024,2024,Which Subjective Expectations Explain Asset Prices?,10.1093/rfs/hhae009,original_package_used,True,18257,33,False,False,True,True,False,False,True,True,True,False,True,True,True
a76a1320d0cad717,RFS,2024,2024,Who Can Tell Which Banks Will Fail?,10.1093/rfs/hhae020,original_package_used,True,17822,20,False,False,True,True,True,False,False,True,True,True,True,False,True
e1ab28b5d675a741,RFS,2024,2023,"Who Mismanages Student Loans, and Why?",10.1093/rfs/hhad058,original_package_used_relocated_from_source_folder_year,True,14258,27,False,False,False,True,True,False,False,True,True,True,True,False,True
e4c6606991cfa926,RFS,2024,2024,Why Did Bank Stocks Crash during COVID-19?,10.1093/rfs/hhae028,original_package_used,True,16240,36,False,False,True,True,False,True,False,True,True,True,True,True,True
6296e29431697ccc,RFS,2025,2025,5-CAPM: The Classical CAPM with Probability Weighting and Skewed Assets,10.1093/rfs/hhaf045,original_package_used,True,14025,26,False,False,False,False,False,False,True,True,False,False,True,True,True
c59e276dcab830fb,RFS,2025,2025,"An Equilibrium Model of Imperfect Hedging: Transaction Costs, Heterogeneity in Risk Aversion, and Return Volatility",10.1093/rfs/hhaf023,original_package_used,True,15733,27,False,False,False,False,False,False,True,True,False,True,True,True,True
f7943bc907eda8ff,RFS,2025,2025,An Intermediation-Based Model of Exchange Rates,10.1093/rfs/hhaf037,original_package_used,True,14083,22,False,False,True,False,False,False,True,False,False,False,True,True,True
76a6386353a78be1,RFS,2025,2025,Anticipatory Trading Against Distressed Mega Hedge Funds,10.1093/rfs/hhaf082,original_package_used,True,16238,30,False,False,True,True,True,True,False,True,True,True,True,False,True
a6d0dbe0daa5f823,RFS,2025,2025,"Bail-Ins, Optimal Regulation, and Crisis Resolution",10.1093/rfs/hhaf002,original_package_used,True,12140,25,False,False,False,False,False,False,True,False,True,True,True,False,True
d1579e3b31868d08,RFS,2025,2025,Banking-Crisis Interventions across Time and Space,10.1093/rfs/hhaf071,original_package_used,True,8697,7,False,False,False,True,False,False,False,False,False,False,True,False,True
5a4f201cdda9ba9e,RFS,2025,2025,Bond Market Resiliency: The Role of Insurers,10.1093/rfs/hhaf097,original_package_used,True,16149,17,False,False,False,True,False,False,False,False,False,False,True,False,True
2f4f45caa120b9cb,RFS,2025,2025,Build or Buy? Human Capital and Corporate Diversification,10.1093/rfs/hhaf004,original_package_used,True,13469,17,False,False,False,True,False,False,False,True,False,False,True,False,True
bc35091f19728a09,RFS,2025,2025,Can Equity Option Returns Be Explained by a Factor Model? IPCA Says Yes,10.1093/rfs/hhae087,original_package_used,True,14225,21,False,False,True,True,False,False,True,False,False,False,True,True,True
4646b82a35b22e54,RFS,2025,2024,"Capital Investment, Equity Returns, and Aggregate Dynamics in Oligopolistic Production Economies",10.1093/rfs/hhae053,original_package_used_relocated_from_source_folder_year,True,15124,26,False,False,False,True,False,False,True,True,False,False,True,True,True
6ea7824461795517,RFS,2025,2025,Childhood Exposure to Misbehavior and the Culture of Financial Misconduct,10.1093/rfs/hhaf075,original_package_used,True,11006,15,False,False,False,True,False,False,False,True,False,False,True,False,True
7641911a795fbbf9,RFS,2025,2025,Collateral Effects: The Role of FinTech in Small Business Lending,10.1093/rfs/hhaf080,original_package_used,True,17535,20,False,False,False,True,False,False,False,True,True,True,True,False,True
f404998f5007fad8,RFS,2025,2025,Common Pricing of Decentralized Risk: A Linear Option Pricing Model,10.1093/rfs/hhaf016,original_package_used,True,17069,25,False,False,False,True,False,True,True,False,False,False,True,False,True
791e6f9440a904d1,RFS,2025,2025,Competition and Innovation Revisited: A Project-Level View,10.1093/rfs/hhae078,original_package_used,True,18221,30,False,False,True,True,True,True,False,True,True,False,True,True,True
1d3958fc4320e5c1,RFS,2025,2025,Confident Risk Premiums and Investments Using Machine Learning Uncertainties,10.1093/rfs/hhaf087,original_package_used,True,13215,18,False,False,False,True,False,True,True,True,False,False,True,False,True
f958122981bf2bef,RFS,2025,2025,Continuous-Time Fama-MacBeth Regressions,10.1093/rfs/hhaf072,original_package_used,True,12823,20,False,False,False,False,False,True,True,False,False,False,True,False,True
bb2639412b8732bd,RFS,2025,2025,"Convenience Yield, Inflation Expectations, and Public Debt Growth",10.1093/rfs/hhaf093,original_package_used,True,23393,52,False,False,True,True,False,True,True,True,True,True,True,True,False
ff7282ed33748b99,RFS,2025,2024,Corporate Loan Spreads and Economic Activity,10.1093/rfs/hhae084,original_package_used_relocated_from_source_folder_year,True,12764,18,False,False,False,True,True,True,False,True,True,True,True,False,False
8eaf92fe41234de0,RFS,2025,2025,Cross-Subsidization of Bad Credit in a Lending Crisis,10.1093/rfs/hhae074,original_package_used,True,12730,23,False,False,False,True,False,False,True,True,True,False,True,False,True
accc56c78861559d,RFS,2025,2025,Data-Driven Investors,10.1093/rfs/hhaf078,original_package_used,True,21088,26,False,False,True,True,True,True,False,True,True,False,True,False,True
fea7b39ea2c4ab44,RFS,2025,2024,Deconstructing the Yield Curve,10.1093/rfs/hhae077,original_package_used_relocated_from_source_folder_year,True,13680,15,False,False,False,True,False,True,True,True,True,False,True,True,True
6e9b841fd4c0186a,RFS,2025,2025,Digital Tokens and Platform Building,10.1093/rfs/hhaf015,original_package_used,True,17356,19,False,False,False,False,False,False,True,True,False,False,True,True,True
bc938b0b3dabcf06,RFS,2025,2025,Do Municipal Bond Investors Pay a Convenience Premium to Avoid Taxes?,10.1093/rfs/hhaf100,original_package_used,True,18551,35,False,False,True,True,False,True,True,True,True,False,True,False,True
a68406b67b5fbef5,RFS,2025,2025,Does Finance Benefit Society? A Language Embedding Approach,10.1093/rfs/hhaf012,original_package_used,True,12829,24,False,False,False,True,False,True,False,False,False,False,True,False,True
54638ec86cce4a30,RFS,2025,2024,Does Liquidity Management Induce Fragility in Treasury Prices? Evidence from Bond Mutual Funds,10.1093/rfs/hhae082,original_package_used_relocated_from_source_folder_year,True,17213,21,False,False,False,True,True,True,False,True,True,True,True,False,True
822b84583be239bd,RFS,2025,2025,Does Private Equity Ownership Make Firms Cleaner? The Role of Environmental Liability Risks,10.1093/rfs/hhaf035,original_package_used,True,14120,16,False,False,False,True,True,False,False,True,True,False,True,False,True
3e4c9f844418c1ac,RFS,2025,2024,Duration-Based Valuation of Corporate Bonds,10.1093/rfs/hhae054,original_package_used_relocated_from_source_folder_year,True,10231,12,False,False,False,True,False,False,True,True,False,False,True,False,True
8ac9f94607ee98f6,RFS,2025,2025,Dynamic Coordination and Bankruptcy Regulations,10.1093/rfs/hhaf039,original_package_used,True,18394,24,False,False,False,False,False,False,True,False,True,True,True,True,True
49d2e337cba89526,RFS,2025,2024,Dynamic Market Making with Asymmetric Information and Market Power,10.1093/rfs/hhae062,original_package_used_relocated_from_source_folder_year,True,15708,19,False,False,False,False,False,False,True,True,False,False,True,True,True
1ea087e1a6023be0,RFS,2025,2025,Earnings Extrapolation and Predictable Stock Market Returns,10.1093/rfs/hhaf020,original_package_used,True,19651,20,False,False,True,True,False,False,True,True,True,True,True,True,False
15e21e760a42c9f6,RFS,2025,2025,Educating Investors about Dividends,10.1093/rfs/hhaf074,original_package_used,True,16081,20,False,False,False,True,True,False,False,True,False,False,True,False,True
8bfa2e0d1f9e0a33,RFS,2025,2025,Effects of Credit Expansions on Stock Market Booms and Busts,10.1093/rfs/hhaf008,original_package_used,True,14532,24,False,False,False,True,True,True,True,True,False,False,True,False,True
0c9c39f011365e42,RFS,2025,2025,Fast and Slow Arbitrage: The Predictive Power of (Persistent) Capital Flows for Factor Returns,10.1093/rfs/hhaf036,original_package_used,True,18294,31,False,False,False,True,False,True,True,True,True,True,True,False,True
76af17f323e94806,RFS,2025,2025,"Finance, Advertising, and Race",10.1093/rfs/hhaf038,original_package_used,True,18194,32,False,False,False,True,True,True,True,True,False,True,True,False,True
5ecb66fc922d9e75,RFS,2025,2025,Financial Advisors and Investors’ Bias,10.1093/rfs/hhaf090,original_package_used,True,14253,23,False,False,False,True,True,False,False,True,True,False,True,False,True
19ed78cfab2e2ba1,RFS,2025,2025,Financing Infrastructure in the Shadow of Expropriation,10.1093/rfs/hhaf007,original_package_used,True,16804,32,False,False,False,False,False,False,True,True,True,False,True,True,True
6cee033ddd8d909a,RFS,2025,2024,Fractional Trading,10.1093/rfs/hhae012,original_package_used_relocated_from_source_folder_year,True,14875,15,False,False,False,True,False,False,False,True,True,False,True,True,False
42fcede2e4a574b7,RFS,2025,2025,Fragility of Safe Asset Markets,10.1093/rfs/hhaf064,original_package_used,True,18552,24,False,False,False,True,False,False,True,True,False,False,True,True,True
4ecd1a1696601dac,RFS,2025,2025,Gender Stereotypes and Entrepreneur Financing,10.1093/rfs/hhaf049,original_package_used,True,13431,19,False,False,False,True,False,False,False,True,False,True,True,False,True
90559d34daf94e20,RFS,2025,2024,Gold’s Value as an Investment,10.1093/rfs/hhae076,original_package_used_relocated_from_source_folder_year,True,10887,16,False,False,False,False,False,False,True,True,False,False,True,True,True
25fcb87e1c58b1f7,RFS,2025,2025,"Hedging, Contract Enforceability, and Competition",10.1093/rfs/hhaf025,original_package_used,True,18174,20,False,False,False,True,True,True,False,True,False,False,True,False,True
d1e48b364aa93783,RFS,2025,2025,Heterogeneous Oil Supply Elasticities: Indebtedness and Production Responses to the COVID-19 Shock,10.1093/rfs/hhaf099,original_package_used,True,23489,44,False,False,True,True,True,True,True,True,True,True,True,True,False
f97d6439b0bfa7c4,RFS,2025,2025,High-Yield Debt Covenants and Their Real Effects,10.1093/rfs/hhaf069,original_package_used,True,13503,18,False,False,False,True,True,True,False,True,True,True,True,False,True
9adaa9d0ad48721e,RFS,2025,2024,House Prices and Rents,10.1093/rfs/hhae065,original_package_used_relocated_from_source_folder_year,True,7035,13,False,False,False,True,True,False,True,True,False,False,True,True,True
feeb7cbf75ced624,RFS,2025,2025,How Does Removing the Tax Benefits of Debt Affect Firms? Evidence from the 2017 U.S. Tax Reform,10.1093/rfs/hhaf041,original_package_used,True,16348,26,False,False,True,True,True,True,False,True,True,False,True,False,True
ce0456c9bd6f7f2e,RFS,2025,2025,How to Dominate the Historical Average,10.1093/rfs/hhaf010,original_package_used,True,10857,22,False,False,False,True,False,True,False,True,True,False,True,False,True
9430c437713260c5,RFS,2025,2025,Identifying Price Informativeness,10.1093/rfs/hhaf051,original_package_used,True,13657,23,False,False,True,False,False,True,True,False,False,False,True,True,True
18b3541debb3611f,RFS,2025,2025,In Safe Hands: The Financial and Real Impact of Investor Composition over the Credit Cycle,10.1093/rfs/hhaf017,original_package_used,True,17203,20,False,False,False,False,True,True,False,True,False,True,True,False,False
66692c9fd761eb4b,RFS,2025,2025,Income Shifting out of the United States by Foreign Multinational Firms,10.1093/rfs/hhaf021,original_package_used,True,12809,19,False,False,False,True,False,True,False,True,True,True,True,True,True
843fb6cd1fb72ae3,RFS,2025,2024,Informed Voting,10.1093/rfs/hhae038,original_package_used_relocated_from_source_folder_year,True,14792,15,False,False,False,True,False,False,False,True,False,False,True,True,True
1f462edc9a152b2a,RFS,2025,2025,Investor Memory,10.1093/rfs/hhaf006,original_package_used,True,17655,54,False,False,False,False,True,False,False,True,True,True,True,True,True
81c10ab8a02aeb81,RFS,2025,2025,Investor Sentiment and the Pricing of Characteristics-Based Factors,10.1093/rfs/hhaf053,original_package_used,True,15735,18,False,False,False,True,False,False,False,True,True,True,True,False,True
60b307de3541ce9c,RFS,2025,2025,Is Capital Structure Irrelevant with ESG Investors?,10.1093/rfs/hhae059,original_package_used,True,8677,13,False,False,False,True,False,False,True,True,False,False,True,False,True
332377f165f2526b,RFS,2025,2025,Learning to Disclose: Disclosure Dynamics in the 1890s Streetcar Industry,10.1093/rfs/hhaf033,original_package_used,True,16772,20,False,False,False,True,True,True,True,True,True,False,True,True,False
f8d912b111d08e36,RFS,2025,2025,Liquidity Provision on Blockchain-Based Decentralized Exchanges,10.1093/rfs/hhaf046,original_package_used,True,15165,23,False,False,False,True,True,True,True,True,True,False,True,True,False
b299997d727cb476,RFS,2025,2024,"Long-Term Investors, Demand Shifts, and Yields",10.1093/rfs/hhae071,original_package_used_relocated_from_source_folder_year,True,16292,22,False,False,False,True,True,True,True,True,True,False,True,True,True
d1d8d0dcb86baf7a,RFS,2025,2025,"Macroprudential Regulation, Quantitative Easing, and Bank Lending",10.1093/rfs/hhae085,original_package_used,True,16958,18,False,False,True,True,True,False,False,True,True,True,True,False,True
ac660f4914b29c8f,RFS,2025,2025,Man versus Machine Learning Revisited,10.1093/rfs/hhaf066,original_package_used,True,7445,14,False,False,False,True,False,False,True,True,True,False,True,False,True
592bfc8dfe2922e0,RFS,2025,2025,Memory Moves Markets,10.1093/rfs/hhae086,original_package_used,True,14801,21,False,False,False,True,False,True,False,True,True,True,True,True,False
883724c43386422e,RFS,2025,2024,Missing Data in Asset Pricing Panels,10.1093/rfs/hhae003,original_package_used_relocated_from_source_folder_year,True,14027,18,False,False,False,True,True,False,True,False,True,False,True,False,True
297db570083b4cac,RFS,2025,2024,Missing Financial Data,10.1093/rfs/hhae036,original_package_used_relocated_from_source_folder_year,True,26113,40,False,False,False,True,False,True,True,True,True,False,True,True,True
18e02ff995288dcd,RFS,2025,2025,Monetary Policy through Production Networks: Evidence from the Stock Market,10.1093/rfs/hhaf106,original_package_used,True,18250,30,False,False,False,True,False,True,True,True,True,True,True,False,True
30a4acc495f94e54,RFS,2025,2024,Moving the Goalposts? Mutual Fund Benchmark Changes and Relative Performance Manipulation,10.1093/rfs/hhae069,original_package_used_relocated_from_source_folder_year,True,16804,28,False,False,False,True,True,True,False,True,True,True,True,True,True
df2921ca5864a45c,RFS,2025,2025,Near-Rational Equilibria in Heterogeneous-Agent Models: A Verification Method,10.1093/rfs/hhaf030,original_package_used,True,16339,28,False,False,False,False,True,True,True,True,False,True,True,True,True
50b9bd8da9fa4d4b,RFS,2025,2024,News Diffusion in Social Networks and Stock Market Reactions,10.1093/rfs/hhae025,original_package_used_relocated_from_source_folder_year,True,18696,28,False,False,False,True,True,False,True,True,True,False,True,True,True
725be21bd863ee1b,RFS,2025,2024,News and Asset Pricing: A High-Frequency Anatomy of the SDF,10.1093/rfs/hhae019,original_package_used_relocated_from_source_folder_year,True,17083,26,False,False,False,True,False,True,False,False,False,True,True,True,False
c9773c6e755a8760,RFS,2025,2025,Nonbank Lending and Credit Cyclicality,10.1093/rfs/hhaf024,original_package_used,True,14181,19,False,False,True,True,True,False,True,True,True,True,True,False,True
c8d0c6a9c1e89c68,RFS,2025,2025,Passive Investing and the Rise of Mega-Firms,10.1093/rfs/hhaf085,original_package_used,True,12434,13,False,False,False,True,False,False,True,True,False,False,True,False,True
07042340003ce095,RFS,2025,2025,Political Sentiment and Innovation: Evidence from Patenters,10.1093/rfs/hhaf029,original_package_used,True,12920,12,False,False,False,True,False,True,False,True,False,True,True,False,False
2f3dac7aa319daa8,RFS,2025,2025,Portfolio Regulation of Financial Institutions with Market Power,10.1093/rfs/hhaf095,original_package_used,True,18580,49,False,False,False,False,True,False,True,False,False,True,True,False,True
0eba4d42de5a5f93,RFS,2025,2025,Pretending Ignorance Is Bliss: Competing Insurers with Heterogeneous Informational Advantages,10.1093/rfs/hhae079,original_package_used,True,10338,18,False,False,True,False,False,False,True,False,True,True,True,False,True
b62572f04b0803fe,RFS,2025,2025,Proof-of-Work versus Proof-of-Stake: A Comparative Economic Analysis,10.1093/rfs/hhaf013,original_package_used,True,18315,34,False,False,False,False,False,False,True,True,False,False,True,True,True
267d0ea9045c188d,RFS,2025,2024,Real Consequences of Shocks to Intermediaries Supplying Corporate Hedging Instruments,10.1093/rfs/hhae066,original_package_used_relocated_from_source_folder_year,True,21027,26,False,False,False,True,True,True,False,True,True,True,True,False,True
da4e8b57ab905948,RFS,2025,2025,Real Effects of Centralized Markets: Evidence from Steel Futures,10.1093/rfs/hhaf011,original_package_used,True,14813,26,False,False,False,True,True,True,False,True,True,False,True,False,True
aecc882289ecc35a,RFS,2025,2025,"Return Predictability, Expectations, and Investment: Experimental Evidence",10.1093/rfs/hhae088,original_package_used,True,15344,22,False,False,False,True,False,False,True,True,True,True,True,False,True
a0c8973752dc3d48,RFS,2025,2025,Risk-Adjusted Returns of Private Equity Funds: A New Approach,10.1093/rfs/hhae067,original_package_used,True,16385,19,False,False,False,True,False,True,True,False,False,False,True,True,True
e31d832481ba950e,RFS,2025,2025,Shared Destinies? Small Banks and Small Businesses,10.1093/rfs/hhaf042,original_package_used,True,13603,17,False,False,False,True,False,True,False,True,False,False,True,False,True
b35b1f474c1ecc11,RFS,2025,2025,Short-Term Debt and Corporate Governance,10.1093/rfs/hhaf018,original_package_used,True,16291,27,False,False,True,False,False,False,True,True,True,False,True,True,True
1aa2537110c298f2,RFS,2025,2025,Short-Term Reversals and Longer-Term Momentum around the World: Theory and Evidence,10.1093/rfs/hhaf057,original_package_used,True,15972,34,False,False,False,True,True,False,True,True,False,False,True,True,False
0fee23bd86ebd251,RFS,2025,2024,Should the Government Be Paying Investment Fees on $3 Trillion of Tax-Deferred Retirement Assets?,10.1093/rfs/hhae070,original_package_used_relocated_from_source_folder_year,True,19338,35,False,False,False,False,False,False,True,True,True,False,True,True,False
ccaa95a39b4f9b45,RFS,2025,2025,Social Connectedness in Bank Lending,10.1093/rfs/hhaf014,original_package_used,True,16887,23,False,False,False,True,False,False,False,True,False,True,True,True,True
58e74e9eff5f7aef,RFS,2025,2024,Socially Responsible Finance: How to Optimize Impact,10.1093/rfs/hhae055,original_package_used_relocated_from_source_folder_year,True,16882,37,False,False,False,False,False,False,True,True,False,False,True,True,True
bbb5b3522e94f568,RFS,2025,2025,Societal Inequality and Bank Deposit Dynamics: Evidence from the Freedman’s Savings Bank,10.1093/rfs/hhaf065,original_package_used,True,12700,16,False,False,False,True,True,False,True,True,False,False,True,False,True
9ceabbd816d671ac,RFS,2025,2025,Speculating on Higher-Order Beliefs,10.1093/rfs/hhaf019,original_package_used,True,11124,21,False,False,False,True,False,False,True,True,False,False,True,False,True
3171d57fa8127fa4,RFS,2025,2025,Steering a Ship in Illiquid Waters: Active Management of Passive Funds,10.1093/rfs/hhaf034,original_package_used,True,19263,27,False,False,True,True,False,False,True,True,True,False,True,False,True
8625396d60684d55,RFS,2025,2025,Technological Obsolescence,10.1093/rfs/hhaf059,original_package_used,True,14400,20,False,False,False,True,False,True,False,True,True,True,True,True,False
015334c304379b1f,RFS,2025,2024,Technological Progress and Rent Seeking,10.1093/rfs/hhae031,original_package_used_relocated_from_source_folder_year,True,10780,14,False,False,False,False,False,False,True,False,False,False,True,False,True
abee70c6feb18f5b,RFS,2025,2024,The Brand Premium,10.1093/rfs/hhae056,original_package_used_relocated_from_source_folder_year,True,16467,19,False,False,False,True,False,True,False,True,False,True,True,False,True
894d0405fecd8ac9,RFS,2025,2025,The Effects of Going Public on Firm Profitability and Strategy,10.1093/rfs/hhaf026,original_package_used,True,16325,25,False,False,False,True,False,False,False,True,True,True,True,True,True
00e65c2ea54741fb,RFS,2025,2024,The Effects of Macroeconomic Shocks: Household Financial Distress Matters,10.1093/rfs/hhae058,original_package_used_relocated_from_source_folder_year,True,15776,24,False,False,False,True,False,True,True,True,False,True,True,False,True
25e08c95b5b6a9b1,RFS,2025,2025,The Elasticity of Quantitative Investment,10.1093/rfs/hhaf047,original_package_used,True,12350,28,False,False,False,True,False,True,True,True,True,False,True,True,True
55b9f4a213104a1c,RFS,2025,2025,The Fed and the Secular Decline in Interest Rates,10.1093/rfs/hhae089,original_package_used,True,13056,15,False,False,False,True,False,False,False,False,False,True,True,False,True
744d8eeaf52c61f3,RFS,2025,2025,The Financial Channel of the Exchange Rate and Global Trade,10.1093/rfs/hhaf040,original_package_used,True,10937,15,False,False,False,True,False,False,True,True,False,True,True,True,True
6af9539d5f7832fa,RFS,2025,2025,The Financial Consequences of Pretrial Detention,10.1093/rfs/hhaf009,original_package_used,True,15046,23,False,False,False,True,True,True,False,True,True,True,True,False,True
7e0bf6a7d2b0c3fd,RFS,2025,2025,The Gender Investment Gap over the Life Cycle,10.1093/rfs/hhae068,original_package_used,True,13590,27,False,False,False,True,False,True,True,True,True,True,True,False,True
ed1762333676159d,RFS,2025,2024,The Hedging Channel of Exchange Rate Determination,10.1093/rfs/hhae072,original_package_used_relocated_from_source_folder_year,True,12507,25,False,False,False,True,True,False,True,True,False,True,True,False,True
588b660906925589,RFS,2025,2025,The Impact of the Opioid Crisis on Firm Value and Investment,10.1093/rfs/hhae080,original_package_used,True,13277,26,False,False,False,True,False,True,False,True,True,True,True,True,True
62f8080fb9ed97b5,RFS,2025,2025,The Market Inside the Market: Odd-Lot Quotes,10.1093/rfs/hhad074,original_package_used,True,18868,17,False,False,False,True,False,False,True,True,False,False,True,False,True
8f150bab6f3a2cf7,RFS,2025,2025,The Persistence of Miscalibration,10.1093/rfs/hhaf070,original_package_used,True,11604,31,False,False,False,True,False,False,True,True,True,False,True,True,True
083975851b813e5a,RFS,2025,2025,The Role of Intermediaries in Selection Markets: Evidence from Mortgage Lending,10.1093/rfs/hhae075,original_package_used,True,15111,24,False,False,False,True,True,True,True,True,True,True,True,True,True
1724883127590dd2,RFS,2025,2025,The Role of Taxes in the Rise of ETFs,10.1093/rfs/hhaf044,original_package_used,True,17430,28,False,False,False,True,False,False,False,True,False,True,True,False,True
91067bc6077c129b,RFS,2025,2025,The Shadow Cost of Collateral,10.1093/rfs/hhae073,original_package_used,True,15143,20,False,False,False,True,True,True,True,True,True,True,True,False,True
0107bd59ecd0a08f,RFS,2025,2025,Treasury Reuse and the Demand for Safe Assets,10.1093/rfs/hhaf094,original_package_used,True,14141,16,False,False,False,True,True,True,True,False,True,False,True,True,True
d78d9415bcd8dbeb,RFS,2025,2025,"Uncertainty, Contracting, and Beliefs in Organizations",10.1093/rfs/hhaf005,original_package_used,True,15057,22,False,False,False,False,False,False,True,False,True,False,True,True,True
186961e901d591ff,RFS,2025,2025,"Uncertainty, Risk, and Capital Growth",10.1093/rfs/hhaf088,original_package_used,True,14004,26,False,False,False,True,False,True,True,True,False,True,True,False,True
72884361056e6285,RFS,2025,2025,Unmasking Mutual Fund Derivative Use,10.1093/rfs/hhaf001,original_package_used,True,16020,16,False,False,False,True,False,False,False,False,False,False,True,False,True
b9136f5e23ad6bd2,RFS,2025,2025,Weak Identification of Long Memory with Implications for Volatility Modeling,10.1093/rfs/hhaf022,original_package_used,True,9078,13,False,False,False,False,False,True,True,False,True,False,True,True,True
bde44149e1c389bd,RFS,2025,2025,When Discounted Rates End: The Costs of Taking Action in the Mortgage Market,10.1093/rfs/hhaf098,original_package_used,True,18032,26,False,False,False,True,True,False,True,True,True,False,True,False,True
8ff00919ffa1ecfe,RFS,2025,2025,When Financial Advice Leads to Positive Performance: Evidence from Repeated Client–Advisor Interactions,10.1093/rfs/hhaf056,original_package_used,True,14570,19,False,False,False,True,True,False,False,True,True,False,True,False,True
7f26a2304469680c,RFS,2025,2025,Who Holds Sovereign Debt and Why It Matters,10.1093/rfs/hhaf031,original_package_used,True,13946,17,False,False,False,True,False,True,True,True,True,False,True,False,True
e61ff0edfe23cc2f,RFS,2025,2025,Why Do Investors Like Short-leg Securities? Evidence from a Textual Analysis of Buy Recommendations,10.1093/rfs/hhaf068,original_package_used,True,14253,25,False,False,True,True,False,False,True,True,True,False,True,False,True
d34b6f0a6fc9d236,RFS,2025,2025,Why Do Traditional and Shadow Banks Coexist?,10.1093/rfs/hhaf086,original_package_used,True,12501,37,False,False,False,False,True,False,True,True,True,False,True,True,True
